{
  "metadata": {
    "rows": 13,
    "cols": 12,
    "timestamp": 1763066747.0425253,
    "version": "1.0",
    "winner": "square",
    "final_scores": {
      "circle": 20.0,
      "square": 80.0
    },
    "game_duration": 90.45952773094177
  },
  "states": [
    ".......................................aaaaaa......aaaaaa..........................................AAAAAA......BAAAAA.......................................",
    ".......................................aaaaaa......acaaaa..........................................AAAAAA......BAAAAA.......................................",
    ".......................................aaaaaa......acaaaa...........................................AAAAA...A..BAAAAA.......................................",
    ".......................................aaaaaa......a.aaaa...........................................AAAAA...A.aBAAAAA.......................................",
    ".......................................aaaaaa......a.aaaa...........................................AAAAA...C.aBAAAAA.......................................",
    ".......................................aaaaaa......a.aaaa...........................................AAAAA...C..BAAAAA.....a.................................",
    ".......................................aaaaaa......a.aaaa...A.......................................AAAAA...C..B.AAAA.....a.................................",
    ".......................................aaaaaa......a.aaca...A.......................................AAAAA...C..B.AAAA.....a.................................",
    ".......................................aaaaaa......a.aaca...A.......................................AAAAA...C..B.AAA.A....a.................................",
    ".......................................aaaa.a......a.aaca...A..............................a........AAAAA...C..B.AAA.A....a.................................",
    ".......................................aaaa.a......a.aaca...A..............................a........AAAAAA..C..B.AAA......a.................................",
    ".......................................aaaa.a......a.aa.a...A.............................aa........AAAAAA..C..B.AAA......a.................................",
    ".......................................aaaa.a......a.aa.a...A.............................aa........AAAACA..C..B.AAA......a.................................",
    ".......................................caaa.a......a.aa.a...A.............................aa........AAAACA..C..B.AAA......a.................................",
    ".......................................caaa.a......a.aa.a...A.......A.....................aa........AAA.CA..C..B.AAA......a.................................",
    ".......................................caaa.a......a.aa.a...A.......A.....................aa........AAA.CA..C..B.AAA.......a................................",
    ".......................................caaa.a......a.aa.a...A......A......................aa........AAA.CA..C..B.AAA.......a................................",
    ".......................................caaa.a......a.aa.a...A......A......................aa........AAA.CA..C..B.AAA........a...............................",
    ".......................................caaa.a......a.aaAa...A.............................aa........AAA.CA..C..B.AAA........a...............................",
    ".......................................caaa.a........aaAa...A.............................aa........AAA.CA..C..BaAAA........a...............................",
    ".......................................caaaAa........aa.a...A.............................aa........AAA.CA..C..BaAAA........a...............................",
    ".......................................caaaAa........aa.a...A.............................aa........AAA.CA..C..BaAAA........b...............................",
    "...............................A.......caaa.a........aa.a...A.............................aa........AAA.CA..C..BaAAA........b...............................",
    "...............................A.......caaa.a........aa.a...A.............................aa........AAA.CA..C..B.AAA........b.a.............................",
    "...............................A.......caaa.a........aa.a....A............................aa........AAA.CA..C..B.AAA........b.a.............................",
    "...............................A.......caaa.a........aa.a....A............................a.........AAAaCA..C..B.AAA........b.a.............................",
    "...............................A.......caaa.a....A...aa.a.................................a.........AAAaCA..C..B.AAA........b.a.............................",
    "...............................A.......caaa.a....A...aa.a.................................a.........AAA.CA..C..B.AAA........b.a.a...........................",
    "...............................A.....A.caaa.a........aa.a.................................a.........AAA.CA..C..B.AAA........b.a.a...........................",
    "...............................A.....A.caaa.a........aa.a.................................a.........AAA.CA..C..B.AAA........b.aa............................",
    "...............................A......Acaaa.a........aa.a.................................a.........AAA.CA..C..B.AAA........b.aa............................",
    "...............................A......Acaaa.c........aa.a.................................a.........AAA.CA..C..B.AAA........b.aa............................",
    "...........................A...A.......caaa.c........aa.a.................................a.........AAA.CA..C..B.AAA........b.aa............................",
    "...........................A...A.......caaa.c........aa...................................a.........AAA.CA..C..B.AAA........b.aaa...........................",
    "............................A..A.......caaa.c........aa...................................a.........AAA.CA..C..B.AAA........b.aaa...........................",
    "............................A..A.......caaa.c........aa...................................a.........AAA.CA..C..B.AAA........baa.a...........................",
    "....................A.......A..A.......caaa.c........aa...................................a.........AAA.C...C..B.AAA........baa.a...........................",
    "....................A.......A..A.......caaa.c........aa...................................a.........AAA.C...C..B.AAA........baaa............................",
    "...................A........A..A.......caaa.c........aa...................................a.........AAA.C...C..B.AAA........baaa............................",
    "...................A........A..A.......caaa.c........aa...................................a.........AAA.C...C..B.AAA........aaaa............................"
  ],
  "moves": [
    {
      "player": "circle",
      "move": {
        "action": "flip",
        "from": [
          3,
          9
        ],
        "to": [
          0,
          0
        ],
        "orientation": "horizontal"
      },
      "state_index": 0,
      "timestamp": 1763066796.8098493
    },
    {
      "player": "square",
      "move": {
        "action": "flip",
        "from": [
          4,
          4
        ],
        "to": [
          4,
          4
        ],
        "orientation": "vertical"
      },
      "state_index": 1,
      "timestamp": 1763066797.59552
    },
    {
      "player": "circle",
      "move": {
        "action": "move",
        "from": [
          3,
          8
        ],
        "to": [
          0,
          9
        ]
      },
      "state_index": 2,
      "timestamp": 1763066798.3238108
    },
    {
      "player": "square",
      "move": {
        "action": "push",
        "from": [
          4,
          4
        ],
        "to": [
          3,
          4
        ],
        "pushed_to": [
          2,
          9
        ]
      },
      "state_index": 3,
      "timestamp": 1763066799.2780776
    },
    {
      "player": "circle",
      "move": {
        "action": "flip",
        "from": [
          0,
          9
        ],
        "to": [
          0,
          0
        ],
        "orientation": "vertical"
      },
      "state_index": 4,
      "timestamp": 1763066799.8387094
    },
    {
      "player": "square",
      "move": {
        "action": "move",
        "from": [
          2,
          9
        ],
        "to": [
          2,
          10
        ]
      },
      "state_index": 5,
      "timestamp": 1763066800.912648
    },
    {
      "player": "circle",
      "move": {
        "action": "move",
        "from": [
          4,
          9
        ],
        "to": [
          0,
          5
        ]
      },
      "state_index": 6,
      "timestamp": 1763066801.3522294
    },
    {
      "player": "square",
      "move": {
        "action": "flip",
        "from": [
          7,
          4
        ],
        "to": [
          7,
          4
        ],
        "orientation": "vertical"
      },
      "state_index": 7,
      "timestamp": 1763066801.6358118
    },
    {
      "player": "circle",
      "move": {
        "action": "move",
        "from": [
          8,
          9
        ],
        "to": [
          9,
          9
        ]
      },
      "state_index": 8,
      "timestamp": 1763066802.1903217
    },
    {
      "player": "square",
      "move": {
        "action": "move",
        "from": [
          7,
          3
        ],
        "to": [
          7,
          7
        ]
      },
      "state_index": 9,
      "timestamp": 1763066803.2614684
    },
    {
      "player": "circle",
      "move": {
        "action": "move",
        "from": [
          9,
          9
        ],
        "to": [
          9,
          8
        ]
      },
      "state_index": 10,
      "timestamp": 1763066805.127786
    },
    {
      "player": "square",
      "move": {
        "action": "push",
        "from": [
          7,
          4
        ],
        "to": [
          6,
          4
        ],
        "pushed_to": [
          6,
          7
        ]
      },
      "state_index": 11,
      "timestamp": 1763066805.9131458
    },
    {
      "player": "circle",
      "move": {
        "action": "flip",
        "from": [
          8,
          8
        ],
        "to": [
          0,
          0
        ],
        "orientation": "vertical"
      },
      "state_index": 12,
      "timestamp": 1763066806.963803
    },
    {
      "player": "square",
      "move": {
        "action": "flip",
        "from": [
          3,
          3
        ],
        "to": [
          3,
          3
        ],
        "orientation": "vertical"
      },
      "state_index": 13,
      "timestamp": 1763066807.644163
    },
    {
      "player": "circle",
      "move": {
        "action": "move",
        "from": [
          7,
          8
        ],
        "to": [
          8,
          5
        ]
      },
      "state_index": 14,
      "timestamp": 1763066808.759541
    },
    {
      "player": "square",
      "move": {
        "action": "move",
        "from": [
          2,
          10
        ],
        "to": [
          3,
          10
        ]
      },
      "state_index": 15,
      "timestamp": 1763066809.4300792
    },
    {
      "player": "circle",
      "move": {
        "action": "move",
        "from": [
          8,
          5
        ],
        "to": [
          7,
          5
        ]
      },
      "state_index": 16,
      "timestamp": 1763066810.4322503
    },
    {
      "player": "square",
      "move": {
        "action": "move",
        "from": [
          3,
          10
        ],
        "to": [
          4,
          10
        ]
      },
      "state_index": 17,
      "timestamp": 1763066811.2742414
    },
    {
      "player": "circle",
      "move": {
        "action": "move",
        "from": [
          7,
          5
        ],
        "to": [
          7,
          4
        ]
      },
      "state_index": 18,
      "timestamp": 1763066812.1310868
    },
    {
      "player": "square",
      "move": {
        "action": "move",
        "from": [
          3,
          4
        ],
        "to": [
          4,
          9
        ]
      },
      "state_index": 19,
      "timestamp": 1763066812.9999015
    },
    {
      "player": "circle",
      "move": {
        "action": "move",
        "from": [
          7,
          4
        ],
        "to": [
          7,
          3
        ]
      },
      "state_index": 20,
      "timestamp": 1763066813.9132545
    },
    {
      "player": "square",
      "move": {
        "action": "flip",
        "from": [
          4,
          10
        ],
        "to": [
          4,
          10
        ],
        "orientation": "horizontal"
      },
      "state_index": 21,
      "timestamp": 1763066814.8056228
    },
    {
      "player": "circle",
      "move": {
        "action": "move",
        "from": [
          7,
          3
        ],
        "to": [
          7,
          2
        ]
      },
      "state_index": 22,
      "timestamp": 1763066815.683219
    },
    {
      "player": "square",
      "move": {
        "action": "move",
        "from": [
          4,
          9
        ],
        "to": [
          6,
          10
        ]
      },
      "state_index": 23,
      "timestamp": 1763066816.6233253
    },
    {
      "player": "circle",
      "move": {
        "action": "move",
        "from": [
          0,
          5
        ],
        "to": [
          1,
          5
        ]
      },
      "state_index": 24,
      "timestamp": 1763066817.3885994
    },
    {
      "player": "square",
      "move": {
        "action": "move",
        "from": [
          7,
          7
        ],
        "to": [
          7,
          8
        ]
      },
      "state_index": 25,
      "timestamp": 1763066818.4758642
    },
    {
      "player": "circle",
      "move": {
        "action": "move",
        "from": [
          1,
          5
        ],
        "to": [
          1,
          4
        ]
      },
      "state_index": 26,
      "timestamp": 1763066819.1830518
    },
    {
      "player": "square",
      "move": {
        "action": "move",
        "from": [
          7,
          8
        ],
        "to": [
          8,
          10
        ]
      },
      "state_index": 27,
      "timestamp": 1763066820.164288
    },
    {
      "player": "circle",
      "move": {
        "action": "move",
        "from": [
          1,
          4
        ],
        "to": [
          1,
          3
        ]
      },
      "state_index": 28,
      "timestamp": 1763066821.0425246
    },
    {
      "player": "square",
      "move": {
        "action": "move",
        "from": [
          8,
          10
        ],
        "to": [
          7,
          10
        ]
      },
      "state_index": 29,
      "timestamp": 1763066821.8887596
    },
    {
      "player": "circle",
      "move": {
        "action": "move",
        "from": [
          1,
          3
        ],
        "to": [
          2,
          3
        ]
      },
      "state_index": 30,
      "timestamp": 1763066822.8368087
    },
    {
      "player": "square",
      "move": {
        "action": "flip",
        "from": [
          8,
          3
        ],
        "to": [
          8,
          3
        ],
        "orientation": "vertical"
      },
      "state_index": 31,
      "timestamp": 1763066824.3744082
    },
    {
      "player": "circle",
      "move": {
        "action": "move",
        "from": [
          2,
          3
        ],
        "to": [
          3,
          2
        ]
      },
      "state_index": 32,
      "timestamp": 1763066825.7471457
    },
    {
      "player": "square",
      "move": {
        "action": "move",
        "from": [
          8,
          4
        ],
        "to": [
          8,
          10
        ]
      },
      "state_index": 33,
      "timestamp": 1763066826.4107077
    },
    {
      "player": "circle",
      "move": {
        "action": "move",
        "from": [
          3,
          2
        ],
        "to": [
          4,
          2
        ]
      },
      "state_index": 34,
      "timestamp": 1763066827.4369156
    },
    {
      "player": "square",
      "move": {
        "action": "push",
        "from": [
          7,
          10
        ],
        "to": [
          6,
          10
        ],
        "pushed_to": [
          5,
          10
        ]
      },
      "state_index": 35,
      "timestamp": 1763066828.117582
    },
    {
      "player": "circle",
      "move": {
        "action": "move",
        "from": [
          9,
          8
        ],
        "to": [
          8,
          1
        ]
      },
      "state_index": 36,
      "timestamp": 1763066829.432037
    },
    {
      "player": "square",
      "move": {
        "action": "move",
        "from": [
          8,
          10
        ],
        "to": [
          7,
          10
        ]
      },
      "state_index": 37,
      "timestamp": 1763066829.9471035
    },
    {
      "player": "circle",
      "move": {
        "action": "move",
        "from": [
          8,
          1
        ],
        "to": [
          7,
          1
        ]
      },
      "state_index": 38,
      "timestamp": 1763066836.555207
    },
    {
      "player": "square",
      "move": {
        "action": "flip",
        "from": [
          4,
          10
        ],
        "to": [
          4,
          10
        ],
        "orientation": null
      },
      "state_index": 39,
      "timestamp": 1763066837.5018184
    }
  ]
}