{
  "metadata": {
    "rows": 13,
    "cols": 12,
    "timestamp": 1763067427.8120394,
    "version": "1.0",
    "winner": "square",
    "final_scores": {
      "circle": 20.0,
      "square": 80.0
    },
    "game_duration": 54.83787202835083
  },
  "states": [
    ".......................................aaaaaa......aaaaaa..........................................AAAAAA......BAAAAA.......................................",
    ".......................................aaaaaa......acaaaa..........................................AAAAAA......BAAAAA.......................................",
    ".......................................aaaaaa......acaaaa...........................................AAAAA...A..BAAAAA.......................................",
    ".......................................aaaaaa......a.aaaa...........................................AAAAA...A.aBAAAAA.......................................",
    ".......................................aaaaaa......a.aaaa...........................................AAAAA...C.aBAAAAA.......................................",
    ".......................................aaaaaa......a.aaaa...........................................AAAAA...C..BAAAAA.....a.................................",
    ".......................................aaaaaa......a.aaaa...A.......................................AAAAA...C..B.AAAA.....a.................................",
    ".......................................aaaaaa......a.aaca...A.......................................AAAAA...C..B.AAAA.....a.................................",
    ".......................................aaaaaa......a.aaca...A.......................................AAAAA...C..B.AAA.A....a.................................",
    ".......................................aaaa.a......a.aaca...A..............................a........AAAAA...C..B.AAA.A....a.................................",
    ".......................................aaaa.a......a.aaca...A..............................a........AAAAAA..C..B.AAA......a.................................",
    ".......................................aaaa.a......a.aa.a...A.............................aa........AAAAAA..C..B.AAA......a.................................",
    ".......................................aaaa.a......a.aa.a...A.............................aa........AAAACA..C..B.AAA......a.................................",
    ".......................................caaa.a......a.aa.a...A.............................aa........AAAACA..C..B.AAA......a.................................",
    ".......................................caaa.a......a.aa.a...A.......A.....................aa........AAA.CA..C..B.AAA......a.................................",
    ".......................................caaa.a......a.aa.a...A.......A.....................aa........AAA.CA..C..B.AAA.......a................................",
    ".......................................caaa.a......a.aa.a...A......A......................aa........AAA.CA..C..B.AAA.......a................................",
    ".......................................caaa.a......a.aa.a...A......A......................aa........AAA.CA..C..B.AAA........a...............................",
    ".......................................caaa.a......a.aaAa...A.............................aa........AAA.CA..C..B.AAA........a...............................",
    ".......................................caaa.a........aaAa...A.............................aa........AAA.CA..C..BaAAA........a...............................",
    ".......................................caaaAa........aa.a...A.............................aa........AAA.CA..C..BaAAA........a...............................",
    ".......................................caaaAa........aa.a...A.............................aa........AAA.CA..C..BaAAA........b...............................",
    "...............................A.......caaa.a........aa.a...A.............................aa........AAA.CA..C..BaAAA........b...............................",
    "...............................A.......caaa.a........aa.a...A.............................aa........AAA.CA..C..B.AAA........b.a.............................",
    "...............................A.......caaa.a........aa.a....A............................aa........AAA.CA..C..B.AAA........b.a.............................",
    "...............................A.......caaa.a........aa.a....A............................a.........AAAaCA..C..B.AAA........b.a.............................",
    "...............................A.......caaa.a....A...aa.a.................................a.........AAAaCA..C..B.AAA........b.a.............................",
    "...............................A.......caaa.a....A...aa.a.................................a.........AAA.CA..C..B.AAA........b.a.a...........................",
    "...............................A.....A.caaa.a........aa.a.................................a.........AAA.CA..C..B.AAA........b.a.a...........................",
    "...............................A.....A.caaa.a........aa.a.................................a.........AAA.CA..C..B.AAA........b.aa............................",
    "...............................A......Acaaa.a........aa.a.................................a.........AAA.CA..C..B.AAA........b.aa............................",
    "...............................A......Acaaa.c........aa.a.................................a.........AAA.CA..C..B.AAA........b.aa............................",
    "...........................A...A.......caaa.c........aa.a.................................a.........AAA.CA..C..B.AAA........b.aa............................",
    "...........................A...A.......caaa.c........aa...................................a.........AAA.CA..C..B.AAA........b.aaa...........................",
    "............................A..A.......caaa.c........aa...................................a.........AAA.CA..C..B.AAA........b.aaa...........................",
    "............................A..A.......caaa.c........aa...................................a.........AAA.CA..C..B.AAA........baa.a...........................",
    "....................A.......A..A.......caaa.c........aa...................................a.........AAA.C...C..B.AAA........baa.a...........................",
    "....................A.......A..A.......caaa.c........aa...................................a.........AAA.C...C..B.AAA........baaa............................",
    "...................A........A..A.......caaa.c........aa...................................a.........AAA.C...C..B.AAA........baaa............................",
    "...................A........A..A.......caaa.c........aa...................................a.........AAA.C...C..B.AAA........aaaa............................"
  ],
  "moves": [
    {
      "player": "circle",
      "move": {
        "action": "flip",
        "from": [
          3,
          9
        ],
        "to": [
          0,
          0
        ],
        "orientation": "horizontal"
      },
      "state_index": 0,
      "timestamp": 1763067444.0780258
    },
    {
      "player": "square",
      "move": {
        "action": "flip",
        "from": [
          4,
          4
        ],
        "to": [
          4,
          4
        ],
        "orientation": "vertical"
      },
      "state_index": 1,
      "timestamp": 1763067444.9046085
    },
    {
      "player": "circle",
      "move": {
        "action": "move",
        "from": [
          3,
          8
        ],
        "to": [
          0,
          9
        ]
      },
      "state_index": 2,
      "timestamp": 1763067445.5883155
    },
    {
      "player": "square",
      "move": {
        "action": "push",
        "from": [
          4,
          4
        ],
        "to": [
          3,
          4
        ],
        "pushed_to": [
          2,
          9
        ]
      },
      "state_index": 3,
      "timestamp": 1763067446.5999708
    },
    {
      "player": "circle",
      "move": {
        "action": "flip",
        "from": [
          0,
          9
        ],
        "to": [
          0,
          0
        ],
        "orientation": "vertical"
      },
      "state_index": 4,
      "timestamp": 1763067447.0986722
    },
    {
      "player": "square",
      "move": {
        "action": "move",
        "from": [
          2,
          9
        ],
        "to": [
          2,
          10
        ]
      },
      "state_index": 5,
      "timestamp": 1763067447.1844838
    },
    {
      "player": "circle",
      "move": {
        "action": "move",
        "from": [
          4,
          9
        ],
        "to": [
          0,
          5
        ]
      },
      "state_index": 6,
      "timestamp": 1763067447.6067498
    },
    {
      "player": "square",
      "move": {
        "action": "flip",
        "from": [
          7,
          4
        ],
        "to": [
          7,
          4
        ],
        "orientation": "vertical"
      },
      "state_index": 7,
      "timestamp": 1763067447.866778
    },
    {
      "player": "circle",
      "move": {
        "action": "move",
        "from": [
          8,
          9
        ],
        "to": [
          9,
          9
        ]
      },
      "state_index": 8,
      "timestamp": 1763067448.4238124
    },
    {
      "player": "square",
      "move": {
        "action": "move",
        "from": [
          7,
          3
        ],
        "to": [
          7,
          7
        ]
      },
      "state_index": 9,
      "timestamp": 1763067449.5043561
    },
    {
      "player": "circle",
      "move": {
        "action": "move",
        "from": [
          9,
          9
        ],
        "to": [
          9,
          8
        ]
      },
      "state_index": 10,
      "timestamp": 1763067451.2859883
    },
    {
      "player": "square",
      "move": {
        "action": "push",
        "from": [
          7,
          4
        ],
        "to": [
          6,
          4
        ],
        "pushed_to": [
          6,
          7
        ]
      },
      "state_index": 11,
      "timestamp": 1763067452.1499205
    },
    {
      "player": "circle",
      "move": {
        "action": "flip",
        "from": [
          8,
          8
        ],
        "to": [
          0,
          0
        ],
        "orientation": "vertical"
      },
      "state_index": 12,
      "timestamp": 1763067453.1564226
    },
    {
      "player": "square",
      "move": {
        "action": "flip",
        "from": [
          3,
          3
        ],
        "to": [
          3,
          3
        ],
        "orientation": "vertical"
      },
      "state_index": 13,
      "timestamp": 1763067453.9102135
    },
    {
      "player": "circle",
      "move": {
        "action": "move",
        "from": [
          7,
          8
        ],
        "to": [
          8,
          5
        ]
      },
      "state_index": 14,
      "timestamp": 1763067454.9681044
    },
    {
      "player": "square",
      "move": {
        "action": "move",
        "from": [
          2,
          10
        ],
        "to": [
          3,
          10
        ]
      },
      "state_index": 15,
      "timestamp": 1763067455.6146212
    },
    {
      "player": "circle",
      "move": {
        "action": "move",
        "from": [
          8,
          5
        ],
        "to": [
          7,
          5
        ]
      },
      "state_index": 16,
      "timestamp": 1763067456.7189274
    },
    {
      "player": "square",
      "move": {
        "action": "move",
        "from": [
          3,
          10
        ],
        "to": [
          4,
          10
        ]
      },
      "state_index": 17,
      "timestamp": 1763067457.4973364
    },
    {
      "player": "circle",
      "move": {
        "action": "move",
        "from": [
          7,
          5
        ],
        "to": [
          7,
          4
        ]
      },
      "state_index": 18,
      "timestamp": 1763067458.5089326
    },
    {
      "player": "square",
      "move": {
        "action": "move",
        "from": [
          3,
          4
        ],
        "to": [
          4,
          9
        ]
      },
      "state_index": 19,
      "timestamp": 1763067459.241599
    },
    {
      "player": "circle",
      "move": {
        "action": "move",
        "from": [
          7,
          4
        ],
        "to": [
          7,
          3
        ]
      },
      "state_index": 20,
      "timestamp": 1763067460.230887
    },
    {
      "player": "square",
      "move": {
        "action": "flip",
        "from": [
          4,
          10
        ],
        "to": [
          4,
          10
        ],
        "orientation": "horizontal"
      },
      "state_index": 21,
      "timestamp": 1763067461.0136368
    },
    {
      "player": "circle",
      "move": {
        "action": "move",
        "from": [
          7,
          3
        ],
        "to": [
          7,
          2
        ]
      },
      "state_index": 22,
      "timestamp": 1763067461.9786665
    },
    {
      "player": "square",
      "move": {
        "action": "move",
        "from": [
          4,
          9
        ],
        "to": [
          6,
          10
        ]
      },
      "state_index": 23,
      "timestamp": 1763067462.858407
    },
    {
      "player": "circle",
      "move": {
        "action": "move",
        "from": [
          0,
          5
        ],
        "to": [
          1,
          5
        ]
      },
      "state_index": 24,
      "timestamp": 1763067463.677936
    },
    {
      "player": "square",
      "move": {
        "action": "move",
        "from": [
          7,
          7
        ],
        "to": [
          7,
          8
        ]
      },
      "state_index": 25,
      "timestamp": 1763067464.6118052
    },
    {
      "player": "circle",
      "move": {
        "action": "move",
        "from": [
          1,
          5
        ],
        "to": [
          1,
          4
        ]
      },
      "state_index": 26,
      "timestamp": 1763067465.3988855
    },
    {
      "player": "square",
      "move": {
        "action": "move",
        "from": [
          7,
          8
        ],
        "to": [
          8,
          10
        ]
      },
      "state_index": 27,
      "timestamp": 1763067466.307527
    },
    {
      "player": "circle",
      "move": {
        "action": "move",
        "from": [
          1,
          4
        ],
        "to": [
          1,
          3
        ]
      },
      "state_index": 28,
      "timestamp": 1763067467.1623793
    },
    {
      "player": "square",
      "move": {
        "action": "move",
        "from": [
          8,
          10
        ],
        "to": [
          7,
          10
        ]
      },
      "state_index": 29,
      "timestamp": 1763067467.9968135
    },
    {
      "player": "circle",
      "move": {
        "action": "move",
        "from": [
          1,
          3
        ],
        "to": [
          2,
          3
        ]
      },
      "state_index": 30,
      "timestamp": 1763067468.960872
    },
    {
      "player": "square",
      "move": {
        "action": "flip",
        "from": [
          8,
          3
        ],
        "to": [
          8,
          3
        ],
        "orientation": "vertical"
      },
      "state_index": 31,
      "timestamp": 1763067470.546503
    },
    {
      "player": "circle",
      "move": {
        "action": "move",
        "from": [
          2,
          3
        ],
        "to": [
          3,
          2
        ]
      },
      "state_index": 32,
      "timestamp": 1763067471.9274356
    },
    {
      "player": "square",
      "move": {
        "action": "move",
        "from": [
          8,
          4
        ],
        "to": [
          8,
          10
        ]
      },
      "state_index": 33,
      "timestamp": 1763067472.5580714
    },
    {
      "player": "circle",
      "move": {
        "action": "move",
        "from": [
          3,
          2
        ],
        "to": [
          4,
          2
        ]
      },
      "state_index": 34,
      "timestamp": 1763067473.6231945
    },
    {
      "player": "square",
      "move": {
        "action": "push",
        "from": [
          7,
          10
        ],
        "to": [
          6,
          10
        ],
        "pushed_to": [
          5,
          10
        ]
      },
      "state_index": 35,
      "timestamp": 1763067474.3534014
    },
    {
      "player": "circle",
      "move": {
        "action": "move",
        "from": [
          9,
          8
        ],
        "to": [
          8,
          1
        ]
      },
      "state_index": 36,
      "timestamp": 1763067475.6110613
    },
    {
      "player": "square",
      "move": {
        "action": "move",
        "from": [
          8,
          10
        ],
        "to": [
          7,
          10
        ]
      },
      "state_index": 37,
      "timestamp": 1763067476.120342
    },
    {
      "player": "circle",
      "move": {
        "action": "move",
        "from": [
          8,
          1
        ],
        "to": [
          7,
          1
        ]
      },
      "state_index": 38,
      "timestamp": 1763067482.6036963
    },
    {
      "player": "square",
      "move": {
        "action": "flip",
        "from": [
          4,
          10
        ],
        "to": [
          4,
          10
        ],
        "orientation": null
      },
      "state_index": 39,
      "timestamp": 1763067482.6498435
    }
  ]
}