{
  "metadata": {
    "rows": 13,
    "cols": 12,
    "timestamp": 1763067223.1420302,
    "version": "1.0",
    "winner": "square",
    "final_scores": {
      "circle": 20.0,
      "square": 80.0
    },
    "game_duration": 53.188947439193726
  },
  "states": [
    ".......................................aaaaaa......aaaaaa..........................................AAAAAA......BAAAAA.......................................",
    ".......................................aaaaaa......acaaaa..........................................AAAAAA......BAAAAA.......................................",
    ".......................................aaaaaa......acaaaa...........................................AAAAA...A..BAAAAA.......................................",
    ".......................................aaaaaa......a.aaaa...........................................AAAAA...A.aBAAAAA.......................................",
    ".......................................aaaaaa......a.aaaa...........................................AAAAA...C.aBAAAAA.......................................",
    ".......................................aaaaaa......a.aaaa...........................................AAAAA...C..BAAAAA.....a.................................",
    ".......................................aaaaaa......a.aaaa...A.......................................AAAAA...C..B.AAAA.....a.................................",
    ".......................................aaaaaa......a.aaca...A.......................................AAAAA...C..B.AAAA.....a.................................",
    ".......................................aaaaaa......a.aaca...A.......................................AAAAA...C..B.AAA.A....a.................................",
    ".......................................aaaa.a......a.aaca...A..............................a........AAAAA...C..B.AAA.A....a.................................",
    ".......................................aaaa.a......a.aaca...A..............................a........AAAAAA..C..B.AAA......a.................................",
    ".......................................aaaa.a......a.aa.a...A.............................aa........AAAAAA..C..B.AAA......a.................................",
    ".......................................aaaa.a......a.aa.a...A.............................aa........AAAACA..C..B.AAA......a.................................",
    ".......................................caaa.a......a.aa.a...A.............................aa........AAAACA..C..B.AAA......a.................................",
    ".......................................caaa.a......a.aa.a...A.......A.....................aa........AAA.CA..C..B.AAA......a.................................",
    ".......................................caaa.a......a.aa.a...A.......A.....................aa........AAA.CA..C..B.AAA.......a................................",
    ".......................................caaa.a......a.aa.a...A......A......................aa........AAA.CA..C..B.AAA.......a................................",
    ".......................................caaa.a......a.aa.a...A......A......................aa........AAA.CA..C..B.AAA........a...............................",
    ".......................................caaa.a......a.aaAa...A.............................aa........AAA.CA..C..B.AAA........a...............................",
    ".......................................caaa.a........aaAa...A.............................aa........AAA.CA..C..BaAAA........a...............................",
    ".......................................caaaAa........aa.a...A.............................aa........AAA.CA..C..BaAAA........a...............................",
    ".......................................caaaAa........aa.a...A.............................aa........AAA.CA..C..BaAAA........b...............................",
    "...............................A.......caaa.a........aa.a...A.............................aa........AAA.CA..C..BaAAA........b...............................",
    "...............................A.......caaa.a........aa.a...A.............................aa........AAA.CA..C..B.AAA........b.a.............................",
    "...............................A.......caaa.a........aa.a....A............................aa........AAA.CA..C..B.AAA........b.a.............................",
    "...............................A.......caaa.a........aa.a....A............................a.........AAAaCA..C..B.AAA........b.a.............................",
    "...............................A.......caaa.a....A...aa.a.................................a.........AAAaCA..C..B.AAA........b.a.............................",
    "...............................A.......caaa.a....A...aa.a.................................a.........AAA.CA..C..B.AAA........b.a.a...........................",
    "...............................A.....A.caaa.a........aa.a.................................a.........AAA.CA..C..B.AAA........b.a.a...........................",
    "...............................A.....A.caaa.a........aa.a.................................a.........AAA.CA..C..B.AAA........b.aa............................",
    "...............................A......Acaaa.a........aa.a.................................a.........AAA.CA..C..B.AAA........b.aa............................",
    "...............................A......Acaaa.c........aa.a.................................a.........AAA.CA..C..B.AAA........b.aa............................",
    "...........................A...A.......caaa.c........aa.a.................................a.........AAA.CA..C..B.AAA........b.aa............................",
    "...........................A...A.......caaa.c........aa...................................a.........AAA.CA..C..B.AAA........b.aaa...........................",
    "............................A..A.......caaa.c........aa...................................a.........AAA.CA..C..B.AAA........b.aaa...........................",
    "............................A..A.......caaa.c........aa...................................a.........AAA.CA..C..B.AAA........baa.a...........................",
    "....................A.......A..A.......caaa.c........aa...................................a.........AAA.C...C..B.AAA........baa.a...........................",
    "....................A.......A..A.......caaa.c........aa...................................a.........AAA.C...C..B.AAA........baaa............................",
    "...................A........A..A.......caaa.c........aa...................................a.........AAA.C...C..B.AAA........baaa............................",
    "...................A........A..A.......caaa.c........aa...................................a.........AAA.C...C..B.AAA........aaaa............................"
  ],
  "moves": [
    {
      "player": "circle",
      "move": {
        "action": "flip",
        "from": [
          3,
          9
        ],
        "to": [
          0,
          0
        ],
        "orientation": "horizontal"
      },
      "state_index": 0,
      "timestamp": 1763067234.34638
    },
    {
      "player": "square",
      "move": {
        "action": "flip",
        "from": [
          4,
          4
        ],
        "to": [
          4,
          4
        ],
        "orientation": "vertical"
      },
      "state_index": 1,
      "timestamp": 1763067234.9989805
    },
    {
      "player": "circle",
      "move": {
        "action": "move",
        "from": [
          3,
          8
        ],
        "to": [
          0,
          9
        ]
      },
      "state_index": 2,
      "timestamp": 1763067235.8609414
    },
    {
      "player": "square",
      "move": {
        "action": "push",
        "from": [
          4,
          4
        ],
        "to": [
          3,
          4
        ],
        "pushed_to": [
          2,
          9
        ]
      },
      "state_index": 3,
      "timestamp": 1763067236.7081084
    },
    {
      "player": "circle",
      "move": {
        "action": "flip",
        "from": [
          0,
          9
        ],
        "to": [
          0,
          0
        ],
        "orientation": "vertical"
      },
      "state_index": 4,
      "timestamp": 1763067237.373998
    },
    {
      "player": "square",
      "move": {
        "action": "move",
        "from": [
          2,
          9
        ],
        "to": [
          2,
          10
        ]
      },
      "state_index": 5,
      "timestamp": 1763067238.3059764
    },
    {
      "player": "circle",
      "move": {
        "action": "move",
        "from": [
          4,
          9
        ],
        "to": [
          0,
          5
        ]
      },
      "state_index": 6,
      "timestamp": 1763067238.8873258
    },
    {
      "player": "square",
      "move": {
        "action": "flip",
        "from": [
          7,
          4
        ],
        "to": [
          7,
          4
        ],
        "orientation": "vertical"
      },
      "state_index": 7,
      "timestamp": 1763067240.0090024
    },
    {
      "player": "circle",
      "move": {
        "action": "move",
        "from": [
          8,
          9
        ],
        "to": [
          9,
          9
        ]
      },
      "state_index": 8,
      "timestamp": 1763067240.7589834
    },
    {
      "player": "square",
      "move": {
        "action": "move",
        "from": [
          7,
          3
        ],
        "to": [
          7,
          7
        ]
      },
      "state_index": 9,
      "timestamp": 1763067241.6581137
    },
    {
      "player": "circle",
      "move": {
        "action": "move",
        "from": [
          9,
          9
        ],
        "to": [
          9,
          8
        ]
      },
      "state_index": 10,
      "timestamp": 1763067243.4851508
    },
    {
      "player": "square",
      "move": {
        "action": "push",
        "from": [
          7,
          4
        ],
        "to": [
          6,
          4
        ],
        "pushed_to": [
          6,
          7
        ]
      },
      "state_index": 11,
      "timestamp": 1763067244.3272479
    },
    {
      "player": "circle",
      "move": {
        "action": "flip",
        "from": [
          8,
          8
        ],
        "to": [
          0,
          0
        ],
        "orientation": "vertical"
      },
      "state_index": 12,
      "timestamp": 1763067245.44567
    },
    {
      "player": "square",
      "move": {
        "action": "flip",
        "from": [
          3,
          3
        ],
        "to": [
          3,
          3
        ],
        "orientation": "vertical"
      },
      "state_index": 13,
      "timestamp": 1763067246.1336818
    },
    {
      "player": "circle",
      "move": {
        "action": "move",
        "from": [
          7,
          8
        ],
        "to": [
          8,
          5
        ]
      },
      "state_index": 14,
      "timestamp": 1763067247.2313879
    },
    {
      "player": "square",
      "move": {
        "action": "move",
        "from": [
          2,
          10
        ],
        "to": [
          3,
          10
        ]
      },
      "state_index": 15,
      "timestamp": 1763067247.9657986
    },
    {
      "player": "circle",
      "move": {
        "action": "move",
        "from": [
          8,
          5
        ],
        "to": [
          7,
          5
        ]
      },
      "state_index": 16,
      "timestamp": 1763067248.9798203
    },
    {
      "player": "square",
      "move": {
        "action": "move",
        "from": [
          3,
          10
        ],
        "to": [
          4,
          10
        ]
      },
      "state_index": 17,
      "timestamp": 1763067249.7905686
    },
    {
      "player": "circle",
      "move": {
        "action": "move",
        "from": [
          7,
          5
        ],
        "to": [
          7,
          4
        ]
      },
      "state_index": 18,
      "timestamp": 1763067250.7976036
    },
    {
      "player": "square",
      "move": {
        "action": "move",
        "from": [
          3,
          4
        ],
        "to": [
          4,
          9
        ]
      },
      "state_index": 19,
      "timestamp": 1763067251.5095446
    },
    {
      "player": "circle",
      "move": {
        "action": "move",
        "from": [
          7,
          4
        ],
        "to": [
          7,
          3
        ]
      },
      "state_index": 20,
      "timestamp": 1763067252.5444884
    },
    {
      "player": "square",
      "move": {
        "action": "flip",
        "from": [
          4,
          10
        ],
        "to": [
          4,
          10
        ],
        "orientation": "horizontal"
      },
      "state_index": 21,
      "timestamp": 1763067253.4206378
    },
    {
      "player": "circle",
      "move": {
        "action": "move",
        "from": [
          7,
          3
        ],
        "to": [
          7,
          2
        ]
      },
      "state_index": 22,
      "timestamp": 1763067254.3964994
    },
    {
      "player": "square",
      "move": {
        "action": "move",
        "from": [
          4,
          9
        ],
        "to": [
          6,
          10
        ]
      },
      "state_index": 23,
      "timestamp": 1763067255.241302
    },
    {
      "player": "circle",
      "move": {
        "action": "move",
        "from": [
          0,
          5
        ],
        "to": [
          1,
          5
        ]
      },
      "state_index": 24,
      "timestamp": 1763067256.143293
    },
    {
      "player": "square",
      "move": {
        "action": "move",
        "from": [
          7,
          7
        ],
        "to": [
          7,
          8
        ]
      },
      "state_index": 25,
      "timestamp": 1763067257.0450811
    },
    {
      "player": "circle",
      "move": {
        "action": "move",
        "from": [
          1,
          5
        ],
        "to": [
          1,
          4
        ]
      },
      "state_index": 26,
      "timestamp": 1763067257.899877
    },
    {
      "player": "square",
      "move": {
        "action": "move",
        "from": [
          7,
          8
        ],
        "to": [
          8,
          10
        ]
      },
      "state_index": 27,
      "timestamp": 1763067258.7971883
    },
    {
      "player": "circle",
      "move": {
        "action": "move",
        "from": [
          1,
          4
        ],
        "to": [
          1,
          3
        ]
      },
      "state_index": 28,
      "timestamp": 1763067259.8026068
    },
    {
      "player": "square",
      "move": {
        "action": "move",
        "from": [
          8,
          10
        ],
        "to": [
          7,
          10
        ]
      },
      "state_index": 29,
      "timestamp": 1763067260.4709356
    },
    {
      "player": "circle",
      "move": {
        "action": "move",
        "from": [
          1,
          3
        ],
        "to": [
          2,
          3
        ]
      },
      "state_index": 30,
      "timestamp": 1763067261.569619
    },
    {
      "player": "square",
      "move": {
        "action": "flip",
        "from": [
          8,
          3
        ],
        "to": [
          8,
          3
        ],
        "orientation": "vertical"
      },
      "state_index": 31,
      "timestamp": 1763067263.1255913
    },
    {
      "player": "circle",
      "move": {
        "action": "move",
        "from": [
          2,
          3
        ],
        "to": [
          3,
          2
        ]
      },
      "state_index": 32,
      "timestamp": 1763067264.4633474
    },
    {
      "player": "square",
      "move": {
        "action": "move",
        "from": [
          8,
          4
        ],
        "to": [
          8,
          10
        ]
      },
      "state_index": 33,
      "timestamp": 1763067265.2863545
    },
    {
      "player": "circle",
      "move": {
        "action": "move",
        "from": [
          3,
          2
        ],
        "to": [
          4,
          2
        ]
      },
      "state_index": 34,
      "timestamp": 1763067266.1758907
    },
    {
      "player": "square",
      "move": {
        "action": "push",
        "from": [
          7,
          10
        ],
        "to": [
          6,
          10
        ],
        "pushed_to": [
          5,
          10
        ]
      },
      "state_index": 35,
      "timestamp": 1763067267.039422
    },
    {
      "player": "circle",
      "move": {
        "action": "move",
        "from": [
          9,
          8
        ],
        "to": [
          8,
          1
        ]
      },
      "state_index": 36,
      "timestamp": 1763067268.2795045
    },
    {
      "player": "square",
      "move": {
        "action": "move",
        "from": [
          8,
          10
        ],
        "to": [
          7,
          10
        ]
      },
      "state_index": 37,
      "timestamp": 1763067268.8055952
    },
    {
      "player": "circle",
      "move": {
        "action": "move",
        "from": [
          8,
          1
        ],
        "to": [
          7,
          1
        ]
      },
      "state_index": 38,
      "timestamp": 1763067275.3321936
    },
    {
      "player": "square",
      "move": {
        "action": "flip",
        "from": [
          4,
          10
        ],
        "to": [
          4,
          10
        ],
        "orientation": null
      },
      "state_index": 39,
      "timestamp": 1763067276.3308556
    }
  ]
}