{
  "metadata": {
    "rows": 13,
    "cols": 12,
    "timestamp": 1763096379.557658,
    "version": "1.0",
    "winner": "square",
    "final_scores": {
      "circle": 20.0,
      "square": 80.0
    },
    "game_duration": 162.56400084495544
  },
  "states": [
    ".......................................aaaaaa......aaaaaa..........................................AAAAAA......BAAAAA.......................................",
    "...........................a............aaaaa......aaaaaa..........................................AAAAAA......BAAAAA.......................................",
    "...........................a............aaaaa......aaaaaa...........................................AAAAA...A..BAAAAA.......................................",
    "...........................a....a.......aaaa.......aaaaaa...........................................AAAAA...A..BAAAAA.......................................",
    "...........................a....a.......aaaa.......aaaaaa...........................................AAAAA...C..BAAAAA.......................................",
    "...........................a....a.......aaaa.......caaaaa...........................................AAAAA...C..BAAAAA.......................................",
    "...........................a....a.......aaaa.......caaaaa...A.......................................AAAAA...C..B.AAAA.......................................",
    "...........................a....a.......aaaa.......c.aaaa...A.......................................AAAAA...C..BaAAAA.......................................",
    "...........................a....a.......aaaa.......c.aaaa...A.......................................AAAAA....C.BaAAAA.......................................",
    "...........................a....a.......aaaa.......c.aaaa...A.......................................AAAAA....C.B.AAAA.......a...............................",
    "...........................a....a.......aaaa.......c.aaaa...A.......................................AAAAA.....CB.AAAA.......a...............................",
    "...........................a....a.......aaaa.......c.aaaa...A.......................................AAAAA.....CB.AAAA........a..............................",
    "..............B............a....a.......aaaa.......c.aaaa...A.......................................AAAAA.....C..AAAA........a..............................",
    "..............B............a....a.......aaaa.......c.baaa...A.......................................AAAAA.....C..AAAA........a..............................",
    "..............B............a....a.......aaaa.......c.baaa...A......................................AA.AAA.....C..AAAA........a..............................",
    "..............B............a....a.......aaaa......c..baaa...A......................................AA.AAA.....C..AAAA........a..............................",
    "..............B............a....a.......aaaa......c..baaa...A......................................AA.AAA.....C..BAAA........a..............................",
    "..............B.a..........a....a.......a.aa......c..baaa...A......................................AA.AAA.....C..BAAA........a..............................",
    "..............B.a..........a....a.......a.aa......c..baaa...A......................................AA.AAA....C...BAAA........a..............................",
    "..............B.a..........a....a.......a.aa......c..caaa...A......................................AA.AAA....C...BAAA........a..............................",
    "..B.............a..........a....a.......a.aa......c..caaa...A......................................AA.AAA....C...BAAA........a..............................",
    "..B.............a..........a....a.......a.aa......c..c.aa...A......................................AA.AAA....C..aBAAA........a..............................",
    ".aB.............a..........a....a.......a.aa......c..c.aa...A......................................AA.AAA....C..A.AAA........a..............................",
    ".aB.............a..........a....a.......a.aa......c..c.aa...A......................................AA.AAA....C..A.AAA.......a...............................",
    ".aB.............a..........a....a.......a.aa......c..c.aa...A......................................AA.AAA....C..B.AAA.......a...............................",
    ".aB.............a..........a....a.......a.aa......c..c.ba...A......................................AA.AAA....C..B.AAA.......a...............................",
    ".A....a.........a..........a....a.......a.aa......c..c.ba...A......................................AA.AAA....C..B.AAA.......a...............................",
    ".A....a.........a..........a....a.......a.aa......c..c..a...A......................................AA.AAA....C..B.AAA.......aa..............................",
    ".A....a.........a..........a....a.......a.aa......c..c..a...C......................................AA.AAA....C..B.AAA.......aa..............................",
    ".A....a.........a..........a....a.......a.aa......c..c..a...C......................................AA.AAA....C..B.AAA.......a.a.............................",
    ".C....a.........a..........a....a.......a.aa......c..c..a...C......................................AA.AAA....C..B.AAA.......a.a.............................",
    ".C....a.........a..........a....a.......acaa......c.....a...C......................................AA.AAA....C..B.AAA.......a.a.............................",
    ".C....a.........a..........a....a....A..acaa......c.....a...C......................................A..AAA....C..B.AAA.......a.a.............................",
    ".C....a.........a..........a....a....A...caa......c.....a...C......................................A..AAA....C..B.AAA.......aaa.............................",
    ".C....a.........a..........a....a....A...caa......c.....a...C......................................A..ACA....C..B.AAA.......aaa.............................",
    ".C....a.........a..........a....a....A...caa......c.....a...C......................................A..ACA....C..B.AAA.......a.aa............................",
    ".C....a.........a..........a....a....A...caa......c.....a...C......................................A..ACA....C..BAA.A.......a.aa............................",
    ".C....a.........a..........a....a....A...caa......c.....a...C......................................A..ACA....C..BAA.A.......aaa.............................",
    ".C....a.........a..........a....a....A...caa......c.....a...C......................................A..ACA....C..CAA.A.......aaa.............................",
    ".C....a.........a..........a....a....A...cac......c.....a...C......................................A..ACA....C..CAA.A.......aaa.............................",
    ".C....a.........a..........a....a....A...cac......c.....a...C......................................A..ACA....C..CA.AA.......aaa.............................",
    ".C....a.........a..........a....a....A...c.c......c....aa...C......................................A..ACA....C..CA.AA.......aaa.............................",
    ".C....a.........a..........a..A.a....A...c.c......c....aa...C......................................A..A.A....C..CA.AA.......aaa.............................",
    ".C....a.........a..........a..A.a....A...c..c.....c....aa...C......................................A..A.A....C..CA.AA.......aaa.............................",
    ".C....a.........a..........a.AA.a....A...c..c.....c....aa...C......................................A..A.A....C...A.AA.......aaa.............................",
    ".C....a.........a..........a.AA.a....A...c...c....c....aa...C......................................A..A.A....C...A.AA.......aaa.............................",
    ".C....a.........a..........a.AA.a....A...c...c....c....aa...C......................................A..A.A....C...C.AA.......aaa.............................",
    ".C....a.........a..........a.AA..a...A...c...c....c....aa...C......................................A..A.A....C...C.AA.......aaa.............................",
    ".C....a.........a..........a.AA..a...A...c...c....c....aa...A......................................A..A.A....C...C.AA.......aaa.............................",
    ".C....a.........a..........a.AA......A...c...c....c....aa...A......................................A..A.A....C...C.AA.......aaa..a.........................."
  ],
  "moves": [
    {
      "player": "circle",
      "move": {
        "action": "flip",
        "from": [
          3,
          9
        ],
        "orientation": "horizontal"
      },
      "state_index": 0,
      "timestamp": 1763096456.144856
    },
    {
      "player": "square",
      "move": {
        "action": "move",
        "from": [
          3,
          3
        ],
        "to": [
          3,
          2
        ]
      },
      "state_index": 1,
      "timestamp": 1763096457.152354
    },
    {
      "player": "circle",
      "move": {
        "action": "move",
        "from": [
          3,
          8
        ],
        "to": [
          0,
          9
        ]
      },
      "state_index": 2,
      "timestamp": 1763096457.6565604
    },
    {
      "player": "square",
      "move": {
        "action": "move",
        "from": [
          8,
          3
        ],
        "to": [
          8,
          2
        ]
      },
      "state_index": 3,
      "timestamp": 1763096457.6617634
    },
    {
      "player": "circle",
      "move": {
        "action": "flip",
        "from": [
          0,
          9
        ],
        "orientation": "vertical"
      },
      "state_index": 4,
      "timestamp": 1763096458.162432
    },
    {
      "player": "square",
      "move": {
        "action": "flip",
        "from": [
          3,
          4
        ],
        "orientation": "vertical"
      },
      "state_index": 5,
      "timestamp": 1763096458.2219613
    },
    {
      "player": "circle",
      "move": {
        "action": "move",
        "from": [
          4,
          9
        ],
        "to": [
          0,
          5
        ]
      },
      "state_index": 6,
      "timestamp": 1763096458.6720347
    },
    {
      "player": "square",
      "move": {
        "action": "move",
        "from": [
          4,
          4
        ],
        "to": [
          4,
          9
        ]
      },
      "state_index": 7,
      "timestamp": 1763096458.7984102
    },
    {
      "player": "circle",
      "move": {
        "action": "move",
        "from": [
          0,
          9
        ],
        "to": [
          1,
          9
        ]
      },
      "state_index": 8,
      "timestamp": 1763096461.7361488
    },
    {
      "player": "square",
      "move": {
        "action": "move",
        "from": [
          4,
          9
        ],
        "to": [
          4,
          10
        ]
      },
      "state_index": 9,
      "timestamp": 1763096462.364582
    },
    {
      "player": "circle",
      "move": {
        "action": "move",
        "from": [
          1,
          9
        ],
        "to": [
          2,
          9
        ]
      },
      "state_index": 10,
      "timestamp": 1763096464.973594
    },
    {
      "player": "square",
      "move": {
        "action": "move",
        "from": [
          4,
          10
        ],
        "to": [
          5,
          10
        ]
      },
      "state_index": 11,
      "timestamp": 1763096465.9135027
    },
    {
      "player": "circle",
      "move": {
        "action": "move",
        "from": [
          3,
          9
        ],
        "to": [
          2,
          1
        ]
      },
      "state_index": 12,
      "timestamp": 1763096467.460497
    },
    {
      "player": "square",
      "move": {
        "action": "flip",
        "from": [
          5,
          4
        ],
        "orientation": "horizontal"
      },
      "state_index": 13,
      "timestamp": 1763096468.4781246
    },
    {
      "player": "circle",
      "move": {
        "action": "push",
        "from": [
          5,
          8
        ],
        "to": [
          4,
          8
        ],
        "pushed_to": [
          3,
          8
        ]
      },
      "state_index": 14,
      "timestamp": 1763096471.207699
    },
    {
      "player": "square",
      "move": {
        "action": "move",
        "from": [
          3,
          4
        ],
        "to": [
          2,
          4
        ]
      },
      "state_index": 15,
      "timestamp": 1763096472.0357473
    },
    {
      "player": "circle",
      "move": {
        "action": "flip",
        "from": [
          5,
          9
        ],
        "orientation": "horizontal"
      },
      "state_index": 16,
      "timestamp": 1763096476.705898
    },
    {
      "player": "square",
      "move": {
        "action": "move",
        "from": [
          5,
          3
        ],
        "to": [
          4,
          1
        ]
      },
      "state_index": 17,
      "timestamp": 1763096477.7358863
    },
    {
      "player": "circle",
      "move": {
        "action": "move",
        "from": [
          2,
          9
        ],
        "to": [
          1,
          9
        ]
      },
      "state_index": 18,
      "timestamp": 1763096485.4970102
    },
    {
      "player": "square",
      "move": {
        "action": "rotate",
        "from": [
          5,
          4
        ]
      },
      "state_index": 19,
      "timestamp": 1763096486.3672874
    },
    {
      "player": "circle",
      "move": {
        "action": "move",
        "from": [
          2,
          1
        ],
        "to": [
          2,
          0
        ]
      },
      "state_index": 20,
      "timestamp": 1763096489.7260966
    },
    {
      "player": "square",
      "move": {
        "action": "move",
        "from": [
          6,
          4
        ],
        "to": [
          4,
          9
        ]
      },
      "state_index": 21,
      "timestamp": 1763096489.9627185
    },
    {
      "player": "circle",
      "move": {
        "action": "push",
        "from": [
          5,
          9
        ],
        "to": [
          4,
          9
        ],
        "pushed_to": [
          1,
          0
        ]
      },
      "state_index": 22,
      "timestamp": 1763096493.6391408
    },
    {
      "player": "square",
      "move": {
        "action": "move",
        "from": [
          5,
          10
        ],
        "to": [
          4,
          10
        ]
      },
      "state_index": 23,
      "timestamp": 1763096494.546435
    },
    {
      "player": "circle",
      "move": {
        "action": "flip",
        "from": [
          4,
          9
        ],
        "orientation": "horizontal"
      },
      "state_index": 24,
      "timestamp": 1763096498.409549
    },
    {
      "player": "square",
      "move": {
        "action": "flip",
        "from": [
          7,
          4
        ],
        "orientation": "horizontal"
      },
      "state_index": 25,
      "timestamp": 1763096499.1328382
    },
    {
      "player": "circle",
      "move": {
        "action": "push",
        "from": [
          2,
          0
        ],
        "to": [
          1,
          0
        ],
        "pushed_to": [
          6,
          0
        ]
      },
      "state_index": 26,
      "timestamp": 1763096504.2905831
    },
    {
      "player": "square",
      "move": {
        "action": "push",
        "from": [
          7,
          4
        ],
        "to": [
          8,
          4
        ],
        "pushed_to": [
          5,
          10
        ]
      },
      "state_index": 27,
      "timestamp": 1763096504.6400826
    },
    {
      "player": "circle",
      "move": {
        "action": "flip",
        "from": [
          0,
          5
        ],
        "orientation": "vertical"
      },
      "state_index": 28,
      "timestamp": 1763096507.9637785
    },
    {
      "player": "square",
      "move": {
        "action": "move",
        "from": [
          5,
          10
        ],
        "to": [
          6,
          10
        ]
      },
      "state_index": 29,
      "timestamp": 1763096508.2612355
    },
    {
      "player": "circle",
      "move": {
        "action": "flip",
        "from": [
          1,
          0
        ],
        "orientation": "vertical"
      },
      "state_index": 30,
      "timestamp": 1763096510.781165
    },
    {
      "player": "square",
      "move": {
        "action": "move",
        "from": [
          5,
          4
        ],
        "to": [
          5,
          3
        ]
      },
      "state_index": 31,
      "timestamp": 1763096511.8447258
    },
    {
      "player": "circle",
      "move": {
        "action": "move",
        "from": [
          4,
          8
        ],
        "to": [
          1,
          3
        ]
      },
      "state_index": 32,
      "timestamp": 1763096515.4001648
    },
    {
      "player": "square",
      "move": {
        "action": "move",
        "from": [
          4,
          3
        ],
        "to": [
          5,
          10
        ]
      },
      "state_index": 33,
      "timestamp": 1763096516.4860039
    },
    {
      "player": "circle",
      "move": {
        "action": "flip",
        "from": [
          7,
          8
        ],
        "orientation": "vertical"
      },
      "state_index": 34,
      "timestamp": 1763096518.6333702
    },
    {
      "player": "square",
      "move": {
        "action": "push",
        "from": [
          5,
          10
        ],
        "to": [
          6,
          10
        ],
        "pushed_to": [
          7,
          10
        ]
      },
      "state_index": 35,
      "timestamp": 1763096519.1318438
    },
    {
      "player": "circle",
      "move": {
        "action": "push",
        "from": [
          7,
          9
        ],
        "to": [
          6,
          9
        ],
        "pushed_to": [
          5,
          9
        ]
      },
      "state_index": 36,
      "timestamp": 1763096521.6066966
    },
    {
      "player": "square",
      "move": {
        "action": "push",
        "from": [
          7,
          10
        ],
        "to": [
          6,
          10
        ],
        "pushed_to": [
          5,
          10
        ]
      },
      "state_index": 37,
      "timestamp": 1763096521.7522106
    },
    {
      "player": "circle",
      "move": {
        "action": "rotate",
        "from": [
          4,
          9
        ]
      },
      "state_index": 38,
      "timestamp": 1763096524.121861
    },
    {
      "player": "square",
      "move": {
        "action": "flip",
        "from": [
          7,
          3
        ],
        "orientation": "vertical"
      },
      "state_index": 39,
      "timestamp": 1763096524.371903
    },
    {
      "player": "circle",
      "move": {
        "action": "move",
        "from": [
          6,
          9
        ],
        "to": [
          7,
          9
        ]
      },
      "state_index": 40,
      "timestamp": 1763096527.3042576
    },
    {
      "player": "square",
      "move": {
        "action": "move",
        "from": [
          6,
          3
        ],
        "to": [
          7,
          4
        ]
      },
      "state_index": 41,
      "timestamp": 1763096528.0761287
    },
    {
      "player": "circle",
      "move": {
        "action": "push",
        "from": [
          7,
          8
        ],
        "to": [
          6,
          8
        ],
        "pushed_to": [
          6,
          2
        ]
      },
      "state_index": 42,
      "timestamp": 1763096531.336211
    },
    {
      "player": "square",
      "move": {
        "action": "move",
        "from": [
          7,
          3
        ],
        "to": [
          8,
          3
        ]
      },
      "state_index": 43,
      "timestamp": 1763096531.7244568
    },
    {
      "player": "circle",
      "move": {
        "action": "push",
        "from": [
          4,
          9
        ],
        "to": [
          5,
          9
        ],
        "pushed_to": [
          5,
          2
        ]
      },
      "state_index": 44,
      "timestamp": 1763096535.0765212
    },
    {
      "player": "square",
      "move": {
        "action": "move",
        "from": [
          8,
          3
        ],
        "to": [
          9,
          3
        ]
      },
      "state_index": 45,
      "timestamp": 1763096535.3795097
    },
    {
      "player": "circle",
      "move": {
        "action": "flip",
        "from": [
          5,
          9
        ],
        "orientation": "vertical"
      },
      "state_index": 46,
      "timestamp": 1763096537.4096735
    },
    {
      "player": "square",
      "move": {
        "action": "move",
        "from": [
          8,
          2
        ],
        "to": [
          9,
          2
        ]
      },
      "state_index": 47,
      "timestamp": 1763096537.892576
    },
    {
      "player": "circle",
      "move": {
        "action": "flip",
        "from": [
          0,
          5
        ]
      },
      "state_index": 48,
      "timestamp": 1763096539.479173
    },
    {
      "player": "square",
      "move": {
        "action": "move",
        "from": [
          9,
          2
        ],
        "to": [
          9,
          10
        ]
      },
      "state_index": 49,
      "timestamp": 1763096540.5344381
    }
  ]
}