{
  "metadata": {
    "rows": 13,
    "cols": 12,
    "timestamp": 1763070208.8894432,
    "version": "1.0",
    "winner": "circle",
    "final_scores": {
      "circle": 90.0,
      "square": 10.0
    },
    "game_duration": 168.65431094169617
  },
  "states": [
    ".......................................aaaaaa......aaaaaa..........................................AAAAAA......ABAAAA.......................................",
    ".......................................baaaaa......aaaaaa..........................................AAAAAA......ABAAAA.......................................",
    ".......................................baaaaa......aaaaaa..........................................AAAAAA......ABABAA.......................................",
    "....................................a..baaaaa.......aaaaa..........................................AAAAAA......ABABAA.......................................",
    "....................................a..baaaaa.......aaaaa..........................................AAAAAA......ABABBA.......................................",
    "....................................c..baaaaa.......aaaaa..........................................AAAAAA......ABABBA.......................................",
    "....................................c..baaaaa.......aaaaa..........................................AAAAAA......ABBBBA.......................................",
    "....................................c..b.aaaa.......aaaaa...........................a..............AAAAAA......ABBBBA.......................................",
    "....................................c..b.aaaa.......aaaaa...........................a..............AAAAAA......CBBBBA.......................................",
    "....................................c..b.aaaa.......aaaaa............................a.............AAAAAA......CBBBBA.......................................",
    "....................................c..bAaaaa.......aaaaa............................a..............AAAAA......CBBBBA.......................................",
    "....................................c..bAaaaa.......aaaaa.............................a.............AAAAA......CBBBBA.......................................",
    "............................A.......c..b.aaaa.......aaaaa.............................a.............AAAAA......CBBBBA.......................................",
    "............................A.......c..b.aaaa.......aaaaa..............................a............AAAAA......CBBBBA.......................................",
    "............................A.......c..b.aaaa.......aaaaa..............................a............AAAAA......CBBBBC.......................................",
    "............................A.......c..b.aaaa.......aaaaa..........................................aAAAAA......CBBBBC.......................................",
    "............................A.......c..b.aaaa.......aaaaa..........................................aAAAAA.......BBBBC......C................................",
    "............................A.......c..b.aaaa.......aaaaa...........................................AAAAA......aBBBBC......C................................",
    "............................A.......c..b.aaaa.......aaaaa...........................................AAAAA......aBBBB.......C....C...........................",
    "............................A.......c..b.aaaa.......aaaaa...........................................AAAAA.......BBBB.......C....C......a....................",
    "............................A.......c..b.aaaa.......aaaaa...........................................AAACA.......BBBB.......C....C......a....................",
    "............................A.......c..b.aaaa.......aaaaa...........................................AAACA.......BBBB.......C....C.......a...................",
    "............................A.......c..b.aaaa.......aaaaa...........................................AAA.A.....C.BBBB.......C....C.......a...................",
    "............................A.......c..b.aaaa.......aaaaa...........................................AAA.A.....C.BBBB.......Ca...C...........................",
    "..........................A.A.......c..b.aaaa.......aaaaa............................................AA.A.....C.BBBB.......Ca...C...........................",
    "..........................A.A.......c..b.aaaa........aaaa.......a....................................AA.A.....C.BBBB.......Ca...C...........................",
    "..........................A.B.......c..b.aaaa........aaaa.......a....................................AA.A.....C.BBBB.......Ca...C...........................",
    "..........................A.B.......c..b.aaaa........aaaa...................a........................AA.A.....C.BBBB.......Ca...C...........................",
    "..........................A.B.......c.Ab.aaaa........aaaa...................a........................A..A.....C.BBBB.......Ca...C...........................",
    "..........................A.B.......c.Ab.aaaa........aaaa...............................a............A..A.....C.BBBB.......Ca...C...........................",
    "..........................A.B.......c.Bb.aaaa........aaaa...............................a............A..A.....C.BBBB.......Ca...C...........................",
    "..........................A.B.......c.Bb.aaaa........aaaa...........................................aA..A.....C.BBBB.......Ca...C...........................",
    "..........................A.B.A.....c..b.aaaa........aaaa...........................................aA..A.....C.BBBB.......Ca...C...........................",
    "..........................A.B.A.....c..b.aaaa........aaaa...............................a............A..A.....C.BBBB.......Ca...C...........................",
    "..........................A.B.A.....c..b.aaaa.....A..aaaa...............................a...............A.....C.BBBB.......Ca...C...........................",
    "..........................A.B.A.....c..b.aaaa.....A..aaaa...........................................a...A.....C.BBBB.......Ca...C...........................",
    "..........................A.B.A.....c..b.aaaa.....A..aaaa...........................................a...A......CBBBB.......Ca...C...........................",
    "..........................A.B.A.....c..b.aaaa.....A..aaaa..........................................a....A......CBBBB.......Ca...C...........................",
    "..........................A.B.A.....c..b.aaaa.....A..aaaa..........................................a...........CBBBBA......Ca...C...........................",
    "..........................A.B.A.....c..b.aaaa.....A..aaaa...........................................a..........CBBBBA......Ca...C...........................",
    "..........................A.B.A.....c..bCaaaa.....A..aaaa...........................................a...........BBBBA......Ca...C...........................",
    "..........................A.B.A.....c..bCaaaa.....A..aaaa..........................................a............BBBBA......Ca...C...........................",
    "..........................A.BCA.....c..b.aaaa.....A..aaaa..........................................a............BBBBA......Ca...C...........................",
    "..........................A.BCA.....c..b.aaaa.....A..aaaa......................................................aBBBBA......Ca...C...........................",
    "..........................A.BC.A....c..b.aaaa.....A..aaaa......................................................aBBBBA......Ca...C...........................",
    "..........................A.BC.A....c..b.aaaa.....A..aaaa..........................................a............BBBBA......Ca...C...........................",
    "..........................A.B.CA....c..b.aaaa.....A..aaaa..........................................a............BBBBA......Ca...C...........................",
    "..........................A.B.CA....c..b.aaaa.....A..aaaa......................................................aBBBBA......Ca...C...........................",
    "..........................A..BCA....c..b.aaaa.....A..aaaa......................................................aBBBBA......Ca...C...........................",
    "..........................A..BCA....c..b.aaaa.....A..aaaa..........................................a............BBBBA......Ca...C...........................",
    "..........................A..BAA....c..b.aaaa.....A..aaaa..........................................a............BBBBA......Ca...C...........................",
    "..........................A..BAA....c..b.aa.aa....A..aaaa..........................................a............BBBBA......Ca...C...........................",
    "..........................A..AAA....c..b.aa.aa....A..aaaa..........................................a............BBBBA......Ca...C...........................",
    "..........................A..AAA....c..b.aa.aa....A..aaa............a..............................a............BBBBA......Ca...C...........................",
    "..........................A..AAA....c..b.aa.aa....A..aaa............a..............................a............BBBBB......Ca...C...........................",
    "..........................A..AAA....c..b.aa.aa....A..aaa............a..........................................aBBBBB......Ca...C...........................",
    "..........................A..AAA....c..b.aa.aa....C..aaa............a..........................................aBBBBB......Ca...C...........................",
    "..........................A..AAA....c..b.aa.aa....C..aaa............a..............................a............BBBBB......Ca...C...........................",
    "..........................A..AAA....c.Cb.aa.aa.......aaa............a..............................a............BBBBB......Ca...C...........................",
    "..........................A..AAA....c.Cb.aa.aa.......aaa............a..........................................aBBBBB......Ca...C...........................",
    "..........................A..AAA....c.Bb.aa.aa.......aaa............a..........................................aBBBBB......Ca...C...........................",
    "..........................A..AAA....c.Bb.aa.aa.......aaa............a.........................................a.BBBBB......Ca...C...........................",
    "..........................A.AAAA....c..b.aa.aa.......aaa............a.........................................a.BBBBB......Ca...C..........................."
  ],
  "moves": [
    {
      "player": "circle",
      "move": {
        "action": "flip",
        "from": [
          4,
          9
        ],
        "to": [
          4,
          9
        ],
        "orientation": "horizontal"
      },
      "state_index": 0,
      "timestamp": 1763070276.1876354
    },
    {
      "player": "square",
      "move": {
        "action": "flip",
        "from": [
          3,
          3
        ],
        "to": [
          0,
          0
        ],
        "orientation": "horizontal"
      },
      "state_index": 1,
      "timestamp": 1763070276.9855583
    },
    {
      "player": "circle",
      "move": {
        "action": "flip",
        "from": [
          6,
          9
        ],
        "to": [
          6,
          9
        ],
        "orientation": "horizontal"
      },
      "state_index": 2,
      "timestamp": 1763070277.832294
    },
    {
      "player": "square",
      "move": {
        "action": "move",
        "from": [
          3,
          4
        ],
        "to": [
          0,
          3
        ]
      },
      "state_index": 3,
      "timestamp": 1763070278.5138562
    },
    {
      "player": "circle",
      "move": {
        "action": "flip",
        "from": [
          7,
          9
        ],
        "to": [
          7,
          9
        ],
        "orientation": "horizontal"
      },
      "state_index": 4,
      "timestamp": 1763070279.4699905
    },
    {
      "player": "square",
      "move": {
        "action": "flip",
        "from": [
          0,
          3
        ],
        "to": [
          0,
          0
        ],
        "orientation": "vertical"
      },
      "state_index": 5,
      "timestamp": 1763070280.0301545
    },
    {
      "player": "circle",
      "move": {
        "action": "flip",
        "from": [
          5,
          9
        ],
        "to": [
          5,
          9
        ],
        "orientation": "horizontal"
      },
      "state_index": 6,
      "timestamp": 1763070281.1602297
    },
    {
      "player": "square",
      "move": {
        "action": "move",
        "from": [
          4,
          3
        ],
        "to": [
          0,
          7
        ]
      },
      "state_index": 7,
      "timestamp": 1763070281.5537164
    },
    {
      "player": "circle",
      "move": {
        "action": "flip",
        "from": [
          3,
          9
        ],
        "to": [
          3,
          9
        ],
        "orientation": "vertical"
      },
      "state_index": 8,
      "timestamp": 1763070281.9936788
    },
    {
      "player": "square",
      "move": {
        "action": "move",
        "from": [
          0,
          7
        ],
        "to": [
          1,
          7
        ]
      },
      "state_index": 9,
      "timestamp": 1763070282.7439716
    },
    {
      "player": "circle",
      "move": {
        "action": "move",
        "from": [
          3,
          8
        ],
        "to": [
          4,
          3
        ]
      },
      "state_index": 10,
      "timestamp": 1763070284.0628543
    },
    {
      "player": "square",
      "move": {
        "action": "move",
        "from": [
          1,
          7
        ],
        "to": [
          2,
          7
        ]
      },
      "state_index": 11,
      "timestamp": 1763070287.2917328
    },
    {
      "player": "circle",
      "move": {
        "action": "move",
        "from": [
          4,
          3
        ],
        "to": [
          4,
          2
        ]
      },
      "state_index": 12,
      "timestamp": 1763070288.2831156
    },
    {
      "player": "square",
      "move": {
        "action": "move",
        "from": [
          2,
          7
        ],
        "to": [
          3,
          7
        ]
      },
      "state_index": 13,
      "timestamp": 1763070290.2576885
    },
    {
      "player": "circle",
      "move": {
        "action": "flip",
        "from": [
          8,
          9
        ],
        "to": [
          8,
          9
        ],
        "orientation": "vertical"
      },
      "state_index": 14,
      "timestamp": 1763070291.2597008
    },
    {
      "player": "square",
      "move": {
        "action": "move",
        "from": [
          3,
          7
        ],
        "to": [
          3,
          8
        ]
      },
      "state_index": 15,
      "timestamp": 1763070294.7398143
    },
    {
      "player": "circle",
      "move": {
        "action": "move",
        "from": [
          3,
          9
        ],
        "to": [
          3,
          10
        ]
      },
      "state_index": 16,
      "timestamp": 1763070295.673098
    },
    {
      "player": "square",
      "move": {
        "action": "move",
        "from": [
          3,
          8
        ],
        "to": [
          3,
          9
        ]
      },
      "state_index": 17,
      "timestamp": 1763070298.8490684
    },
    {
      "player": "circle",
      "move": {
        "action": "move",
        "from": [
          8,
          9
        ],
        "to": [
          8,
          10
        ]
      },
      "state_index": 18,
      "timestamp": 1763070300.0581417
    },
    {
      "player": "square",
      "move": {
        "action": "move",
        "from": [
          3,
          9
        ],
        "to": [
          3,
          11
        ]
      },
      "state_index": 19,
      "timestamp": 1763070303.1129227
    },
    {
      "player": "circle",
      "move": {
        "action": "flip",
        "from": [
          7,
          8
        ],
        "to": [
          7,
          8
        ],
        "orientation": "vertical"
      },
      "state_index": 20,
      "timestamp": 1763070304.3750122
    },
    {
      "player": "square",
      "move": {
        "action": "move",
        "from": [
          3,
          11
        ],
        "to": [
          4,
          11
        ]
      },
      "state_index": 21,
      "timestamp": 1763070306.100911
    },
    {
      "player": "circle",
      "move": {
        "action": "move",
        "from": [
          7,
          8
        ],
        "to": [
          2,
          9
        ]
      },
      "state_index": 22,
      "timestamp": 1763070307.5236757
    },
    {
      "player": "square",
      "move": {
        "action": "move",
        "from": [
          4,
          11
        ],
        "to": [
          4,
          10
        ]
      },
      "state_index": 23,
      "timestamp": 1763070308.8553097
    },
    {
      "player": "circle",
      "move": {
        "action": "move",
        "from": [
          4,
          8
        ],
        "to": [
          2,
          2
        ]
      },
      "state_index": 24,
      "timestamp": 1763070309.757925
    },
    {
      "player": "square",
      "move": {
        "action": "move",
        "from": [
          4,
          4
        ],
        "to": [
          4,
          5
        ]
      },
      "state_index": 25,
      "timestamp": 1763070312.542212
    },
    {
      "player": "circle",
      "move": {
        "action": "flip",
        "from": [
          4,
          2
        ],
        "to": [
          4,
          2
        ],
        "orientation": "horizontal"
      },
      "state_index": 26,
      "timestamp": 1763070314.409907
    },
    {
      "player": "square",
      "move": {
        "action": "move",
        "from": [
          4,
          5
        ],
        "to": [
          4,
          6
        ]
      },
      "state_index": 27,
      "timestamp": 1763070316.7982645
    },
    {
      "player": "circle",
      "move": {
        "action": "move",
        "from": [
          6,
          8
        ],
        "to": [
          2,
          3
        ]
      },
      "state_index": 28,
      "timestamp": 1763070317.539323
    },
    {
      "player": "square",
      "move": {
        "action": "move",
        "from": [
          4,
          6
        ],
        "to": [
          4,
          7
        ]
      },
      "state_index": 29,
      "timestamp": 1763070320.3723116
    },
    {
      "player": "circle",
      "move": {
        "action": "flip",
        "from": [
          2,
          3
        ],
        "to": [
          2,
          3
        ],
        "orientation": "horizontal"
      },
      "state_index": 30,
      "timestamp": 1763070321.595493
    },
    {
      "player": "square",
      "move": {
        "action": "move",
        "from": [
          4,
          7
        ],
        "to": [
          4,
          8
        ]
      },
      "state_index": 31,
      "timestamp": 1763070326.4027443
    },
    {
      "player": "circle",
      "move": {
        "action": "push",
        "from": [
          2,
          3
        ],
        "to": [
          2,
          2
        ],
        "pushed_to": [
          6,
          2
        ]
      },
      "state_index": 32,
      "timestamp": 1763070328.3849027
    },
    {
      "player": "square",
      "move": {
        "action": "move",
        "from": [
          4,
          8
        ],
        "to": [
          4,
          7
        ]
      },
      "state_index": 33,
      "timestamp": 1763070330.1395414
    },
    {
      "player": "circle",
      "move": {
        "action": "move",
        "from": [
          5,
          8
        ],
        "to": [
          2,
          4
        ]
      },
      "state_index": 34,
      "timestamp": 1763070331.2576046
    },
    {
      "player": "square",
      "move": {
        "action": "move",
        "from": [
          4,
          7
        ],
        "to": [
          4,
          8
        ]
      },
      "state_index": 35,
      "timestamp": 1763070332.999032
    },
    {
      "player": "circle",
      "move": {
        "action": "move",
        "from": [
          2,
          9
        ],
        "to": [
          3,
          9
        ]
      },
      "state_index": 36,
      "timestamp": 1763070334.2420344
    },
    {
      "player": "square",
      "move": {
        "action": "move",
        "from": [
          4,
          8
        ],
        "to": [
          3,
          8
        ]
      },
      "state_index": 37,
      "timestamp": 1763070336.3237758
    },
    {
      "player": "circle",
      "move": {
        "action": "move",
        "from": [
          8,
          8
        ],
        "to": [
          8,
          9
        ]
      },
      "state_index": 38,
      "timestamp": 1763070337.1619627
    },
    {
      "player": "square",
      "move": {
        "action": "move",
        "from": [
          3,
          8
        ],
        "to": [
          4,
          8
        ]
      },
      "state_index": 39,
      "timestamp": 1763070338.6297612
    },
    {
      "player": "circle",
      "move": {
        "action": "move",
        "from": [
          3,
          9
        ],
        "to": [
          4,
          3
        ]
      },
      "state_index": 40,
      "timestamp": 1763070339.4656286
    },
    {
      "player": "square",
      "move": {
        "action": "move",
        "from": [
          4,
          8
        ],
        "to": [
          3,
          8
        ]
      },
      "state_index": 41,
      "timestamp": 1763070341.6758113
    },
    {
      "player": "circle",
      "move": {
        "action": "move",
        "from": [
          4,
          3
        ],
        "to": [
          5,
          2
        ]
      },
      "state_index": 42,
      "timestamp": 1763070342.4628541
    },
    {
      "player": "square",
      "move": {
        "action": "move",
        "from": [
          3,
          8
        ],
        "to": [
          3,
          9
        ]
      },
      "state_index": 43,
      "timestamp": 1763070343.9621701
    },
    {
      "player": "circle",
      "move": {
        "action": "move",
        "from": [
          6,
          2
        ],
        "to": [
          7,
          2
        ]
      },
      "state_index": 44,
      "timestamp": 1763070344.822563
    },
    {
      "player": "square",
      "move": {
        "action": "move",
        "from": [
          3,
          9
        ],
        "to": [
          3,
          8
        ]
      },
      "state_index": 45,
      "timestamp": 1763070346.2456741
    },
    {
      "player": "circle",
      "move": {
        "action": "move",
        "from": [
          5,
          2
        ],
        "to": [
          6,
          2
        ]
      },
      "state_index": 46,
      "timestamp": 1763070346.905879
    },
    {
      "player": "square",
      "move": {
        "action": "move",
        "from": [
          3,
          8
        ],
        "to": [
          3,
          9
        ]
      },
      "state_index": 47,
      "timestamp": 1763070348.7415907
    },
    {
      "player": "circle",
      "move": {
        "action": "move",
        "from": [
          4,
          2
        ],
        "to": [
          5,
          2
        ]
      },
      "state_index": 48,
      "timestamp": 1763070349.9684608
    },
    {
      "player": "square",
      "move": {
        "action": "move",
        "from": [
          3,
          9
        ],
        "to": [
          3,
          8
        ]
      },
      "state_index": 49,
      "timestamp": 1763070351.313234
    },
    {
      "player": "circle",
      "move": {
        "action": "flip",
        "from": [
          6,
          2
        ],
        "to": [
          6,
          2
        ],
        "orientation": null
      },
      "state_index": 50,
      "timestamp": 1763070352.011731
    },
    {
      "player": "square",
      "move": {
        "action": "push",
        "from": [
          7,
          3
        ],
        "to": [
          8,
          3
        ],
        "pushed_to": [
          9,
          3
        ]
      },
      "state_index": 51,
      "timestamp": 1763070353.822265
    },
    {
      "player": "circle",
      "move": {
        "action": "flip",
        "from": [
          5,
          2
        ],
        "to": [
          5,
          2
        ],
        "orientation": null
      },
      "state_index": 52,
      "timestamp": 1763070354.9850132
    },
    {
      "player": "square",
      "move": {
        "action": "move",
        "from": [
          8,
          4
        ],
        "to": [
          8,
          5
        ]
      },
      "state_index": 53,
      "timestamp": 1763070356.4520907
    },
    {
      "player": "circle",
      "move": {
        "action": "flip",
        "from": [
          8,
          9
        ],
        "to": [
          8,
          9
        ],
        "orientation": "horizontal"
      },
      "state_index": 54,
      "timestamp": 1763070356.8825788
    },
    {
      "player": "square",
      "move": {
        "action": "move",
        "from": [
          3,
          8
        ],
        "to": [
          3,
          9
        ]
      },
      "state_index": 55,
      "timestamp": 1763070358.524217
    },
    {
      "player": "circle",
      "move": {
        "action": "flip",
        "from": [
          2,
          4
        ],
        "to": [
          2,
          4
        ],
        "orientation": "vertical"
      },
      "state_index": 56,
      "timestamp": 1763070360.0788803
    },
    {
      "player": "square",
      "move": {
        "action": "move",
        "from": [
          3,
          9
        ],
        "to": [
          3,
          8
        ]
      },
      "state_index": 57,
      "timestamp": 1763070362.2538598
    },
    {
      "player": "circle",
      "move": {
        "action": "move",
        "from": [
          2,
          4
        ],
        "to": [
          2,
          3
        ]
      },
      "state_index": 58,
      "timestamp": 1763070363.0406291
    },
    {
      "player": "square",
      "move": {
        "action": "move",
        "from": [
          3,
          8
        ],
        "to": [
          3,
          9
        ]
      },
      "state_index": 59,
      "timestamp": 1763070366.4232335
    },
    {
      "player": "circle",
      "move": {
        "action": "rotate",
        "from": [
          2,
          3
        ],
        "to": [
          2,
          3
        ]
      },
      "state_index": 60,
      "timestamp": 1763070367.4243708
    },
    {
      "player": "square",
      "move": {
        "action": "move",
        "from": [
          3,
          9
        ],
        "to": [
          2,
          9
        ]
      },
      "state_index": 61,
      "timestamp": 1763070376.7863486
    },
    {
      "player": "circle",
      "move": {
        "action": "push",
        "from": [
          2,
          3
        ],
        "to": [
          2,
          2
        ],
        "pushed_to": [
          4,
          2
        ]
      },
      "state_index": 62,
      "timestamp": 1763070377.5436912
    }
  ]
}