{
  "metadata": {
    "rows": 13,
    "cols": 12,
    "timestamp": 1763115038.7851295,
    "version": "1.0",
    "winner": "square",
    "final_scores": {
      "circle": 20.0,
      "square": 80.0
    },
    "game_duration": 75.42192912101746
  },
  "states": [
    ".......................................aaaaaa......aaaaaa..........................................AAAACA......AAAAAA.......................................",
    "...........................a............aaaaa......aaaaaa..........................................AAAACA......AAAAAA.......................................",
    "...........................a............aaaaa......aaaaaa.................................A........AAAACA......AAA.AA.......................................",
    "...........................a....a.......aaaa.......aaaaaa.................................A........AAAACA......AAA.AA.......................................",
    "...........................a....a.......aaaa.......aaaaaa.................................A........ACAACA......AAA.AA.......................................",
    "...........................a....a.......aaaa.......caaaaa.................................A........ACAACA......AAA.AA.......................................",
    "...........................a....a.......aaaa.......caaaaa.......A.........................A........ACAACA......A.A.AA.......................................",
    "...........................a....a.......aaaa.......c.aaaa.......A......................a..A........ACAACA......A.A.AA.......................................",
    "...........................a....a.......aaaa.......c.aaaa.......B......................a..A........ACAACA......A.A.AA.......................................",
    "...........................a....a.......aaaa.......c.aaaa.......B.......................a.A........ACAACA......A.A.AA.......................................",
    "...........................a....a.......aaaa.......c.aaaa.......BA......................a.A........A.AACA......A.A.AA.......................................",
    "...........................a....a.......aaaa.......c.aaaa.......BA......................c.A........A.AACA......A.A.AA.......................................",
    "...........................a....a.......aaaa.......c.aaaa.......BA......................c.A........C.AACA......A.A.AA.......................................",
    "...........................a....a.......aaaa.......c.baaa.......BA......................c.A........C.AACA......A.A.AA.......................................",
    "...........................a....a.......aaaa.......c.baaa........A....A.................c.A........C.AACA......A.A.AA.......................................",
    "...........................a....a.......aaaa........cbaaa........A....A.................c.A........C.AACA......A.A.AA.......................................",
    "...........................a....a.......aaaa........cbaaa.......A.....A.................c.A........C.AACA......A.A.AA.......................................",
    "...........................a....a.......aaaa........ccaaa.......A.....A.................c.A........C.AACA......A.A.AA.......................................",
    "...........................a....a.......aaaa........ccaaa.......A.....C.................c.A........C.AACA......A.A.AA.......................................",
    "...........................a....a.......aaaa........cc.aa.......A.....C.................caA........C.AACA......A.A.AA.......................................",
    "...........................a....a.......aaaa........cc.aa.......A.....C.......A.........caA........C.A.CA......A.A.AA.......................................",
    "...........................a....a.......aaaa........cc.aa.......A.....C.......A.........c.A........C.A.CA......A.A.AA.......a...............................",
    "...........................a....a.......aaaa........cc.aa.......A.....C.......A.........c.A.A......C.A.CA......A.A.A........a...............................",
    "...........................a....a.......aaaa........cc.aa.......A.....C.......A.........c.A.A......C.A.CA......A.A.A.........a..............................",
    "...........................a....a.......aaaa........cc.aa.......A.....C.......B.........c.A.A......C.A.CA......A.A.A.........a..............................",
    "...........................a....a.......aaaa........c..aa.......A.....C.......B.........caA.A......C.A.CA......A.A.A.........a..............................",
    "...........................a....a......Aaaaa........c..aa.......A.....C.......B.........caA.A........A.CA......A.A.A.........a..............................",
    "...........................a....a......Aaaaa........c..aa.......A.....C.......B.........c.A.A........A.CA......A.A.A........aa..............................",
    "...........................a....a......Aaaaa........c..aa.......A..A..C.......B.........c.A.A........A..A......A.A.A........aa..............................",
    "...........................a....a......Aaaaa........c..aa.......A..A..C.......B.........c.A.A........A..A......A.A.A.........aa.............................",
    "...........................a....a......Aaaaa........c..aa.......A..A..C.......B.........c.A.A........A..A......A..AA.........aa.............................",
    "...........................a....a......Aacaa........c..aa.......A..A..C.......B.........c.A.A........A..A......A..AA.........aa.............................",
    "...........................a....a.....A.acaa........c..aa.......A..A..C.......B.........c.A.A........A..A......A..AA.........aa.............................",
    "...........................a....a.....A..caa........c..aa.......A..A..C.......B.........caA.A........A..A......A..AA.........aa.............................",
    "...........................aA...a.....A..caa........c..aa..........A..C.......B.........caA.A........A..A......A..AA.........aa.............................",
    "...........................aA...a.....A..caa........c..aa..........A..C.......B.........c.A.A........A..A......A..AA........aaa.............................",
    "...........................a.A..a.....A..caa........c..aa..........A..C.......B.........c.A.A........A..A......A..AA........aaa.............................",
    "...........................a.A..a.....A..caa........a..aa..........A..C.......B.........c.A.A........A..A......A..AA........aaa.............................",
    "...........................a.A..a.....A..caa........a..aa..........A..C.......B.........c.A.A........AA.A......A...A........aaa.............................",
    "...........................a.A..a.....A...aa........a..aa..........A..C.......B...a.....c.A.A........AA.A......A...A........aaa.............................",
    "...........................a.A..a.....A...aa........a..aa..........A..C.......B...a.....c.A.A........CA.A......A...A........aaa.............................",
    "...........................a.A..a.....A...aa........a..aa..........A..C.......B...a.....c.A.A........CA.A......A...A........a.aa............................",
    "...........................aA...a.....A...aa........a..aa..........A..C.......B...a.....c.A.A........CA.A......A...A........a.aa............................",
    "...........................aA...a.....A..aa.........a..aa..........A..C.......B...a.....c.A.A........CA.A......A...A........a.aa............................",
    "...........................aA...a.....A..aa.........a..aa..........A..A.......B...a.....c.A.A........CA.A......A...A........a.aa............................",
    "...........................aA...a.....A..ca.........a..aa..........A..A.......B...a.....c.A.A........CA.A......A...A........a.aa............................",
    "...........................aAA..a.....A..ca.........a..aa..........A..A.......B...a.....c.A.A........C..A......A...A........a.aa............................",
    "...........................aAA..a.....A..c..........a..aa..........A..A.......B...a.....c.A.A........C..A......A...A........aaaa............................"
  ],
  "moves": [
    {
      "player": "circle",
      "move": {
        "action": "flip",
        "from": [
          7,
          8
        ],
        "to": [
          0,
          0
        ],
        "orientation": "vertical"
      },
      "state_index": 0,
      "timestamp": 1763115047.1908572
    },
    {
      "player": "square",
      "move": {
        "action": "move",
        "from": [
          3,
          3
        ],
        "to": [
          3,
          2
        ]
      },
      "state_index": 1,
      "timestamp": 1763115047.7072377
    },
    {
      "player": "circle",
      "move": {
        "action": "push",
        "from": [
          6,
          9
        ],
        "to": [
          6,
          8
        ],
        "pushed_to": [
          6,
          7
        ]
      },
      "state_index": 2,
      "timestamp": 1763115049.4131749
    },
    {
      "player": "square",
      "move": {
        "action": "move",
        "from": [
          8,
          3
        ],
        "to": [
          8,
          2
        ]
      },
      "state_index": 3,
      "timestamp": 1763115050.2255573
    },
    {
      "player": "circle",
      "move": {
        "action": "flip",
        "from": [
          4,
          8
        ],
        "to": [
          0,
          0
        ],
        "orientation": "vertical"
      },
      "state_index": 4,
      "timestamp": 1763115051.792968
    },
    {
      "player": "square",
      "move": {
        "action": "flip",
        "from": [
          3,
          4
        ],
        "orientation": "vertical"
      },
      "state_index": 5,
      "timestamp": 1763115052.7769547
    },
    {
      "player": "circle",
      "move": {
        "action": "move",
        "from": [
          4,
          9
        ],
        "to": [
          4,
          5
        ]
      },
      "state_index": 6,
      "timestamp": 1763115055.5876725
    },
    {
      "player": "square",
      "move": {
        "action": "move",
        "from": [
          4,
          4
        ],
        "to": [
          3,
          7
        ]
      },
      "state_index": 7,
      "timestamp": 1763115056.3334403
    },
    {
      "player": "circle",
      "move": {
        "action": "flip",
        "from": [
          4,
          5
        ],
        "to": [
          0,
          0
        ],
        "orientation": "horizontal"
      },
      "state_index": 8,
      "timestamp": 1763115057.9720745
    },
    {
      "player": "square",
      "move": {
        "action": "move",
        "from": [
          3,
          7
        ],
        "to": [
          4,
          7
        ]
      },
      "state_index": 9,
      "timestamp": 1763115058.919698
    },
    {
      "player": "circle",
      "move": {
        "action": "push",
        "from": [
          4,
          8
        ],
        "to": [
          5,
          8
        ],
        "pushed_to": [
          5,
          5
        ]
      },
      "state_index": 10,
      "timestamp": 1763115061.1990252
    },
    {
      "player": "square",
      "move": {
        "action": "flip",
        "from": [
          4,
          7
        ],
        "orientation": "vertical"
      },
      "state_index": 11,
      "timestamp": 1763115061.482979
    },
    {
      "player": "circle",
      "move": {
        "action": "flip",
        "from": [
          3,
          8
        ],
        "to": [
          0,
          0
        ],
        "orientation": "vertical"
      },
      "state_index": 12,
      "timestamp": 1763115065.0222204
    },
    {
      "player": "square",
      "move": {
        "action": "flip",
        "from": [
          5,
          4
        ],
        "orientation": "horizontal"
      },
      "state_index": 13,
      "timestamp": 1763115066.0397148
    },
    {
      "player": "circle",
      "move": {
        "action": "push",
        "from": [
          4,
          5
        ],
        "to": [
          5,
          5
        ],
        "pushed_to": [
          10,
          5
        ]
      },
      "state_index": 14,
      "timestamp": 1763115069.5611389
    },
    {
      "player": "square",
      "move": {
        "action": "move",
        "from": [
          3,
          4
        ],
        "to": [
          4,
          4
        ]
      },
      "state_index": 15,
      "timestamp": 1763115070.6376228
    },
    {
      "player": "circle",
      "move": {
        "action": "move",
        "from": [
          5,
          5
        ],
        "to": [
          4,
          5
        ]
      },
      "state_index": 16,
      "timestamp": 1763115075.5516412
    },
    {
      "player": "square",
      "move": {
        "action": "rotate",
        "from": [
          5,
          4
        ]
      },
      "state_index": 17,
      "timestamp": 1763115075.6730192
    },
    {
      "player": "circle",
      "move": {
        "action": "flip",
        "from": [
          10,
          5
        ],
        "to": [
          0,
          0
        ],
        "orientation": "vertical"
      },
      "state_index": 18,
      "timestamp": 1763115078.3008761
    },
    {
      "player": "square",
      "move": {
        "action": "move",
        "from": [
          6,
          4
        ],
        "to": [
          5,
          7
        ]
      },
      "state_index": 19,
      "timestamp": 1763115079.251779
    },
    {
      "player": "circle",
      "move": {
        "action": "push",
        "from": [
          6,
          8
        ],
        "to": [
          6,
          7
        ],
        "pushed_to": [
          6,
          6
        ]
      },
      "state_index": 20,
      "timestamp": 1763115081.6121464
    },
    {
      "player": "square",
      "move": {
        "action": "move",
        "from": [
          5,
          7
        ],
        "to": [
          4,
          10
        ]
      },
      "state_index": 21,
      "timestamp": 1763115081.8339944
    },
    {
      "player": "circle",
      "move": {
        "action": "push",
        "from": [
          8,
          9
        ],
        "to": [
          8,
          8
        ],
        "pushed_to": [
          8,
          7
        ]
      },
      "state_index": 22,
      "timestamp": 1763115084.1734118
    },
    {
      "player": "square",
      "move": {
        "action": "move",
        "from": [
          4,
          10
        ],
        "to": [
          5,
          10
        ]
      },
      "state_index": 23,
      "timestamp": 1763115084.421704
    },
    {
      "player": "circle",
      "move": {
        "action": "flip",
        "from": [
          6,
          6
        ],
        "to": [
          0,
          0
        ],
        "orientation": "horizontal"
      },
      "state_index": 24,
      "timestamp": 1763115086.3362935
    },
    {
      "player": "square",
      "move": {
        "action": "push",
        "from": [
          5,
          4
        ],
        "to": [
          5,
          3
        ],
        "pushed_to": [
          5,
          7
        ]
      },
      "state_index": 25,
      "timestamp": 1763115087.005843
    },
    {
      "player": "circle",
      "move": {
        "action": "push",
        "from": [
          3,
          8
        ],
        "to": [
          3,
          9
        ],
        "pushed_to": [
          3,
          3
        ]
      },
      "state_index": 26,
      "timestamp": 1763115089.0823388
    },
    {
      "player": "square",
      "move": {
        "action": "move",
        "from": [
          5,
          7
        ],
        "to": [
          4,
          10
        ]
      },
      "state_index": 27,
      "timestamp": 1763115089.5875351
    },
    {
      "player": "circle",
      "move": {
        "action": "push",
        "from": [
          7,
          8
        ],
        "to": [
          7,
          9
        ],
        "pushed_to": [
          7,
          5
        ]
      },
      "state_index": 28,
      "timestamp": 1763115091.6880245
    },
    {
      "player": "square",
      "move": {
        "action": "push",
        "from": [
          4,
          10
        ],
        "to": [
          5,
          10
        ],
        "pushed_to": [
          6,
          10
        ]
      },
      "state_index": 29,
      "timestamp": 1763115092.277624
    },
    {
      "player": "circle",
      "move": {
        "action": "move",
        "from": [
          5,
          9
        ],
        "to": [
          6,
          9
        ]
      },
      "state_index": 30,
      "timestamp": 1763115094.0979679
    },
    {
      "player": "square",
      "move": {
        "action": "flip",
        "from": [
          5,
          3
        ],
        "orientation": "vertical"
      },
      "state_index": 31,
      "timestamp": 1763115094.863976
    },
    {
      "player": "circle",
      "move": {
        "action": "move",
        "from": [
          3,
          3
        ],
        "to": [
          2,
          3
        ]
      },
      "state_index": 32,
      "timestamp": 1763115097.3096716
    },
    {
      "player": "square",
      "move": {
        "action": "move",
        "from": [
          4,
          3
        ],
        "to": [
          5,
          7
        ]
      },
      "state_index": 33,
      "timestamp": 1763115097.4963953
    },
    {
      "player": "circle",
      "move": {
        "action": "move",
        "from": [
          4,
          5
        ],
        "to": [
          4,
          2
        ]
      },
      "state_index": 34,
      "timestamp": 1763115098.1833606
    },
    {
      "player": "square",
      "move": {
        "action": "move",
        "from": [
          5,
          7
        ],
        "to": [
          4,
          10
        ]
      },
      "state_index": 35,
      "timestamp": 1763115099.1861174
    },
    {
      "player": "circle",
      "move": {
        "action": "move",
        "from": [
          4,
          2
        ],
        "to": [
          5,
          2
        ]
      },
      "state_index": 36,
      "timestamp": 1763115101.2913392
    },
    {
      "player": "square",
      "move": {
        "action": "flip",
        "from": [
          4,
          4
        ]
      },
      "state_index": 37,
      "timestamp": 1763115101.8784597
    },
    {
      "player": "circle",
      "move": {
        "action": "move",
        "from": [
          6,
          9
        ],
        "to": [
          6,
          8
        ]
      },
      "state_index": 38,
      "timestamp": 1763115103.9450135
    },
    {
      "player": "square",
      "move": {
        "action": "push",
        "from": [
          5,
          3
        ],
        "to": [
          6,
          3
        ],
        "pushed_to": [
          10,
          6
        ]
      },
      "state_index": 39,
      "timestamp": 1763115104.549329
    },
    {
      "player": "circle",
      "move": {
        "action": "flip",
        "from": [
          5,
          8
        ],
        "to": [
          0,
          0
        ],
        "orientation": "vertical"
      },
      "state_index": 40,
      "timestamp": 1763115106.4512527
    },
    {
      "player": "square",
      "move": {
        "action": "push",
        "from": [
          5,
          10
        ],
        "to": [
          6,
          10
        ],
        "pushed_to": [
          7,
          10
        ]
      },
      "state_index": 41,
      "timestamp": 1763115108.3398364
    },
    {
      "player": "circle",
      "move": {
        "action": "move",
        "from": [
          5,
          2
        ],
        "to": [
          4,
          2
        ]
      },
      "state_index": 42,
      "timestamp": 1763115109.2757754
    },
    {
      "player": "square",
      "move": {
        "action": "push",
        "from": [
          7,
          3
        ],
        "to": [
          6,
          3
        ],
        "pushed_to": [
          5,
          3
        ]
      },
      "state_index": 43,
      "timestamp": 1763115109.9892845
    },
    {
      "player": "circle",
      "move": {
        "action": "flip",
        "from": [
          10,
          5
        ],
        "to": [
          0,
          0
        ],
        "orientation": ""
      },
      "state_index": 44,
      "timestamp": 1763115111.2588003
    },
    {
      "player": "square",
      "move": {
        "action": "flip",
        "from": [
          5,
          3
        ],
        "orientation": "vertical"
      },
      "state_index": 45,
      "timestamp": 1763115111.5856583
    },
    {
      "player": "circle",
      "move": {
        "action": "move",
        "from": [
          6,
          8
        ],
        "to": [
          5,
          2
        ]
      },
      "state_index": 46,
      "timestamp": 1763115113.2428389
    },
    {
      "player": "square",
      "move": {
        "action": "move",
        "from": [
          6,
          3
        ],
        "to": [
          5,
          10
        ]
      },
      "state_index": 47,
      "timestamp": 1763115114.2069523
    }
  ]
}