{
  "metadata": {
    "rows": 13,
    "cols": 12,
    "timestamp": 1763096241.2793176,
    "version": "1.0",
    "winner": "square",
    "final_scores": {
      "circle": 0.0,
      "square": 100.0
    },
    "game_duration": 52.32718205451965
  },
  "states": [
    ".......................................aaaaaa......aaaaaa..........................................AAAAAA......BAAAAA.......................................",
    "...........................a............aaaaa......aaaaaa..........................................AAAAAA......BAAAAA.......................................",
    "...........................a............aaaaa......aaaaaa...........................................AAAAA...A..BAAAAA.......................................",
    "...........................a....a.......aaaa.......aaaaaa...........................................AAAAA...A..BAAAAA.......................................",
    "...........................a....a.......aaaa.......aaaaaa...........................................AAAAA...C..BAAAAA.......................................",
    "...........................a....a.......aaaa.......caaaaa...........................................AAAAA...C..BAAAAA.......................................",
    "...........................a....a.......aaaa.......caaaaa...A.......................................AAAAA...C..B.AAAA.......................................",
    "...........................a....a.......aaaa.......c.aaaa...A.......................................AAAAA...C..BaAAAA.......................................",
    "...........................a....a.......aaaa.......c.aaaa...A.......................................AAAAA...C...AAAAA...........................a...........",
    "...........................a....a.......aaaa.......c.baaa...A.......................................AAAAA...C...AAAAA...........................a...........",
    "...........................a....a.......aaaa.......c.baaa...A.......................................AAAAA...A...AAAAA...........................a...........",
    "...........................a....a.......aaaa.......c.bbaa...A.......................................AAAAA...A...AAAAA...........................a...........",
    "...........................a....a.......aaaa....A..c.bbaa...........................................AAAAA...A...AAAAA...........................a...........",
    "...........................a....a.......aaaa....A..c..baa...........................................AAAAA...A...AAAAA......b....................a...........",
    "...........................a....a.......aaaa....A..c..baa...........................................AAAAA...A..AA.AAA......b....................a...........",
    "...........................a....a.......aaaa....A..c..baa...........................................AAAAA...A..AA.AAA.......b...................a...........",
    "...........................a....a.......aaaa....A..c..baa...........................................AAAAA...A...AAAAA.......b...................a...........",
    "...........................a....a.......aaaa....A..c..baa...........................................AAAAA...A...AAAAA.......a...................a...........",
    "...........................a....a...A...aaaa.......c..baa...........................................AAAAA...A...AAAAA.......a...................a...........",
    "...........................a....a...A...aaaa.......c..baa...........................................AAAAA...A...AAAAA........a..................a...........",
    "........................A..a....a.......aaaa.......c..baa...........................................AAAAA...A...AAAAA........a..................a...........",
    "........................A..a....a.......aaaa.......c..b.a...........................................AAAAA...A...AAAAA......a.a..................a...........",
    "........................A..a....a.......aaaa.......c..b.a................................A..........AAAAA...A...A.AAA......a.a..................a...........",
    "........................A..a....a.......aaaa.......c..b.a................................A..........AAAAA...A...A.AAA.......aa..................a...........",
    "........................A..a....a.......aaaa.......c..b.a....................A...........A..........A.AAA...A...A.AAA.......aa..................a...........",
    "........................A..a....a.......aaaa.......c..b.a....................A...........A..........A.AAA...A...A.AAA........aa.................a...........",
    "........................A..a....a.......aaaa.......c..b.a........A...........A......................A.AAA...A...A.AAA........aa.................a...........",
    "........................A..a....a.......aa.a.......c..b.a........A...........A......................A.AAA...A...A.AAA......a.aa.................a...........",
    "........................A..a....a.......aa.a.......c.Ab.a........A..................................A.AAA...A...A.AAA......a.aa.................a...........",
    "........................A..a....a.......aa.a.......c.Ab.a........A..................................A.AAA...A...A.AAA.......aaa.................a...........",
    "........................A..a....a.......aa.a.......cA.b.a........A..................................A.AAA...A...A.AAA.......aaa.................a...........",
    "........................A..a....a.......aa.a.......cA.b.a........A..................................A.AAA...A...A.AAA.......a.aa................a...........",
    "........................A..a....a.......aa.a.......cA.b.a.......A...................................A.AAA...A...A.AAA.......a.aa................a...........",
    "........................A..a....a.......ac.a.......cA.b.a.......A...................................A.AAA...A...A.AAA.......a.aa................a...........",
    "........................A..a....a.......ac.a.......cA.b.a.......A...................................AAA.A...A...A.AAA.......a.aa................a...........",
    "........................A..a....a.......ac.a.......cA.b.a.......A...................................AAA.A...A...A.AAA........aaa................a...........",
    "........................A..a....a.......ac.a.......cA.b.a.......A...................................AAAA....A...A.AAA........aaa................a...........",
    "........................A.......a......aac.a.......cA.b.a.......A...................................AAAA....A...A.AAA........aaa................a...........",
    "........................A.......a......aac.a.......cA.b.a.......A.........................A.........AAAA....A...A..AA........aaa................a...........",
    "........................A.......a.......ac.a.......cA.b.a.......A.........................A.........AAAA....A...A..AA......a.aaa................a...........",
    "...A....................A.......a.......ac.a.......c..b.a.......A.........................A.........AAAA....A...A..AA......a.aaa................a...........",
    "...A....................A.......a.......ac.a.......c..b.a.......A.........................A.........AAAA....A...A..AA.......aaaa................a..........."
  ],
  "moves": [
    {
      "player": "circle",
      "move": {
        "action": "flip",
        "from": [
          3,
          9
        ],
        "orientation": "horizontal"
      },
      "state_index": 0,
      "timestamp": 1763096264.3191025
    },
    {
      "player": "square",
      "move": {
        "action": "move",
        "from": [
          3,
          3
        ],
        "to": [
          3,
          2
        ]
      },
      "state_index": 1,
      "timestamp": 1763096265.0947173
    },
    {
      "player": "circle",
      "move": {
        "action": "move",
        "from": [
          3,
          8
        ],
        "to": [
          0,
          9
        ]
      },
      "state_index": 2,
      "timestamp": 1763096265.8326175
    },
    {
      "player": "square",
      "move": {
        "action": "move",
        "from": [
          8,
          3
        ],
        "to": [
          8,
          2
        ]
      },
      "state_index": 3,
      "timestamp": 1763096266.6097593
    },
    {
      "player": "circle",
      "move": {
        "action": "flip",
        "from": [
          0,
          9
        ],
        "orientation": "vertical"
      },
      "state_index": 4,
      "timestamp": 1763096267.3457303
    },
    {
      "player": "square",
      "move": {
        "action": "flip",
        "from": [
          3,
          4
        ],
        "orientation": "vertical"
      },
      "state_index": 5,
      "timestamp": 1763096268.158483
    },
    {
      "player": "circle",
      "move": {
        "action": "move",
        "from": [
          4,
          9
        ],
        "to": [
          0,
          5
        ]
      },
      "state_index": 6,
      "timestamp": 1763096268.8604002
    },
    {
      "player": "square",
      "move": {
        "action": "move",
        "from": [
          4,
          4
        ],
        "to": [
          4,
          9
        ]
      },
      "state_index": 7,
      "timestamp": 1763096269.7260623
    },
    {
      "player": "circle",
      "move": {
        "action": "push",
        "from": [
          3,
          9
        ],
        "to": [
          4,
          9
        ],
        "pushed_to": [
          0,
          12
        ]
      },
      "state_index": 8,
      "timestamp": 1763096271.699163
    },
    {
      "player": "square",
      "move": {
        "action": "flip",
        "from": [
          5,
          4
        ],
        "orientation": "horizontal"
      },
      "state_index": 9,
      "timestamp": 1763096272.2250774
    },
    {
      "player": "circle",
      "move": {
        "action": "flip",
        "from": [
          0,
          9
        ]
      },
      "state_index": 10,
      "timestamp": 1763096273.2827497
    },
    {
      "player": "square",
      "move": {
        "action": "flip",
        "from": [
          6,
          4
        ],
        "orientation": "horizontal"
      },
      "state_index": 11,
      "timestamp": 1763096273.7698605
    },
    {
      "player": "circle",
      "move": {
        "action": "move",
        "from": [
          0,
          5
        ],
        "to": [
          0,
          4
        ]
      },
      "state_index": 12,
      "timestamp": 1763096273.9035614
    },
    {
      "player": "square",
      "move": {
        "action": "move",
        "from": [
          5,
          4
        ],
        "to": [
          3,
          10
        ]
      },
      "state_index": 13,
      "timestamp": 1763096274.3469079
    },
    {
      "player": "circle",
      "move": {
        "action": "push",
        "from": [
          5,
          9
        ],
        "to": [
          4,
          9
        ],
        "pushed_to": [
          3,
          9
        ]
      },
      "state_index": 14,
      "timestamp": 1763096274.5268073
    },
    {
      "player": "square",
      "move": {
        "action": "move",
        "from": [
          3,
          10
        ],
        "to": [
          4,
          10
        ]
      },
      "state_index": 15,
      "timestamp": 1763096274.908073
    },
    {
      "player": "circle",
      "move": {
        "action": "push",
        "from": [
          3,
          9
        ],
        "to": [
          4,
          9
        ],
        "pushed_to": [
          5,
          9
        ]
      },
      "state_index": 16,
      "timestamp": 1763096275.7329843
    },
    {
      "player": "square",
      "move": {
        "action": "flip",
        "from": [
          4,
          10
        ]
      },
      "state_index": 17,
      "timestamp": 1763096276.4842033
    },
    {
      "player": "circle",
      "move": {
        "action": "move",
        "from": [
          0,
          4
        ],
        "to": [
          0,
          3
        ]
      },
      "state_index": 18,
      "timestamp": 1763096277.342862
    },
    {
      "player": "square",
      "move": {
        "action": "move",
        "from": [
          4,
          10
        ],
        "to": [
          5,
          10
        ]
      },
      "state_index": 19,
      "timestamp": 1763096278.0484138
    },
    {
      "player": "circle",
      "move": {
        "action": "move",
        "from": [
          0,
          3
        ],
        "to": [
          0,
          2
        ]
      },
      "state_index": 20,
      "timestamp": 1763096278.934515
    },
    {
      "player": "square",
      "move": {
        "action": "move",
        "from": [
          7,
          4
        ],
        "to": [
          3,
          10
        ]
      },
      "state_index": 21,
      "timestamp": 1763096279.62379
    },
    {
      "player": "circle",
      "move": {
        "action": "push",
        "from": [
          5,
          9
        ],
        "to": [
          5,
          8
        ],
        "pushed_to": [
          5,
          7
        ]
      },
      "state_index": 22,
      "timestamp": 1763096280.8868968
    },
    {
      "player": "square",
      "move": {
        "action": "move",
        "from": [
          3,
          10
        ],
        "to": [
          4,
          10
        ]
      },
      "state_index": 23,
      "timestamp": 1763096281.1685286
    },
    {
      "player": "circle",
      "move": {
        "action": "push",
        "from": [
          5,
          8
        ],
        "to": [
          5,
          7
        ],
        "pushed_to": [
          5,
          6
        ]
      },
      "state_index": 24,
      "timestamp": 1763096281.5264606
    },
    {
      "player": "square",
      "move": {
        "action": "push",
        "from": [
          4,
          10
        ],
        "to": [
          5,
          10
        ],
        "pushed_to": [
          6,
          10
        ]
      },
      "state_index": 25,
      "timestamp": 1763096281.7760167
    },
    {
      "player": "circle",
      "move": {
        "action": "push",
        "from": [
          5,
          7
        ],
        "to": [
          5,
          6
        ],
        "pushed_to": [
          5,
          5
        ]
      },
      "state_index": 26,
      "timestamp": 1763096282.1562955
    },
    {
      "player": "square",
      "move": {
        "action": "move",
        "from": [
          6,
          3
        ],
        "to": [
          3,
          10
        ]
      },
      "state_index": 27,
      "timestamp": 1763096282.3681104
    },
    {
      "player": "circle",
      "move": {
        "action": "push",
        "from": [
          5,
          6
        ],
        "to": [
          5,
          5
        ],
        "pushed_to": [
          5,
          4
        ]
      },
      "state_index": 28,
      "timestamp": 1763096283.069518
    },
    {
      "player": "square",
      "move": {
        "action": "move",
        "from": [
          3,
          10
        ],
        "to": [
          4,
          10
        ]
      },
      "state_index": 29,
      "timestamp": 1763096283.9725723
    },
    {
      "player": "circle",
      "move": {
        "action": "move",
        "from": [
          5,
          4
        ],
        "to": [
          4,
          4
        ]
      },
      "state_index": 30,
      "timestamp": 1763096284.817992
    },
    {
      "player": "square",
      "move": {
        "action": "push",
        "from": [
          5,
          10
        ],
        "to": [
          6,
          10
        ],
        "pushed_to": [
          7,
          10
        ]
      },
      "state_index": 31,
      "timestamp": 1763096285.601221
    },
    {
      "player": "circle",
      "move": {
        "action": "move",
        "from": [
          5,
          5
        ],
        "to": [
          4,
          5
        ]
      },
      "state_index": 32,
      "timestamp": 1763096286.4924266
    },
    {
      "player": "square",
      "move": {
        "action": "flip",
        "from": [
          5,
          3
        ],
        "orientation": "vertical"
      },
      "state_index": 33,
      "timestamp": 1763096287.1832147
    },
    {
      "player": "circle",
      "move": {
        "action": "push",
        "from": [
          7,
          8
        ],
        "to": [
          6,
          8
        ],
        "pushed_to": [
          5,
          8
        ]
      },
      "state_index": 34,
      "timestamp": 1763096288.1579485
    },
    {
      "player": "square",
      "move": {
        "action": "move",
        "from": [
          4,
          10
        ],
        "to": [
          5,
          10
        ]
      },
      "state_index": 35,
      "timestamp": 1763096288.7795317
    },
    {
      "player": "circle",
      "move": {
        "action": "move",
        "from": [
          8,
          8
        ],
        "to": [
          7,
          8
        ]
      },
      "state_index": 36,
      "timestamp": 1763096289.7646825
    },
    {
      "player": "square",
      "move": {
        "action": "move",
        "from": [
          3,
          2
        ],
        "to": [
          3,
          3
        ]
      },
      "state_index": 37,
      "timestamp": 1763096290.376378
    },
    {
      "player": "circle",
      "move": {
        "action": "push",
        "from": [
          6,
          9
        ],
        "to": [
          6,
          8
        ],
        "pushed_to": [
          6,
          7
        ]
      },
      "state_index": 38,
      "timestamp": 1763096291.4005582
    },
    {
      "player": "square",
      "move": {
        "action": "move",
        "from": [
          3,
          3
        ],
        "to": [
          3,
          10
        ]
      },
      "state_index": 39,
      "timestamp": 1763096291.9978833
    },
    {
      "player": "circle",
      "move": {
        "action": "move",
        "from": [
          4,
          4
        ],
        "to": [
          3,
          0
        ]
      },
      "state_index": 40,
      "timestamp": 1763096293.3407116
    },
    {
      "player": "square",
      "move": {
        "action": "move",
        "from": [
          3,
          10
        ],
        "to": [
          4,
          10
        ]
      },
      "state_index": 41,
      "timestamp": 1763096293.6064143
    }
  ]
}