{
  "metadata": {
    "rows": 13,
    "cols": 12,
    "timestamp": 1763070018.9041004,
    "version": "1.0",
    "winner": "square",
    "final_scores": {
      "circle": 20.0,
      "square": 80.0
    },
    "game_duration": 129.41250610351562
  },
  "states": [
    ".......................................aaaaaa......aaaaaa..........................................AAAAAA......BAAAAA.......................................",
    ".......................................aaaaaa......acaaaa..........................................AAAAAA......BAAAAA.......................................",
    ".......................................aaaaaa......acaaaa...........................................AAAAA...A..BAAAAA.......................................",
    ".......................................aaaaaa......a.aaaa...........................................AAAAA...A.aBAAAAA.......................................",
    ".......................................aaaaaa......a.aaaa...........................................AAAAA...C.aBAAAAA.......................................",
    ".......................................aaaaaa......a.aaaa...........................................AAAAA...C..BAAAAA.....a.................................",
    ".......................................aaaaaa......a.aaaa...A.......................................AAAAA...C..B.AAAA.....a.................................",
    ".......................................aaaaaa......a.aaca...A.......................................AAAAA...C..B.AAAA.....a.................................",
    ".......................................aaaaaa...A..a.aaca...........................................AAAAA...C..B.AAAA.....a.................................",
    ".......................................aaaaaa...A..a.aac...................................a........AAAAA...C..B.AAAA.....a.................................",
    "....................................A..aaaaaa......a.aac...................................a........AAAAA...C..B.AAAA.....a.................................",
    "....................................A..aaaaaa......a.aa...................................aa........AAAAA...C..B.AAAA.....a.................................",
    "........................A..............aaaaaa......a.aa...................................aa........AAAAA...C..B.AAAA.....a.................................",
    "........................A..............caaaaa......a.aa...................................aa........AAAAA...C..B.AAAA.....a.................................",
    ".........................A.............caaaaa......a.aa...................................aa........AAAAA...C..B.AAAA.....a.................................",
    ".........................A.............caaaaa......a.aa...................................aa........AAAAA...C..B.AAAA......a................................",
    "..........................A............caaaaa......a.aa...................................aa........AAAAA...C..B.AAAA......a................................",
    "..........................A............caaaaa......a.aa...................................aa........AAAAA...C..B.AAAA.......a...............................",
    "...........................A...........caaaaa......a.aa...................................aa........AAAAA...C..B.AAAA.......a...............................",
    "...A.......................a............aaaaa......a.aa...................................aa........AAAAA...C..B.AAAA.......a...............................",
    "...............A...........a............aaaaa......a.aa...................................aa........AAAAA...C..B.AAAA.......a...............................",
    "...A...........a........................aaaaa......a.aa...................................aa........AAAAA...C..B.AAAA.......a...............................",
    "....A..........a........................aaaaa......a.aa...................................aa........AAAAA...C..B.AAAA.......a...............................",
    "....A...........a.......................aaaaa......a.aa...................................aa........AAAAA...C..B.AAAA.......a...............................",
    ".....A..........a.......................aaaaa......a.aa...................................aa........AAAAA...C..B.AAAA.......a...............................",
    ".....A...........a......................aaaaa......a.aa...................................aa........AAAAA...C..B.AAAA.......a...............................",
    "....A............a......................aaaaa......a.aa...................................aa........AAAAA...C..B.AAAA.......a...............................",
    "....A............b......................aaaaa......a.aa...................................aa........AAAAA...C..B.AAAA.......a...............................",
    "................Ab......................aaaaa......a.aa...................................aa........AAAAA...C..B.AAAA.......a...............................",
    "................a......A................aaaaa......a.aa...................................aa........AAAAA...C..B.AAAA.......a...............................",
    "................a..................A....aaaaa......a.aa...................................aa........AAAAA...C..B.AAAA.......a...............................",
    "................a..................A....acaaa......a.aa...................................aa........AAAAA...C..B.AAAA.......a...............................",
    "................a.................A.....acaaa......a.aa...................................aa........AAAAA...C..B.AAAA.......a...............................",
    "................a.................A.....a.aaa......a.aa.................................a.aa........AAAAA...C..B.AAAA.......a...............................",
    "................a................A......a.aaa......a.aa.................................a.aa........AAAAA...C..B.AAAA.......a...............................",
    "................a...............aA......a.aa.......a.aa.................................a.aa........AAAAA...C..B.AAAA.......a...............................",
    "................a....A..........a.......a.aa.......a.aa.................................a.aa........AAAAA...C..B.AAAA.......a...............................",
    "................a....A..........a.......a.aa.......a.aa...................................aa........aAAAA...C..BAAAAA.......a...............................",
    "................a...A...........a.......a.aa.......a.aa...................................aa........aAAAA...C..BAAAAA.......a...............................",
    "........A.......a...a...................a.aa.......a.aa...................................aa........aAAAA...C..BAAAAA.......a...............................",
    ".......A........a...a...................a.aa.......a.aa...................................aa........aAAAA...C..BAAAAA.......a...............................",
    ".......A........a..a....................a.aa.......a.aa...................................aa........aAAAA...C..BAAAAA.......a...............................",
    "......A.........a..a....................a.aa.......a.aa...................................aa........aAAAA...C..BAAAAA.......a...............................",
    "......A.........a.a.....................a.aa.......a.aa...................................aa........aAAAA...C..BAAAAA.......a...............................",
    ".....A..........a.a.....................a.aa.......a.aa...................................aa........aAAAA...C..BAAAAA.......a...............................",
    ".....A...........aa.....................a.aa.......a.aa...................................aa........aAAAA...C..BAAAAA.......a...............................",
    "....A............aa.....................a.aa.......a.aa...................................aa........aAAAA...C..BAAAAA.......a...............................",
    "....A............ba.....................a.aa.......a.aa...................................aa........aAAAA...C..BAAAAA.......a...............................",
    "................Aba.....................a.aa.......a.aa...................................aa........aAAAA...C..BAAAAA.......a...............................",
    "............A...a.a.....................a.aa.......a.aa...................................aa........aAAAA...C..BAAAAA.......a...............................",
    "................a.a.....A...............a.aa.......a.aa...................................aa........aAAAA...C..BAAAAA.......a...............................",
    "................a.a.....A...............a.aa.......a.aa...................................aa........bAAAA...C..BAAAAA.......a...............................",
    "................a.a......A..............a.aa.......a.aa...................................aa........bAAAA...C..BAAAAA.......a...............................",
    "................a.a......A..............a.aa.......a.aa.................A.................aa.........AAAA...C..BaAAAA.......a...............................",
    "................a.a.......A.............a.aa.......a.aa.................A.................aa.........AAAA...C..BaAAAA.......a...............................",
    "................a.a.......A.............a.aa.......a.aa.................A.................aa.........AAAA...C..BbAAAA.......a...............................",
    "................a.a........A............a.aa.......a.aa.................A.................aa.........AAAA...C..BbAAAA.......a...............................",
    "................a.a........A............a.ba.......a.aa.................A.................aa.........AAAA...C..BbAAAA.......a...............................",
    "................a.a.........A...........a.ba.......a.aa.................A.................aa.........AAAA...C..BbAAAA.......a...............................",
    "................a.a.........A...........a.ba.......a.aa.................A.................aa.........AAAA...C..B.AAAA.......a..a............................",
    "................a.a.........A...........a.ba.......a.aa.................A.................aaA........AAA....C..B.AAAA.......a..a............................",
    "................a.a.........A...........c.ba.......a.aa.................A.................aaA........AAA....C..B.AAAA.......a..a............................",
    "................a.a.........A...........c.ba.......a.aa.................A.......A.........aa.........AAA....C..B.AAAA.......a..a............................",
    "................a.a.........A...........c.b........a.aa.................A.......A.........aa........aAAA....C..B.AAAA.......a..a............................",
    "................a.a.........A...........c.b........a.aa.................A......A..........aa........aAAA....C..B.AAAA.......a..a............................",
    "................a.a.........A.............b........acaa.................A......A..........aa........aAAA....C..B.AAAA.......a..a............................",
    "................a.a.........A.............b........acaa............A....A.................aa........aAAA....C..B.AAAA.......a..a............................",
    "................a.a.........A.............b........acaa............A....A.................aa........bAAA....C..B.AAAA.......a..a............................",
    "................a.a.........A.............b........acaaA................A.................aa........bAAA....C..B.AAAA.......a..a............................",
    "................a.a.........A.............b........acaaA................A.................aa.........AAA....C..BbAAAA.......a..a............................",
    "................a.a.........A.............bA.......acaa.................A.................aa.........AAA....C..BbAAAA.......a..a............................",
    "................a.a.........A.............bA.......acaa.................A.................aa.........AAA....C..B.AAAA.......a.aa............................",
    "................a.a.........A..A..........b........acaa.................A.................aa.........AAA....C..B.AAAA.......a.aa............................",
    "................a.a.........A..A..........b........ac.a.................A.................aa.........AAA....C..BaAAAA.......a.aa............................",
    "................a.a.........A..A..........b........ac.a.................A................Aaa..........AA....C..BaAAAA.......a.aa............................",
    "................a.a.........A..A..........b........ac.a.................A................Aaa..........AA....C..BbAAAA.......a.aa............................",
    "................a.a.........A..A..........b........ac.a.................A....A............aa..........AA....C..BbAAAA.......a.aa............................",
    "................a.a.........A..A..........b........ac.a.................A....A............aa..........AA....C..B.AAAA.......aaaa............................"
  ],
  "moves": [
    {
      "player": "circle",
      "move": {
        "action": "flip",
        "from": [
          3,
          9
        ],
        "to": [
          0,
          0
        ],
        "orientation": "horizontal"
      },
      "state_index": 0,
      "timestamp": 1763070074.1281035
    },
    {
      "player": "square",
      "move": {
        "action": "flip",
        "from": [
          4,
          4
        ],
        "to": [
          4,
          4
        ],
        "orientation": "vertical"
      },
      "state_index": 1,
      "timestamp": 1763070075.2200487
    },
    {
      "player": "circle",
      "move": {
        "action": "move",
        "from": [
          3,
          8
        ],
        "to": [
          0,
          9
        ]
      },
      "state_index": 2,
      "timestamp": 1763070075.6403162
    },
    {
      "player": "square",
      "move": {
        "action": "push",
        "from": [
          4,
          4
        ],
        "to": [
          3,
          4
        ],
        "pushed_to": [
          2,
          9
        ]
      },
      "state_index": 3,
      "timestamp": 1763070075.9184546
    },
    {
      "player": "circle",
      "move": {
        "action": "flip",
        "from": [
          0,
          9
        ],
        "to": [
          0,
          0
        ],
        "orientation": "vertical"
      },
      "state_index": 4,
      "timestamp": 1763070076.1483333
    },
    {
      "player": "square",
      "move": {
        "action": "move",
        "from": [
          2,
          9
        ],
        "to": [
          2,
          10
        ]
      },
      "state_index": 5,
      "timestamp": 1763070076.5312653
    },
    {
      "player": "circle",
      "move": {
        "action": "move",
        "from": [
          4,
          9
        ],
        "to": [
          0,
          5
        ]
      },
      "state_index": 6,
      "timestamp": 1763070076.6572254
    },
    {
      "player": "square",
      "move": {
        "action": "flip",
        "from": [
          7,
          4
        ],
        "to": [
          7,
          4
        ],
        "orientation": "vertical"
      },
      "state_index": 7,
      "timestamp": 1763070077.2052994
    },
    {
      "player": "circle",
      "move": {
        "action": "move",
        "from": [
          0,
          5
        ],
        "to": [
          0,
          4
        ]
      },
      "state_index": 8,
      "timestamp": 1763070078.4194996
    },
    {
      "player": "square",
      "move": {
        "action": "move",
        "from": [
          8,
          4
        ],
        "to": [
          7,
          7
        ]
      },
      "state_index": 9,
      "timestamp": 1763070078.8258731
    },
    {
      "player": "circle",
      "move": {
        "action": "move",
        "from": [
          0,
          4
        ],
        "to": [
          0,
          3
        ]
      },
      "state_index": 10,
      "timestamp": 1763070079.1160522
    },
    {
      "player": "square",
      "move": {
        "action": "push",
        "from": [
          7,
          4
        ],
        "to": [
          6,
          4
        ],
        "pushed_to": [
          6,
          7
        ]
      },
      "state_index": 11,
      "timestamp": 1763070079.4299874
    },
    {
      "player": "circle",
      "move": {
        "action": "move",
        "from": [
          0,
          3
        ],
        "to": [
          0,
          2
        ]
      },
      "state_index": 12,
      "timestamp": 1763070079.8051536
    },
    {
      "player": "square",
      "move": {
        "action": "flip",
        "from": [
          3,
          3
        ],
        "to": [
          3,
          3
        ],
        "orientation": "vertical"
      },
      "state_index": 13,
      "timestamp": 1763070080.0192678
    },
    {
      "player": "circle",
      "move": {
        "action": "move",
        "from": [
          0,
          2
        ],
        "to": [
          1,
          2
        ]
      },
      "state_index": 14,
      "timestamp": 1763070080.5674813
    },
    {
      "player": "square",
      "move": {
        "action": "move",
        "from": [
          2,
          10
        ],
        "to": [
          3,
          10
        ]
      },
      "state_index": 15,
      "timestamp": 1763070081.7167425
    },
    {
      "player": "circle",
      "move": {
        "action": "move",
        "from": [
          1,
          2
        ],
        "to": [
          2,
          2
        ]
      },
      "state_index": 16,
      "timestamp": 1763070082.3420196
    },
    {
      "player": "square",
      "move": {
        "action": "move",
        "from": [
          3,
          10
        ],
        "to": [
          4,
          10
        ]
      },
      "state_index": 17,
      "timestamp": 1763070083.417824
    },
    {
      "player": "circle",
      "move": {
        "action": "move",
        "from": [
          2,
          2
        ],
        "to": [
          3,
          2
        ]
      },
      "state_index": 18,
      "timestamp": 1763070084.1745625
    },
    {
      "player": "square",
      "move": {
        "action": "push",
        "from": [
          3,
          3
        ],
        "to": [
          3,
          2
        ],
        "pushed_to": [
          3,
          0
        ]
      },
      "state_index": 19,
      "timestamp": 1763070085.113334
    },
    {
      "player": "circle",
      "move": {
        "action": "move",
        "from": [
          3,
          0
        ],
        "to": [
          3,
          1
        ]
      },
      "state_index": 20,
      "timestamp": 1763070086.0169091
    },
    {
      "player": "square",
      "move": {
        "action": "push",
        "from": [
          3,
          2
        ],
        "to": [
          3,
          1
        ],
        "pushed_to": [
          3,
          0
        ]
      },
      "state_index": 21,
      "timestamp": 1763070086.736477
    },
    {
      "player": "circle",
      "move": {
        "action": "move",
        "from": [
          3,
          0
        ],
        "to": [
          4,
          0
        ]
      },
      "state_index": 22,
      "timestamp": 1763070087.799858
    },
    {
      "player": "square",
      "move": {
        "action": "move",
        "from": [
          3,
          1
        ],
        "to": [
          4,
          1
        ]
      },
      "state_index": 23,
      "timestamp": 1763070088.3581893
    },
    {
      "player": "circle",
      "move": {
        "action": "move",
        "from": [
          4,
          0
        ],
        "to": [
          5,
          0
        ]
      },
      "state_index": 24,
      "timestamp": 1763070089.5652814
    },
    {
      "player": "square",
      "move": {
        "action": "move",
        "from": [
          4,
          1
        ],
        "to": [
          5,
          1
        ]
      },
      "state_index": 25,
      "timestamp": 1763070089.9639435
    },
    {
      "player": "circle",
      "move": {
        "action": "move",
        "from": [
          5,
          0
        ],
        "to": [
          4,
          0
        ]
      },
      "state_index": 26,
      "timestamp": 1763070090.368676
    },
    {
      "player": "square",
      "move": {
        "action": "flip",
        "from": [
          5,
          1
        ],
        "to": [
          5,
          1
        ],
        "orientation": "horizontal"
      },
      "state_index": 27,
      "timestamp": 1763070090.5382457
    },
    {
      "player": "circle",
      "move": {
        "action": "move",
        "from": [
          4,
          0
        ],
        "to": [
          4,
          1
        ]
      },
      "state_index": 28,
      "timestamp": 1763070091.148613
    },
    {
      "player": "square",
      "move": {
        "action": "push",
        "from": [
          5,
          1
        ],
        "to": [
          4,
          1
        ],
        "pushed_to": [
          11,
          1
        ]
      },
      "state_index": 29,
      "timestamp": 1763070092.1639404
    },
    {
      "player": "circle",
      "move": {
        "action": "move",
        "from": [
          11,
          1
        ],
        "to": [
          11,
          2
        ]
      },
      "state_index": 30,
      "timestamp": 1763070092.9420464
    },
    {
      "player": "square",
      "move": {
        "action": "flip",
        "from": [
          5,
          3
        ],
        "to": [
          5,
          3
        ],
        "orientation": "vertical"
      },
      "state_index": 31,
      "timestamp": 1763070093.7734647
    },
    {
      "player": "circle",
      "move": {
        "action": "move",
        "from": [
          11,
          2
        ],
        "to": [
          10,
          2
        ]
      },
      "state_index": 32,
      "timestamp": 1763070094.7886477
    },
    {
      "player": "square",
      "move": {
        "action": "push",
        "from": [
          5,
          3
        ],
        "to": [
          4,
          3
        ],
        "pushed_to": [
          4,
          7
        ]
      },
      "state_index": 33,
      "timestamp": 1763070095.413841
    },
    {
      "player": "circle",
      "move": {
        "action": "move",
        "from": [
          10,
          2
        ],
        "to": [
          9,
          2
        ]
      },
      "state_index": 34,
      "timestamp": 1763070096.5542498
    },
    {
      "player": "square",
      "move": {
        "action": "move",
        "from": [
          8,
          3
        ],
        "to": [
          8,
          2
        ]
      },
      "state_index": 35,
      "timestamp": 1763070096.9989936
    },
    {
      "player": "circle",
      "move": {
        "action": "move",
        "from": [
          9,
          2
        ],
        "to": [
          9,
          1
        ]
      },
      "state_index": 36,
      "timestamp": 1763070097.330171
    },
    {
      "player": "square",
      "move": {
        "action": "push",
        "from": [
          4,
          7
        ],
        "to": [
          4,
          8
        ],
        "pushed_to": [
          4,
          9
        ]
      },
      "state_index": 37,
      "timestamp": 1763070097.577867
    },
    {
      "player": "circle",
      "move": {
        "action": "move",
        "from": [
          9,
          1
        ],
        "to": [
          8,
          1
        ]
      },
      "state_index": 38,
      "timestamp": 1763070098.1987123
    },
    {
      "player": "square",
      "move": {
        "action": "push",
        "from": [
          8,
          2
        ],
        "to": [
          8,
          1
        ],
        "pushed_to": [
          8,
          0
        ]
      },
      "state_index": 39,
      "timestamp": 1763070099.2040544
    },
    {
      "player": "circle",
      "move": {
        "action": "move",
        "from": [
          8,
          0
        ],
        "to": [
          7,
          0
        ]
      },
      "state_index": 40,
      "timestamp": 1763070100.0791233
    },
    {
      "player": "square",
      "move": {
        "action": "move",
        "from": [
          8,
          1
        ],
        "to": [
          7,
          1
        ]
      },
      "state_index": 41,
      "timestamp": 1763070100.8119857
    },
    {
      "player": "circle",
      "move": {
        "action": "move",
        "from": [
          7,
          0
        ],
        "to": [
          6,
          0
        ]
      },
      "state_index": 42,
      "timestamp": 1763070101.8599226
    },
    {
      "player": "square",
      "move": {
        "action": "move",
        "from": [
          7,
          1
        ],
        "to": [
          6,
          1
        ]
      },
      "state_index": 43,
      "timestamp": 1763070102.4265761
    },
    {
      "player": "circle",
      "move": {
        "action": "move",
        "from": [
          6,
          0
        ],
        "to": [
          5,
          0
        ]
      },
      "state_index": 44,
      "timestamp": 1763070103.6979537
    },
    {
      "player": "square",
      "move": {
        "action": "move",
        "from": [
          4,
          1
        ],
        "to": [
          5,
          1
        ]
      },
      "state_index": 45,
      "timestamp": 1763070104.041204
    },
    {
      "player": "circle",
      "move": {
        "action": "move",
        "from": [
          5,
          0
        ],
        "to": [
          4,
          0
        ]
      },
      "state_index": 46,
      "timestamp": 1763070104.588973
    },
    {
      "player": "square",
      "move": {
        "action": "flip",
        "from": [
          5,
          1
        ],
        "to": [
          5,
          1
        ],
        "orientation": "horizontal"
      },
      "state_index": 47,
      "timestamp": 1763070105.7558572
    },
    {
      "player": "circle",
      "move": {
        "action": "move",
        "from": [
          4,
          0
        ],
        "to": [
          4,
          1
        ]
      },
      "state_index": 48,
      "timestamp": 1763070106.5116463
    },
    {
      "player": "square",
      "move": {
        "action": "push",
        "from": [
          5,
          1
        ],
        "to": [
          4,
          1
        ],
        "pushed_to": [
          0,
          1
        ]
      },
      "state_index": 49,
      "timestamp": 1763070107.4763558
    },
    {
      "player": "circle",
      "move": {
        "action": "move",
        "from": [
          0,
          1
        ],
        "to": [
          0,
          2
        ]
      },
      "state_index": 50,
      "timestamp": 1763070108.4008517
    },
    {
      "player": "square",
      "move": {
        "action": "flip",
        "from": [
          4,
          8
        ],
        "to": [
          4,
          8
        ],
        "orientation": "horizontal"
      },
      "state_index": 51,
      "timestamp": 1763070109.208054
    },
    {
      "player": "circle",
      "move": {
        "action": "move",
        "from": [
          0,
          2
        ],
        "to": [
          1,
          2
        ]
      },
      "state_index": 52,
      "timestamp": 1763070110.2385767
    },
    {
      "player": "square",
      "move": {
        "action": "push",
        "from": [
          4,
          8
        ],
        "to": [
          4,
          9
        ],
        "pushed_to": [
          0,
          6
        ]
      },
      "state_index": 53,
      "timestamp": 1763070110.9083126
    },
    {
      "player": "circle",
      "move": {
        "action": "move",
        "from": [
          1,
          2
        ],
        "to": [
          2,
          2
        ]
      },
      "state_index": 54,
      "timestamp": 1763070112.0312915
    },
    {
      "player": "square",
      "move": {
        "action": "flip",
        "from": [
          4,
          9
        ],
        "to": [
          4,
          9
        ],
        "orientation": "horizontal"
      },
      "state_index": 55,
      "timestamp": 1763070112.5160205
    },
    {
      "player": "circle",
      "move": {
        "action": "move",
        "from": [
          2,
          2
        ],
        "to": [
          3,
          2
        ]
      },
      "state_index": 56,
      "timestamp": 1763070112.926514
    },
    {
      "player": "square",
      "move": {
        "action": "flip",
        "from": [
          6,
          3
        ],
        "to": [
          6,
          3
        ],
        "orientation": "horizontal"
      },
      "state_index": 57,
      "timestamp": 1763070113.262041
    },
    {
      "player": "circle",
      "move": {
        "action": "move",
        "from": [
          3,
          2
        ],
        "to": [
          4,
          2
        ]
      },
      "state_index": 58,
      "timestamp": 1763070113.8136683
    },
    {
      "player": "square",
      "move": {
        "action": "push",
        "from": [
          4,
          9
        ],
        "to": [
          4,
          10
        ],
        "pushed_to": [
          7,
          10
        ]
      },
      "state_index": 59,
      "timestamp": 1763070115.1153626
    },
    {
      "player": "circle",
      "move": {
        "action": "move",
        "from": [
          8,
          8
        ],
        "to": [
          8,
          7
        ]
      },
      "state_index": 60,
      "timestamp": 1763070115.8486085
    },
    {
      "player": "square",
      "move": {
        "action": "flip",
        "from": [
          4,
          3
        ],
        "to": [
          4,
          3
        ],
        "orientation": "vertical"
      },
      "state_index": 61,
      "timestamp": 1763070116.7620537
    },
    {
      "player": "circle",
      "move": {
        "action": "move",
        "from": [
          8,
          7
        ],
        "to": [
          8,
          6
        ]
      },
      "state_index": 62,
      "timestamp": 1763070117.9508107
    },
    {
      "player": "square",
      "move": {
        "action": "move",
        "from": [
          7,
          3
        ],
        "to": [
          4,
          8
        ]
      },
      "state_index": 63,
      "timestamp": 1763070118.6522167
    },
    {
      "player": "circle",
      "move": {
        "action": "move",
        "from": [
          8,
          6
        ],
        "to": [
          7,
          6
        ]
      },
      "state_index": 64,
      "timestamp": 1763070120.024117
    },
    {
      "player": "square",
      "move": {
        "action": "move",
        "from": [
          4,
          3
        ],
        "to": [
          4,
          4
        ]
      },
      "state_index": 65,
      "timestamp": 1763070120.3713987
    },
    {
      "player": "circle",
      "move": {
        "action": "move",
        "from": [
          7,
          6
        ],
        "to": [
          7,
          5
        ]
      },
      "state_index": 66,
      "timestamp": 1763070121.184935
    },
    {
      "player": "square",
      "move": {
        "action": "flip",
        "from": [
          4,
          8
        ],
        "to": [
          4,
          8
        ],
        "orientation": "horizontal"
      },
      "state_index": 67,
      "timestamp": 1763070122.778995
    },
    {
      "player": "circle",
      "move": {
        "action": "move",
        "from": [
          7,
          5
        ],
        "to": [
          7,
          4
        ]
      },
      "state_index": 68,
      "timestamp": 1763070124.305226
    },
    {
      "player": "square",
      "move": {
        "action": "move",
        "from": [
          4,
          8
        ],
        "to": [
          4,
          9
        ]
      },
      "state_index": 69,
      "timestamp": 1763070125.6742203
    },
    {
      "player": "circle",
      "move": {
        "action": "move",
        "from": [
          7,
          4
        ],
        "to": [
          7,
          3
        ]
      },
      "state_index": 70,
      "timestamp": 1763070126.4738517
    },
    {
      "player": "square",
      "move": {
        "action": "push",
        "from": [
          4,
          9
        ],
        "to": [
          4,
          10
        ],
        "pushed_to": [
          6,
          10
        ]
      },
      "state_index": 71,
      "timestamp": 1763070127.714286
    },
    {
      "player": "circle",
      "move": {
        "action": "move",
        "from": [
          7,
          3
        ],
        "to": [
          7,
          2
        ]
      },
      "state_index": 72,
      "timestamp": 1763070128.5972807
    },
    {
      "player": "square",
      "move": {
        "action": "move",
        "from": [
          5,
          4
        ],
        "to": [
          4,
          9
        ]
      },
      "state_index": 73,
      "timestamp": 1763070129.6315832
    },
    {
      "player": "circle",
      "move": {
        "action": "move",
        "from": [
          5,
          8
        ],
        "to": [
          5,
          7
        ]
      },
      "state_index": 74,
      "timestamp": 1763070130.8356094
    },
    {
      "player": "square",
      "move": {
        "action": "flip",
        "from": [
          4,
          9
        ],
        "to": [
          4,
          9
        ],
        "orientation": "horizontal"
      },
      "state_index": 75,
      "timestamp": 1763070131.4092505
    },
    {
      "player": "circle",
      "move": {
        "action": "move",
        "from": [
          5,
          7
        ],
        "to": [
          5,
          6
        ]
      },
      "state_index": 76,
      "timestamp": 1763070147.4769528
    },
    {
      "player": "square",
      "move": {
        "action": "push",
        "from": [
          4,
          9
        ],
        "to": [
          4,
          10
        ],
        "pushed_to": [
          5,
          10
        ]
      },
      "state_index": 77,
      "timestamp": 1763070148.3165483
    }
  ]
}