{
  "metadata": {
    "rows": 13,
    "cols": 12,
    "timestamp": 1763067089.7294333,
    "version": "1.0",
    "winner": "square",
    "final_scores": {
      "circle": 30.0,
      "square": 70.0
    },
    "game_duration": 69.16568064689636
  },
  "states": [
    ".......................................aaaaaa......aaaaaa..........................................AAAAAA......BAAAAA.......................................",
    ".......................................aaaa.aa.....aaaaaa..........................................AAAAAA......BAAAAA.......................................",
    ".......................................aaaa.aa.....aaaaaa...........................................AAAAA...A..BAAAAA.......................................",
    "......................................aa.aa.aa.....aaaaaa...........................................AAAAA...A..BAAAAA.......................................",
    "......................................aa.aa.aa.....aaaaaa...........................................AAAAA...C..BAAAAA.......................................",
    "......................................ac.aa.aa.....aaaaaa...........................................AAAAA...C..BAAAAA.......................................",
    "......................................ac.aa.aa.....aaaaaa...A.......................................AAAAA...C..B.AAAA.......................................",
    "......................................a..aa.aa.....aaaaaa...A.......................................AAAAA...C..B.AAAA.....a.................................",
    "......................................a..aa.aa.....aaaaaa...A......................................A.AAAA...C..B.AAAA.....a.................................",
    "......................................a..aa.aa.....aaaaaa...A......................................A.AAAA...C..B.AAAA.....b.................................",
    "......................................a..aa.aa.....aaaaaa...A.......................................AAAAA...C..B.AAAA.....b.................................",
    "......................................a..aa.aa.....aaaaaa...A.......................................AAAAA...C..B.AAAA......b................................",
    "......................................a..aa.aa.....aaaaaa...A......................................A.AAAA...C..B.AAAA......b................................",
    "......................................a..aa.aa.....aaaaaa...A......................................A.AAAA...C..B.AAAA.......b...............................",
    "......................................a..aa.aa..A..aaaaaa..........................................A.AAAA...C..B.AAAA.......b...............................",
    "......................................a..aa.aa..A..aaaaaa..........................................A.AAAA...C..B.AAAA.......a...............................",
    "....................................A.a..aa.aa.....aaaaaa..........................................A.AAAA...C..B.AAAA.......a...............................",
    "....................................A.a..aa..aa....aaaaaa..........................................A.AAAA...C..B.AAAA.......a...............................",
    "....................................A.a..aa..aa....aaaaaa.........................................A..AAAA...C..B.AAAA.......a...............................",
    "....................................A.a..aa..ca....aaaaaa.........................................A..AAAA...C..B.AAAA.......a...............................",
    "....................................A.a..aa..ca....aaaaaa.........................................A..AAA.A..C..B.AAAA.......a...............................",
    "....................................A.a..aa...a....aaaaaa.........................................A..AAA.A..C..B.AAAA.......a.....a.........................",
    "....................................A.a..aa...a....aaaaaa.........................................A..AAA.C..C..B.AAAA.......a.....a.........................",
    "....................................A.a..aa...a....aaaaaa.........................................A..AAA.C..C..B.AAAA.......a....a..........................",
    "....................................A.a..aa...a....aaaaaa.........................................A..AAAAC..C..B.AAA........a....a..........................",
    "....................................A.a..aa...a....aacaaa.........................................A..AAAAC..C..B.AAA........a....a..........................",
    ".................................A..A.a..aa...a....aacaaa.........................................A..AAA.C..C..B.AAA........a....a..........................",
    ".................................A..A.a..aa...a....aacaaa.........................................A..AAA.C..C..B.AAA........a...a...........................",
    "................................A...A.a..aa...a....aacaaa.........................................A..AAA.C..C..B.AAA........a...a...........................",
    "................................A...A.a..aa...a....aacaca.........................................A..AAA.C..C..B.AAA........a...a...........................",
    "...............................A....A.a..aa...a....aacaca.........................................A..AAA.C..C..B.AAA........a...a...........................",
    "...............................A....A.a..aa...a....aacaca.........................................A..AAA.C..C..B.AAA........a..a............................",
    "........................A......A......a..aa...a....aacaca.........................................A..AAA.C..C..B.AAA........a..a............................",
    "........................A......A......a..aa...a....aaca.a.........................................A..AAA.C..C..B.AAA........a..aa...........................",
    "........................B......A......a..aa...a....aaca.a.........................................A..AAA.C..C..B.AAA........a..aa...........................",
    "........................B......A......a..aa...a....aaca.a.........................................A..AAA.C..C..B.AAA........a.aa............................",
    "........................B......A......a..aa...a....aaca.a............................................AAA.C..C.AB.AAA........a.aa............................",
    "........................B......A......a..aa...a....aa.a.a............................................AAA.C..C.ABaAAA........a.aa............................",
    "........................B....A.A......a..aa...a....aa.a.a............................................AAA.C..C..BaAAA........a.aa............................",
    "........................B....A.A......a..aa...a....aa.a.a............................................AAA.C..C..BbAAA........a.aa............................",
    "........................B...AA.A......a..aa...a....aa.a.a............................................AAA.C..C..Bb.AA........a.aa............................",
    "........................B...AA.A......a..aa...a....aa.a.a............................................AAA.C..C..B..AA........aaaa............................"
  ],
  "moves": [
    {
      "player": "circle",
      "move": {
        "action": "flip",
        "from": [
          3,
          9
        ],
        "to": [
          0,
          0
        ],
        "orientation": "horizontal"
      },
      "state_index": 0,
      "timestamp": 1763067102.241245
    },
    {
      "player": "square",
      "move": {
        "action": "move",
        "from": [
          7,
          3
        ],
        "to": [
          9,
          3
        ]
      },
      "state_index": 1,
      "timestamp": 1763067102.8727596
    },
    {
      "player": "circle",
      "move": {
        "action": "move",
        "from": [
          3,
          8
        ],
        "to": [
          0,
          9
        ]
      },
      "state_index": 2,
      "timestamp": 1763067103.7548504
    },
    {
      "player": "square",
      "move": {
        "action": "move",
        "from": [
          4,
          3
        ],
        "to": [
          2,
          3
        ]
      },
      "state_index": 3,
      "timestamp": 1763067104.385186
    },
    {
      "player": "circle",
      "move": {
        "action": "flip",
        "from": [
          0,
          9
        ],
        "to": [
          0,
          0
        ],
        "orientation": "vertical"
      },
      "state_index": 4,
      "timestamp": 1763067105.2680256
    },
    {
      "player": "square",
      "move": {
        "action": "flip",
        "from": [
          3,
          3
        ],
        "to": [
          3,
          3
        ],
        "orientation": "vertical"
      },
      "state_index": 5,
      "timestamp": 1763067106.489157
    },
    {
      "player": "circle",
      "move": {
        "action": "move",
        "from": [
          4,
          9
        ],
        "to": [
          0,
          5
        ]
      },
      "state_index": 6,
      "timestamp": 1763067106.7803824
    },
    {
      "player": "square",
      "move": {
        "action": "push",
        "from": [
          3,
          3
        ],
        "to": [
          2,
          3
        ],
        "pushed_to": [
          2,
          10
        ]
      },
      "state_index": 7,
      "timestamp": 1763067108.499137
    },
    {
      "player": "circle",
      "move": {
        "action": "move",
        "from": [
          4,
          8
        ],
        "to": [
          3,
          8
        ]
      },
      "state_index": 8,
      "timestamp": 1763067109.5308115
    },
    {
      "player": "square",
      "move": {
        "action": "flip",
        "from": [
          2,
          10
        ],
        "to": [
          2,
          10
        ],
        "orientation": "horizontal"
      },
      "state_index": 9,
      "timestamp": 1763067111.6030579
    },
    {
      "player": "circle",
      "move": {
        "action": "move",
        "from": [
          3,
          8
        ],
        "to": [
          4,
          8
        ]
      },
      "state_index": 10,
      "timestamp": 1763067112.2759206
    },
    {
      "player": "square",
      "move": {
        "action": "move",
        "from": [
          2,
          10
        ],
        "to": [
          3,
          10
        ]
      },
      "state_index": 11,
      "timestamp": 1763067113.5502179
    },
    {
      "player": "circle",
      "move": {
        "action": "move",
        "from": [
          4,
          8
        ],
        "to": [
          3,
          8
        ]
      },
      "state_index": 12,
      "timestamp": 1763067114.0403304
    },
    {
      "player": "square",
      "move": {
        "action": "move",
        "from": [
          3,
          10
        ],
        "to": [
          4,
          10
        ]
      },
      "state_index": 13,
      "timestamp": 1763067115.2477458
    },
    {
      "player": "circle",
      "move": {
        "action": "move",
        "from": [
          0,
          5
        ],
        "to": [
          0,
          4
        ]
      },
      "state_index": 14,
      "timestamp": 1763067115.8593702
    },
    {
      "player": "square",
      "move": {
        "action": "flip",
        "from": [
          4,
          10
        ],
        "to": [
          4,
          10
        ],
        "orientation": ""
      },
      "state_index": 15,
      "timestamp": 1763067117.769867
    },
    {
      "player": "circle",
      "move": {
        "action": "move",
        "from": [
          0,
          4
        ],
        "to": [
          0,
          3
        ]
      },
      "state_index": 16,
      "timestamp": 1763067118.6238687
    },
    {
      "player": "square",
      "move": {
        "action": "push",
        "from": [
          8,
          3
        ],
        "to": [
          9,
          3
        ],
        "pushed_to": [
          10,
          3
        ]
      },
      "state_index": 17,
      "timestamp": 1763067120.127693
    },
    {
      "player": "circle",
      "move": {
        "action": "move",
        "from": [
          3,
          8
        ],
        "to": [
          2,
          8
        ]
      },
      "state_index": 18,
      "timestamp": 1763067120.3827412
    },
    {
      "player": "square",
      "move": {
        "action": "flip",
        "from": [
          9,
          3
        ],
        "to": [
          9,
          3
        ],
        "orientation": "vertical"
      },
      "state_index": 19,
      "timestamp": 1763067121.4849744
    },
    {
      "player": "circle",
      "move": {
        "action": "move",
        "from": [
          8,
          8
        ],
        "to": [
          9,
          8
        ]
      },
      "state_index": 20,
      "timestamp": 1763067122.1184564
    },
    {
      "player": "square",
      "move": {
        "action": "push",
        "from": [
          9,
          3
        ],
        "to": [
          10,
          3
        ],
        "pushed_to": [
          10,
          10
        ]
      },
      "state_index": 21,
      "timestamp": 1763067124.1398857
    },
    {
      "player": "circle",
      "move": {
        "action": "flip",
        "from": [
          9,
          8
        ],
        "to": [
          0,
          0
        ],
        "orientation": "vertical"
      },
      "state_index": 22,
      "timestamp": 1763067125.004631
    },
    {
      "player": "square",
      "move": {
        "action": "move",
        "from": [
          10,
          10
        ],
        "to": [
          9,
          10
        ]
      },
      "state_index": 23,
      "timestamp": 1763067126.48734
    },
    {
      "player": "circle",
      "move": {
        "action": "move",
        "from": [
          8,
          9
        ],
        "to": [
          8,
          8
        ]
      },
      "state_index": 24,
      "timestamp": 1763067126.714931
    },
    {
      "player": "square",
      "move": {
        "action": "flip",
        "from": [
          5,
          4
        ],
        "to": [
          5,
          4
        ],
        "orientation": "vertical"
      },
      "state_index": 25,
      "timestamp": 1763067129.750773
    },
    {
      "player": "circle",
      "move": {
        "action": "move",
        "from": [
          8,
          8
        ],
        "to": [
          9,
          2
        ]
      },
      "state_index": 26,
      "timestamp": 1763067130.4935887
    },
    {
      "player": "square",
      "move": {
        "action": "move",
        "from": [
          9,
          10
        ],
        "to": [
          8,
          10
        ]
      },
      "state_index": 27,
      "timestamp": 1763067132.1381018
    },
    {
      "player": "circle",
      "move": {
        "action": "move",
        "from": [
          9,
          2
        ],
        "to": [
          8,
          2
        ]
      },
      "state_index": 28,
      "timestamp": 1763067133.3386345
    },
    {
      "player": "square",
      "move": {
        "action": "flip",
        "from": [
          7,
          4
        ],
        "to": [
          7,
          4
        ],
        "orientation": "vertical"
      },
      "state_index": 29,
      "timestamp": 1763067137.5747015
    },
    {
      "player": "circle",
      "move": {
        "action": "move",
        "from": [
          8,
          2
        ],
        "to": [
          7,
          2
        ]
      },
      "state_index": 30,
      "timestamp": 1763067138.3027503
    },
    {
      "player": "square",
      "move": {
        "action": "move",
        "from": [
          8,
          10
        ],
        "to": [
          7,
          10
        ]
      },
      "state_index": 31,
      "timestamp": 1763067140.3328044
    },
    {
      "player": "circle",
      "move": {
        "action": "move",
        "from": [
          0,
          3
        ],
        "to": [
          0,
          2
        ]
      },
      "state_index": 32,
      "timestamp": 1763067141.505095
    },
    {
      "player": "square",
      "move": {
        "action": "push",
        "from": [
          7,
          4
        ],
        "to": [
          8,
          4
        ],
        "pushed_to": [
          8,
          10
        ]
      },
      "state_index": 33,
      "timestamp": 1763067142.8627067
    },
    {
      "player": "circle",
      "move": {
        "action": "flip",
        "from": [
          0,
          2
        ],
        "to": [
          0,
          0
        ],
        "orientation": "horizontal"
      },
      "state_index": 34,
      "timestamp": 1763067143.3237092
    },
    {
      "player": "square",
      "move": {
        "action": "push",
        "from": [
          8,
          10
        ],
        "to": [
          7,
          10
        ],
        "pushed_to": [
          6,
          10
        ]
      },
      "state_index": 35,
      "timestamp": 1763067146.9465733
    },
    {
      "player": "circle",
      "move": {
        "action": "move",
        "from": [
          2,
          8
        ],
        "to": [
          2,
          9
        ]
      },
      "state_index": 36,
      "timestamp": 1763067148.308226
    },
    {
      "player": "square",
      "move": {
        "action": "push",
        "from": [
          5,
          4
        ],
        "to": [
          4,
          4
        ],
        "pushed_to": [
          4,
          9
        ]
      },
      "state_index": 37,
      "timestamp": 1763067149.44972
    },
    {
      "player": "circle",
      "move": {
        "action": "move",
        "from": [
          2,
          9
        ],
        "to": [
          5,
          2
        ]
      },
      "state_index": 38,
      "timestamp": 1763067150.259665
    },
    {
      "player": "square",
      "move": {
        "action": "flip",
        "from": [
          4,
          9
        ],
        "to": [
          4,
          9
        ],
        "orientation": "horizontal"
      },
      "state_index": 39,
      "timestamp": 1763067152.3287961
    },
    {
      "player": "circle",
      "move": {
        "action": "move",
        "from": [
          5,
          9
        ],
        "to": [
          4,
          2
        ]
      },
      "state_index": 40,
      "timestamp": 1763067158.3267481
    },
    {
      "player": "square",
      "move": {
        "action": "push",
        "from": [
          4,
          9
        ],
        "to": [
          4,
          10
        ],
        "pushed_to": [
          5,
          10
        ]
      },
      "state_index": 41,
      "timestamp": 1763067158.895006
    }
  ]
}