{
  "metadata": {
    "rows": 13,
    "cols": 12,
    "timestamp": 1763067613.6977837,
    "version": "1.0",
    "winner": "square",
    "final_scores": {
      "circle": 30.0,
      "square": 70.0
    },
    "game_duration": 151.19606614112854
  },
  "states": [
    ".......................................aaaaaa......aaaaaa..........................................AAAAAA......BAAAAA.......................................",
    ".......................................aaaa.aa.....aaaaaa..........................................AAAAAA......BAAAAA.......................................",
    ".......................................aaaa.aa.....aaaaaa...........................................AAAAA...A..BAAAAA.......................................",
    "......................................aa.aa.aa.....aaaaaa...........................................AAAAA...A..BAAAAA.......................................",
    "......................................aa.aa.aa.....aaaaaa...........................................AAAAA...C..BAAAAA.......................................",
    "......................................ac.aa.aa.....aaaaaa...........................................AAAAA...C..BAAAAA.......................................",
    "......................................ac.aa.aa.....aaaaaa...A.......................................AAAAA...C..B.AAAA.......................................",
    "......................................a..aa.aa.....aaaaaa...A.......................................AAAAA...C..B.AAAA.....a.................................",
    "......................................a..aa.aa.....aaaaaa...A......................................A.AAAA...C..B.AAAA.....a.................................",
    "......................................a..aa.aa.....aaaaaa...A......................................A.AAAA...C..B.AAAA.....b.................................",
    "......................................a..aa.aa.....aaaaaa...A.......................................AAAAA...C..B.AAAA.....b.................................",
    "......................................a..aa.aa.....aaaaaa...A.......................................AAAAA...C..B.AAAA......b................................",
    "......................................a..aa.aa.....aaaaaa...A......................................A.AAAA...C..B.AAAA......b................................",
    "......................................a..aa.aa.....aaaaaa...A......................................A.AAAA...C..B.AAAA.......b...............................",
    "......................................a..aa.aa..A..aaaaaa..........................................A.AAAA...C..B.AAAA.......b...............................",
    "......................................a..aa.aa..A..aaaaaa..........................................A.AAAA...C..B.AAAA.......a...............................",
    "....................................A.a..aa.aa.....aaaaaa..........................................A.AAAA...C..B.AAAA.......a...............................",
    "....................................A.a..aa..aa....aaaaaa..........................................A.AAAA...C..B.AAAA.......a...............................",
    "....................................A.a..aa..aa....aaaaaa.........................................A..AAAA...C..B.AAAA.......a...............................",
    "....................................A.a..aa..ca....aaaaaa.........................................A..AAAA...C..B.AAAA.......a...............................",
    "....................................A.a..aa..ca....aaaaaa.........................................A..AAA.A..C..B.AAAA.......a...............................",
    "....................................A.a..aa...a....aaaaaa.........................................A..AAA.A..C..B.AAAA.......a.....a.........................",
    "....................................A.a..aa...a....aaaaaa.........................................A..AAA.C..C..B.AAAA.......a.....a.........................",
    "....................................A.a..aa...a....aaaaaa.........................................A..AAA.C..C..B.AAAA.......a....a..........................",
    "....................................A.a..aa...a....aaaaaa.........................................A..AAAAC..C..B.AAA........a....a..........................",
    "....................................A.a..aa...a....aacaaa.........................................A..AAAAC..C..B.AAA........a....a..........................",
    ".................................A..A.a..aa...a....aacaaa.........................................A..AAA.C..C..B.AAA........a....a..........................",
    ".................................A..A.a..aa...a....aacaaa.........................................A..AAA.C..C..B.AAA........a...a...........................",
    "................................A...A.a..aa...a....aacaaa.........................................A..AAA.C..C..B.AAA........a...a...........................",
    "................................A...A.a..aa...a....aacaca.........................................A..AAA.C..C..B.AAA........a...a...........................",
    "...............................A....A.a..aa...a....aacaca.........................................A..AAA.C..C..B.AAA........a...a...........................",
    "...............................A....A.a..aa...a....aacaca.........................................A..AAA.C..C..B.AAA........a..a............................",
    "........................A......A......a..aa...a....aacaca.........................................A..AAA.C..C..B.AAA........a..a............................",
    "........................A......A......a..aa...a....aaca.a.........................................A..AAA.C..C..B.AAA........a..aa...........................",
    "........................B......A......a..aa...a....aaca.a.........................................A..AAA.C..C..B.AAA........a..aa...........................",
    "........................B......A......a..aa...a....aaca.a.........................................A..AAA.C..C..B.AAA........a.aa............................",
    "........................B......A......a..aa...a....aaca.a............................................AAA.C..C.AB.AAA........a.aa............................",
    "........................B......A......a..aa...a....aa.a.a............................................AAA.C..C.ABaAAA........a.aa............................",
    "........................B.....AA......a..aa...a....aa.a.a............................................AAA.C..C..BaAAA........a.aa............................",
    "........................B.....AA......a..aa...a....aa.a.a............................................AAA.C..C..BbAAA........a.aa............................",
    "........................B....AAA......a..aa...a....aa.a.a............................................AAA.C..C..Bb.AA........a.aa............................",
    "........................B....AAA......a..aa...a....aa.a.a............................................AAA.C..C..B..AA........aaaa............................"
  ],
  "moves": [
    {
      "player": "circle",
      "move": {
        "action": "flip",
        "from": [
          3,
          9
        ],
        "to": [
          0,
          0
        ],
        "orientation": "horizontal"
      },
      "state_index": 0,
      "timestamp": 1763067710.5686657
    },
    {
      "player": "square",
      "move": {
        "action": "move",
        "from": [
          7,
          3
        ],
        "to": [
          9,
          3
        ]
      },
      "state_index": 1,
      "timestamp": 1763067710.902532
    },
    {
      "player": "circle",
      "move": {
        "action": "move",
        "from": [
          3,
          8
        ],
        "to": [
          0,
          9
        ]
      },
      "state_index": 2,
      "timestamp": 1763067711.0780272
    },
    {
      "player": "square",
      "move": {
        "action": "move",
        "from": [
          4,
          3
        ],
        "to": [
          2,
          3
        ]
      },
      "state_index": 3,
      "timestamp": 1763067711.4124606
    },
    {
      "player": "circle",
      "move": {
        "action": "flip",
        "from": [
          0,
          9
        ],
        "to": [
          0,
          0
        ],
        "orientation": "vertical"
      },
      "state_index": 4,
      "timestamp": 1763067711.5874674
    },
    {
      "player": "square",
      "move": {
        "action": "flip",
        "from": [
          3,
          3
        ],
        "to": [
          3,
          3
        ],
        "orientation": "vertical"
      },
      "state_index": 5,
      "timestamp": 1763067712.5889904
    },
    {
      "player": "circle",
      "move": {
        "action": "move",
        "from": [
          4,
          9
        ],
        "to": [
          0,
          5
        ]
      },
      "state_index": 6,
      "timestamp": 1763067713.0961761
    },
    {
      "player": "square",
      "move": {
        "action": "push",
        "from": [
          3,
          3
        ],
        "to": [
          2,
          3
        ],
        "pushed_to": [
          2,
          10
        ]
      },
      "state_index": 7,
      "timestamp": 1763067715.273077
    },
    {
      "player": "circle",
      "move": {
        "action": "move",
        "from": [
          4,
          8
        ],
        "to": [
          3,
          8
        ]
      },
      "state_index": 8,
      "timestamp": 1763067715.815876
    },
    {
      "player": "square",
      "move": {
        "action": "flip",
        "from": [
          2,
          10
        ],
        "to": [
          2,
          10
        ],
        "orientation": "horizontal"
      },
      "state_index": 9,
      "timestamp": 1763067718.1642928
    },
    {
      "player": "circle",
      "move": {
        "action": "move",
        "from": [
          3,
          8
        ],
        "to": [
          4,
          8
        ]
      },
      "state_index": 10,
      "timestamp": 1763067718.584183
    },
    {
      "player": "square",
      "move": {
        "action": "move",
        "from": [
          2,
          10
        ],
        "to": [
          3,
          10
        ]
      },
      "state_index": 11,
      "timestamp": 1763067718.9862561
    },
    {
      "player": "circle",
      "move": {
        "action": "move",
        "from": [
          4,
          8
        ],
        "to": [
          3,
          8
        ]
      },
      "state_index": 12,
      "timestamp": 1763067719.2830455
    },
    {
      "player": "square",
      "move": {
        "action": "move",
        "from": [
          3,
          10
        ],
        "to": [
          4,
          10
        ]
      },
      "state_index": 13,
      "timestamp": 1763067720.4629676
    },
    {
      "player": "circle",
      "move": {
        "action": "move",
        "from": [
          0,
          5
        ],
        "to": [
          0,
          4
        ]
      },
      "state_index": 14,
      "timestamp": 1763067721.0092046
    },
    {
      "player": "square",
      "move": {
        "action": "flip",
        "from": [
          4,
          10
        ],
        "to": [
          4,
          10
        ],
        "orientation": ""
      },
      "state_index": 15,
      "timestamp": 1763067723.0345428
    },
    {
      "player": "circle",
      "move": {
        "action": "move",
        "from": [
          0,
          4
        ],
        "to": [
          0,
          3
        ]
      },
      "state_index": 16,
      "timestamp": 1763067723.7330964
    },
    {
      "player": "square",
      "move": {
        "action": "push",
        "from": [
          8,
          3
        ],
        "to": [
          9,
          3
        ],
        "pushed_to": [
          10,
          3
        ]
      },
      "state_index": 17,
      "timestamp": 1763067725.2188437
    },
    {
      "player": "circle",
      "move": {
        "action": "move",
        "from": [
          3,
          8
        ],
        "to": [
          2,
          8
        ]
      },
      "state_index": 18,
      "timestamp": 1763067725.4453926
    },
    {
      "player": "square",
      "move": {
        "action": "flip",
        "from": [
          9,
          3
        ],
        "to": [
          9,
          3
        ],
        "orientation": "vertical"
      },
      "state_index": 19,
      "timestamp": 1763067726.476476
    },
    {
      "player": "circle",
      "move": {
        "action": "move",
        "from": [
          8,
          8
        ],
        "to": [
          9,
          8
        ]
      },
      "state_index": 20,
      "timestamp": 1763067727.1672812
    },
    {
      "player": "square",
      "move": {
        "action": "push",
        "from": [
          9,
          3
        ],
        "to": [
          10,
          3
        ],
        "pushed_to": [
          10,
          10
        ]
      },
      "state_index": 21,
      "timestamp": 1763067729.1237543
    },
    {
      "player": "circle",
      "move": {
        "action": "flip",
        "from": [
          9,
          8
        ],
        "to": [
          0,
          0
        ],
        "orientation": "vertical"
      },
      "state_index": 22,
      "timestamp": 1763067729.9671671
    },
    {
      "player": "square",
      "move": {
        "action": "move",
        "from": [
          10,
          10
        ],
        "to": [
          9,
          10
        ]
      },
      "state_index": 23,
      "timestamp": 1763067731.4813817
    },
    {
      "player": "circle",
      "move": {
        "action": "move",
        "from": [
          8,
          9
        ],
        "to": [
          8,
          8
        ]
      },
      "state_index": 24,
      "timestamp": 1763067731.655102
    },
    {
      "player": "square",
      "move": {
        "action": "flip",
        "from": [
          5,
          4
        ],
        "to": [
          5,
          4
        ],
        "orientation": "vertical"
      },
      "state_index": 25,
      "timestamp": 1763067734.6685889
    },
    {
      "player": "circle",
      "move": {
        "action": "move",
        "from": [
          8,
          8
        ],
        "to": [
          9,
          2
        ]
      },
      "state_index": 26,
      "timestamp": 1763067735.4182198
    },
    {
      "player": "square",
      "move": {
        "action": "move",
        "from": [
          9,
          10
        ],
        "to": [
          8,
          10
        ]
      },
      "state_index": 27,
      "timestamp": 1763067736.980723
    },
    {
      "player": "circle",
      "move": {
        "action": "move",
        "from": [
          9,
          2
        ],
        "to": [
          8,
          2
        ]
      },
      "state_index": 28,
      "timestamp": 1763067738.2982786
    },
    {
      "player": "square",
      "move": {
        "action": "flip",
        "from": [
          7,
          4
        ],
        "to": [
          7,
          4
        ],
        "orientation": "vertical"
      },
      "state_index": 29,
      "timestamp": 1763067742.237877
    },
    {
      "player": "circle",
      "move": {
        "action": "move",
        "from": [
          8,
          2
        ],
        "to": [
          7,
          2
        ]
      },
      "state_index": 30,
      "timestamp": 1763067743.1283338
    },
    {
      "player": "square",
      "move": {
        "action": "move",
        "from": [
          8,
          10
        ],
        "to": [
          7,
          10
        ]
      },
      "state_index": 31,
      "timestamp": 1763067744.8769515
    },
    {
      "player": "circle",
      "move": {
        "action": "move",
        "from": [
          0,
          3
        ],
        "to": [
          0,
          2
        ]
      },
      "state_index": 32,
      "timestamp": 1763067746.1871386
    },
    {
      "player": "square",
      "move": {
        "action": "push",
        "from": [
          7,
          4
        ],
        "to": [
          8,
          4
        ],
        "pushed_to": [
          8,
          10
        ]
      },
      "state_index": 33,
      "timestamp": 1763067747.3059592
    },
    {
      "player": "circle",
      "move": {
        "action": "flip",
        "from": [
          0,
          2
        ],
        "to": [
          0,
          0
        ],
        "orientation": "horizontal"
      },
      "state_index": 34,
      "timestamp": 1763067747.9653187
    },
    {
      "player": "square",
      "move": {
        "action": "push",
        "from": [
          8,
          10
        ],
        "to": [
          7,
          10
        ],
        "pushed_to": [
          6,
          10
        ]
      },
      "state_index": 35,
      "timestamp": 1763067751.9336102
    },
    {
      "player": "circle",
      "move": {
        "action": "move",
        "from": [
          2,
          8
        ],
        "to": [
          2,
          9
        ]
      },
      "state_index": 36,
      "timestamp": 1763067752.8500283
    },
    {
      "player": "square",
      "move": {
        "action": "push",
        "from": [
          5,
          4
        ],
        "to": [
          4,
          4
        ],
        "pushed_to": [
          4,
          9
        ]
      },
      "state_index": 37,
      "timestamp": 1763067754.4374077
    },
    {
      "player": "circle",
      "move": {
        "action": "move",
        "from": [
          2,
          9
        ],
        "to": [
          6,
          2
        ]
      },
      "state_index": 38,
      "timestamp": 1763067755.7622378
    },
    {
      "player": "square",
      "move": {
        "action": "flip",
        "from": [
          4,
          9
        ],
        "to": [
          4,
          9
        ],
        "orientation": "horizontal"
      },
      "state_index": 39,
      "timestamp": 1763067757.354883
    },
    {
      "player": "circle",
      "move": {
        "action": "move",
        "from": [
          5,
          9
        ],
        "to": [
          5,
          2
        ]
      },
      "state_index": 40,
      "timestamp": 1763067763.9980695
    },
    {
      "player": "square",
      "move": {
        "action": "push",
        "from": [
          4,
          9
        ],
        "to": [
          4,
          10
        ],
        "pushed_to": [
          5,
          10
        ]
      },
      "state_index": 41,
      "timestamp": 1763067764.8937364
    }
  ]
}