{
  "metadata": {
    "rows": 13,
    "cols": 12,
    "timestamp": 1763093187.799863,
    "version": "1.0",
    "winner": "square",
    "final_scores": {
      "circle": 10.0,
      "square": 90.0
    },
    "game_duration": 76.50455737113953
  },
  "states": [
    ".......................................aaaaaa......aaaaaa..........................................AAAAAA......BAAAAA.......................................",
    "...........................a............aaaaa......aaaaaa..........................................AAAAAA......BAAAAA.......................................",
    "...........................a............aaaaa......aaaaaa...........................................AAAAA...A..BAAAAA.......................................",
    "...........................a....a.......aaaa.......aaaaaa...........................................AAAAA...A..BAAAAA.......................................",
    "...........................a....a.......aaaa.......aaaaaa...........................................AAAAA...C..BAAAAA.......................................",
    "...........................a....a.......aaaa.......caaaaa...........................................AAAAA...C..BAAAAA.......................................",
    "...........................a....a.......aaaa.......caaaaa...A.......................................AAAAA...C..B.AAAA.......................................",
    "...........................a....a.......aaaa.......c.aaaa...A.......................................AAAAA...C..BaAAAA.......................................",
    "...........................a....a.......aaaa....A..c.aaaa...........................................AAAAA...C..BaAAAA.......................................",
    "...........................a....a.......aaaa....A..c.aaaa...........................................AAAAA...C..B.AAAA.......a...............................",
    "...........................a....a...A...aaaa.......c.aaaa...........................................AAAAA...C..B.AAAA.......a...............................",
    "...........................a....a...A...aaaa.......c.aaaa...........................................AAAAA...C..B.AAAA........a..............................",
    "........................A..a....a.......aaaa.......c.aaaa...........................................AAAAA...C..B.AAAA........a..............................",
    "........................A..a....a.......aaaa.......c.baaa...........................................AAAAA...C..B.AAAA........a..............................",
    "............A..............a....a.......aaaa.......c.baaa...........................................AAAAA...C..B.AAAA........a..............................",
    "............A..............a....a.......aaaa.......c.b.aa...........................................AAAAA...C..BaAAAA........a..............................",
    ".............A.............a....a.......aaaa.......c.b.aa...........................................AAAAA...C..BaAAAA........a..............................",
    ".............A.............a....a.......aaaa.......c.b.aa...........................................AAAAA...C..B.AAAA.......aa..............................",
    "..............A............a....a.......aaaa.......c.b.aa...........................................AAAAA...C..B.AAAA.......aa..............................",
    "..............A............a....a.......aaaa.......c.b.aa...........................................AAAAA...C..B.AAAA........aa.............................",
    "...............A...........a....a.......aaaa.......c.b.aa...........................................AAAAA...C..B.AAAA........aa.............................",
    "...............A...........a....a.......a.aa.......c.b.aa...........................................AAAAA...C..BaAAAA........aa.............................",
    "................A..........a....a.......a.aa.......c.b.aa...........................................AAAAA...C..BaAAAA........aa.............................",
    "................A..........a....a.......a.aa.......c.b.aa...........................................AAAAA...C..B.AAAA.......aaa.............................",
    "...........................aA...a.......a.aa.......c.b.aa...........................................AAAAA...C..B.AAAA.......aaa.............................",
    "...........................aA...a.......a.aa.......c.b.ac...........................................AAAAA...C..B.AAAA.......aaa.............................",
    "...........................aA...a.......a.aa.......c.b.ac...........................................AAAAA...C..BA.AAA.......aaa.............................",
    "...........................aA...a.......a.aa.......c.b.a.c..........................................AAAAA...C..BA.AAA.......aaa.............................",
    "...........................aA...a.......a.aa.......c.b.a.c..........................................AAAA.A..C..BA.AAA.......aaa.............................",
    "...........................aA...a.......a.aa.......c.b.a..c.........................................AAAA.A..C..BA.AAA.......aaa.............................",
    "...........................aA...a.......a.aa.......c.b.a..c........................................A.AAA.A..C..BA.AAA.......aaa.............................",
    "...........................aA...a.......a.aa.......c..ba..c........................................A.AAA.A..C..BA.AAA.......aaa.............................",
    "...........................aA...a.......a.aa.......c..ba..c..............................A.........A..AA.A..C..BA.AAA.......aaa.............................",
    "...........................aA...a.......a.aa.......c...a..c..............................A.........A..AA.A..C..BA.AAA.......aaa...a.........................",
    "...........................aA...a.......a.aa.......c...a..c..................A.....................A..AA.A..C..BA.AAA.......aaa...a.........................",
    "...........................aA...a.......a.aa.......c...a..c..................A.....................A..AA.A..C..BA.AAA.......aaa..a..........................",
    "...........................aA...a.......a.aa.......c...a..c......A.................................A..AA.A..C..BA.AAA.......aaa..a..........................",
    "...........................aA...a.......a.aa.......c...a..c......A.................................A..AA.A..C..BA.AAA.......aaa.a...........................",
    "...........................aA...a.......a.aa.......c...a..c......A.................................A..AA.A..C..BA.AA........aaa.A...........a...............",
    "...........................aA...a.......a.aa.......c...a..c......A.................................A..AA.A..C..BA.AA........aaa.A..........a................",
    "...........................aA...a.......a.aa.......c.A.a..c........................................A..AA.A..C..BA.AA........aaa.A..........a................",
    "...........................aA...a.......a.aa.......c.A.a..c........................................A..AA.A..C..BA.AA........aaaaA..........................."
  ],
  "moves": [
    {
      "player": "circle",
      "move": {
        "action": "flip",
        "from": [
          3,
          9
        ],
        "to": [
          0,
          0
        ],
        "orientation": "horizontal"
      },
      "state_index": 0,
      "timestamp": 1763093200.5539827
    },
    {
      "player": "square",
      "move": {
        "action": "move",
        "from": [
          3,
          3
        ],
        "to": [
          3,
          2
        ]
      },
      "state_index": 1,
      "timestamp": 1763093201.5073602
    },
    {
      "player": "circle",
      "move": {
        "action": "move",
        "from": [
          3,
          8
        ],
        "to": [
          0,
          9
        ]
      },
      "state_index": 2,
      "timestamp": 1763093202.0673065
    },
    {
      "player": "square",
      "move": {
        "action": "move",
        "from": [
          8,
          3
        ],
        "to": [
          8,
          2
        ]
      },
      "state_index": 3,
      "timestamp": 1763093203.0240197
    },
    {
      "player": "circle",
      "move": {
        "action": "flip",
        "from": [
          0,
          9
        ],
        "to": [
          0,
          0
        ],
        "orientation": "vertical"
      },
      "state_index": 4,
      "timestamp": 1763093203.5813985
    },
    {
      "player": "square",
      "move": {
        "action": "flip",
        "from": [
          3,
          4
        ],
        "orientation": "vertical"
      },
      "state_index": 5,
      "timestamp": 1763093204.5799856
    },
    {
      "player": "circle",
      "move": {
        "action": "move",
        "from": [
          4,
          9
        ],
        "to": [
          0,
          5
        ]
      },
      "state_index": 6,
      "timestamp": 1763093205.095899
    },
    {
      "player": "square",
      "move": {
        "action": "move",
        "from": [
          4,
          4
        ],
        "to": [
          4,
          9
        ]
      },
      "state_index": 7,
      "timestamp": 1763093206.1523652
    },
    {
      "player": "circle",
      "move": {
        "action": "move",
        "from": [
          0,
          5
        ],
        "to": [
          0,
          4
        ]
      },
      "state_index": 8,
      "timestamp": 1763093206.9432323
    },
    {
      "player": "square",
      "move": {
        "action": "move",
        "from": [
          4,
          9
        ],
        "to": [
          4,
          10
        ]
      },
      "state_index": 9,
      "timestamp": 1763093207.712988
    },
    {
      "player": "circle",
      "move": {
        "action": "move",
        "from": [
          0,
          4
        ],
        "to": [
          0,
          3
        ]
      },
      "state_index": 10,
      "timestamp": 1763093208.8037317
    },
    {
      "player": "square",
      "move": {
        "action": "move",
        "from": [
          4,
          10
        ],
        "to": [
          5,
          10
        ]
      },
      "state_index": 11,
      "timestamp": 1763093209.2771728
    },
    {
      "player": "circle",
      "move": {
        "action": "move",
        "from": [
          0,
          3
        ],
        "to": [
          0,
          2
        ]
      },
      "state_index": 12,
      "timestamp": 1763093209.5607073
    },
    {
      "player": "square",
      "move": {
        "action": "flip",
        "from": [
          5,
          4
        ],
        "orientation": "horizontal"
      },
      "state_index": 13,
      "timestamp": 1763093209.8444657
    },
    {
      "player": "circle",
      "move": {
        "action": "move",
        "from": [
          0,
          2
        ],
        "to": [
          0,
          1
        ]
      },
      "state_index": 14,
      "timestamp": 1763093210.6031308
    },
    {
      "player": "square",
      "move": {
        "action": "move",
        "from": [
          6,
          4
        ],
        "to": [
          4,
          9
        ]
      },
      "state_index": 15,
      "timestamp": 1763093211.4380786
    },
    {
      "player": "circle",
      "move": {
        "action": "move",
        "from": [
          0,
          1
        ],
        "to": [
          1,
          1
        ]
      },
      "state_index": 16,
      "timestamp": 1763093212.5699997
    },
    {
      "player": "square",
      "move": {
        "action": "move",
        "from": [
          4,
          9
        ],
        "to": [
          4,
          10
        ]
      },
      "state_index": 17,
      "timestamp": 1763093213.0220819
    },
    {
      "player": "circle",
      "move": {
        "action": "move",
        "from": [
          1,
          1
        ],
        "to": [
          2,
          1
        ]
      },
      "state_index": 18,
      "timestamp": 1763093213.5544384
    },
    {
      "player": "square",
      "move": {
        "action": "push",
        "from": [
          4,
          10
        ],
        "to": [
          5,
          10
        ],
        "pushed_to": [
          6,
          10
        ]
      },
      "state_index": 19,
      "timestamp": 1763093214.7258112
    },
    {
      "player": "circle",
      "move": {
        "action": "move",
        "from": [
          2,
          1
        ],
        "to": [
          3,
          1
        ]
      },
      "state_index": 20,
      "timestamp": 1763093216.0807676
    },
    {
      "player": "square",
      "move": {
        "action": "move",
        "from": [
          5,
          3
        ],
        "to": [
          4,
          9
        ]
      },
      "state_index": 21,
      "timestamp": 1763093217.0219202
    },
    {
      "player": "circle",
      "move": {
        "action": "move",
        "from": [
          3,
          1
        ],
        "to": [
          4,
          1
        ]
      },
      "state_index": 22,
      "timestamp": 1763093217.9855988
    },
    {
      "player": "square",
      "move": {
        "action": "move",
        "from": [
          4,
          9
        ],
        "to": [
          4,
          10
        ]
      },
      "state_index": 23,
      "timestamp": 1763093218.6832066
    },
    {
      "player": "circle",
      "move": {
        "action": "move",
        "from": [
          4,
          1
        ],
        "to": [
          4,
          2
        ]
      },
      "state_index": 24,
      "timestamp": 1763093219.8765397
    },
    {
      "player": "square",
      "move": {
        "action": "flip",
        "from": [
          8,
          4
        ],
        "orientation": "vertical"
      },
      "state_index": 25,
      "timestamp": 1763093220.3398242
    },
    {
      "player": "circle",
      "move": {
        "action": "move",
        "from": [
          5,
          9
        ],
        "to": [
          4,
          9
        ]
      },
      "state_index": 26,
      "timestamp": 1763093220.9659712
    },
    {
      "player": "square",
      "move": {
        "action": "move",
        "from": [
          8,
          4
        ],
        "to": [
          9,
          4
        ]
      },
      "state_index": 27,
      "timestamp": 1763093221.9918208
    },
    {
      "player": "circle",
      "move": {
        "action": "move",
        "from": [
          8,
          8
        ],
        "to": [
          9,
          8
        ]
      },
      "state_index": 28,
      "timestamp": 1763093222.9864972
    },
    {
      "player": "square",
      "move": {
        "action": "move",
        "from": [
          9,
          4
        ],
        "to": [
          10,
          4
        ]
      },
      "state_index": 29,
      "timestamp": 1763093223.6482108
    },
    {
      "player": "circle",
      "move": {
        "action": "move",
        "from": [
          4,
          8
        ],
        "to": [
          3,
          8
        ]
      },
      "state_index": 30,
      "timestamp": 1763093225.0547948
    },
    {
      "player": "square",
      "move": {
        "action": "move",
        "from": [
          5,
          4
        ],
        "to": [
          6,
          4
        ]
      },
      "state_index": 31,
      "timestamp": 1763093225.2924724
    },
    {
      "player": "circle",
      "move": {
        "action": "move",
        "from": [
          5,
          8
        ],
        "to": [
          5,
          7
        ]
      },
      "state_index": 32,
      "timestamp": 1763093226.7068772
    },
    {
      "player": "square",
      "move": {
        "action": "push",
        "from": [
          6,
          4
        ],
        "to": [
          7,
          4
        ],
        "pushed_to": [
          10,
          10
        ]
      },
      "state_index": 33,
      "timestamp": 1763093227.0362837
    },
    {
      "player": "circle",
      "move": {
        "action": "move",
        "from": [
          5,
          7
        ],
        "to": [
          5,
          6
        ]
      },
      "state_index": 34,
      "timestamp": 1763093227.7591474
    },
    {
      "player": "square",
      "move": {
        "action": "move",
        "from": [
          10,
          10
        ],
        "to": [
          9,
          10
        ]
      },
      "state_index": 35,
      "timestamp": 1763093228.653923
    },
    {
      "player": "circle",
      "move": {
        "action": "move",
        "from": [
          5,
          6
        ],
        "to": [
          5,
          5
        ]
      },
      "state_index": 36,
      "timestamp": 1763093229.7494981
    },
    {
      "player": "square",
      "move": {
        "action": "move",
        "from": [
          9,
          10
        ],
        "to": [
          8,
          10
        ]
      },
      "state_index": 37,
      "timestamp": 1763093230.2690854
    },
    {
      "player": "circle",
      "move": {
        "action": "push",
        "from": [
          8,
          9
        ],
        "to": [
          8,
          10
        ],
        "pushed_to": [
          8,
          11
        ]
      },
      "state_index": 38,
      "timestamp": 1763093244.7902322
    },
    {
      "player": "square",
      "move": {
        "action": "move",
        "from": [
          8,
          11
        ],
        "to": [
          7,
          11
        ]
      },
      "state_index": 39,
      "timestamp": 1763093244.9250553
    },
    {
      "player": "circle",
      "move": {
        "action": "move",
        "from": [
          5,
          5
        ],
        "to": [
          5,
          4
        ]
      },
      "state_index": 40,
      "timestamp": 1763093263.7214003
    },
    {
      "player": "square",
      "move": {
        "action": "move",
        "from": [
          7,
          11
        ],
        "to": [
          7,
          10
        ]
      },
      "state_index": 41,
      "timestamp": 1763093264.3043034
    }
  ]
}