{
  "metadata": {
    "rows": 13,
    "cols": 12,
    "timestamp": 1763067775.980693,
    "version": "1.0",
    "winner": "circle",
    "final_scores": {
      "circle": 90.0,
      "square": 10.0
    },
    "game_duration": 148.29523706436157
  },
  "states": [
    ".......................................aaaaaa......aaaaaa..........................................AAAAAA......ABAAAA.......................................",
    ".......................................aaaa.aa.....aaaaaa..........................................AAAAAA......ABAAAA.......................................",
    ".......................................aaaa.aa.....aaaaaa..........................................AAAAAA......ABABAA.......................................",
    "......................................aa.aa.aa.....aaaaaa..........................................AAAAAA......ABABAA.......................................",
    "......................................aa.aa.aa.....aaaaaa..........................................AAAAAA......ABBBAA.......................................",
    "......................................aa.aa..aa....aaaaaa..........................................AAAAAA......ABBBAA.......................................",
    "......................................aa.aa..aa....aaaaaa..........................................AAAAAA......CBBBAA.......................................",
    "......................................aa.aa..ca....aaaaaa..........................................AAAAAA......CBBBAA.......................................",
    "......................................aa.aa..ca....aaaaaa..........................................AAAAAA......CBBBBA.......................................",
    "......................................aa.aa..c.....aaaaaa..........................................AAAAAA......CBBBBA........................a..............",
    "......................................aa.aa..c.....aaaaaa......A....................................AAAAA......CBBBBA........................a..............",
    "......................................aa.aa..c.....aaaaaa......A....................................AAAAA......CBBBBA.......................a...............",
    "......................................aa.aa..c.....aaaaaa......A....................................AAAAA.......BBBBA......C................a...............",
    "......................................aa.aa..c.....aaaaaa......A....................................AAAAA.......BBBBA......C...............a................",
    "......................................aa.aa..c.....aaaaaa......A....................................AAAA........BBBBA......C....A..........a................",
    "......................................aa.aa........aaaaaac.....A....................................AAAA........BBBBA......C....A..........a................",
    "......................................aa.aa........aaaaaac.....A....................................AAAA........BBBBA......C....C..........a................",
    "......................................aa.aa........aaaaaac.....A....................................AAAA........BBBBA......C...aC...........................",
    "......................................aa.aa........aaaaaac.....A....................................ACAA........BBBBA......C...aC...........................",
    "......................................ca.aa........aaaaaac.....A....................................ACAA........BBBBA......C...aC...........................",
    "......................................ca.aa........aaaaaac.....AA...................................A.AA........BBBBA......C...aC...........................",
    "......................................c..aa........aaaaaac.....AA...................................A.AA........BBBBA......C...aC.....a.....................",
    "......................................c.aaa........aAaaaac.....A....................................A.AA........BBBBA......C...aC.....a.....................",
    "......................................caaaa.........Aaaaac.....A....................................A.AA........BBBBA......C...aC.....a.....................",
    "......................................caaaa........AAaaaac..........................................A.AA........BBBBA......C...aC.....a.....................",
    "...........................a...........aaaa........AAaaaac..........................................A.AA........BBBBA......C...aC.....a.....................",
    "...........................a...........aaaa........ACaaaac..........................................A.AA........BBBBA......C...aC.....a.....................",
    "...........................a...........aaaa........AC.aaac......a...................................A.AA........BBBBA......C...aC.....a.....................",
    "...........................a...........aaaa........A.Caaac......a...................................A.AA........BBBBA......C...aC.....a.....................",
    "...........................a...........aaba........A.Caaac......a...................................A.AA........BBBBA......C...aC.....a.....................",
    "...........................a...........aaba........A..Aaac......a.............a.....................A.AA........BBBBA......C...aC.....a.....................",
    "...........................a...........aaba........A..Aaac......a.a.................................A.AA........BBBBA......C...aC.....a.....................",
    "...........................a...........aaba........A..Baac......a.a.................................A.AA........BBBBA......C...aC.....a.....................",
    "...........................a...........aabaa.......A..B.ac......a.a.................................A.AA........BBBBA......C...aC.....a.....................",
    "...........................a...........aabaa.......A...Bac......a.a.................................A.AA........BBBBA......C...aC.....a.....................",
    "...........................a...........aabaaa......A...B.c......a.a.................................A.AA........BBBBA......C...aC.....a.....................",
    "...........................a...........aabaaa......A...BAc......a.a.................................A.AA........BBBB.......C...aC.....a.....................",
    "...........................a...........aabaaa......A...Ba.......a.a.................................A.AA........BBBB.......C...aC.....a.................A...",
    "...........................a...........aabaaa......A...Ba.......a.a.................................A.AC........BBBB.......C...aC.....a.................A...",
    "...........................a...........aabaaa......A...Ba........aa.................................A.AC........BBBB.......C...aC.....a.................A...",
    "...........................a...........aabaaa......A..ABa........aa.................................A..C........BBBB.......C...aC.....a.................A...",
    "...........................a...........aabaaa......A..ABa........ac.................................A..C........BBBB.......C...aC.....a.................A...",
    "...........................a...........aabaaa......A..CBa........ac.................................A..C........BBBB.......C...aC.....a.................A...",
    "...........................a...........aabbaa......A..CBa........ac.................................A..C........BBBB.......C...aC.....a.................A...",
    "...........................a...........aabbaa......A..CBa........ac.................................A...........BBBB.C.....C...aC.....a.................A...",
    "...........................a...........aabbaa......A..CBa........a..................................A...........BBBBcC.....C...aC.....a.................A...",
    "...........................a...........aabbaa......AC..Ba........a..................................A...........BBBBcC.....C...aC.....a.................A...",
    "...........................a...........aabbaa......AC..B........aa..................................A...........BBBBcC.....C...aC.....a.................A...",
    "...........................a...........aabbaa......AC..BC.......aa..................................A...........BBBBc......C...aC.....a.................A...",
    "...........................a...........aabbaa......AC..BC.......ac..................................A...........BBBBc......C...aC.....a.................A...",
    "...........................a....a......aabbaA......AC..B........ac..................................A...........BBBBc......C...aC.....a.................A...",
    "...........................a...........aabbaa......AC..BA.......ac..................................A...........BBBBc......C...aC.....a.................A...",
    "...........................a....a......aabbaA......AC..B........ac..................................A...........BBBBc......C...aC.....a.................A...",
    "...........................a...........aabbaa......AC..BA.......ac..................................A...........BBBBc......C...aC.....a.................A...",
    "...........................a....a......aabbaA......AC..B........ac..................................A...........BBBBc......C...aC.....a.................A..."
  ],
  "moves": [
    {
      "player": "circle",
      "move": {
        "action": "flip",
        "from": [
          4,
          9
        ],
        "to": [
          4,
          9
        ],
        "orientation": "horizontal"
      },
      "state_index": 0,
      "timestamp": 1763067810.137014
    },
    {
      "player": "square",
      "move": {
        "action": "move",
        "from": [
          7,
          3
        ],
        "to": [
          9,
          3
        ]
      },
      "state_index": 1,
      "timestamp": 1763067810.8079205
    },
    {
      "player": "circle",
      "move": {
        "action": "flip",
        "from": [
          6,
          9
        ],
        "to": [
          6,
          9
        ],
        "orientation": "horizontal"
      },
      "state_index": 2,
      "timestamp": 1763067811.7112522
    },
    {
      "player": "square",
      "move": {
        "action": "move",
        "from": [
          4,
          3
        ],
        "to": [
          2,
          3
        ]
      },
      "state_index": 3,
      "timestamp": 1763067812.3214152
    },
    {
      "player": "circle",
      "move": {
        "action": "flip",
        "from": [
          5,
          9
        ],
        "to": [
          5,
          9
        ],
        "orientation": "horizontal"
      },
      "state_index": 4,
      "timestamp": 1763067813.321898
    },
    {
      "player": "square",
      "move": {
        "action": "push",
        "from": [
          8,
          3
        ],
        "to": [
          9,
          3
        ],
        "pushed_to": [
          10,
          3
        ]
      },
      "state_index": 5,
      "timestamp": 1763067814.433066
    },
    {
      "player": "circle",
      "move": {
        "action": "flip",
        "from": [
          3,
          9
        ],
        "to": [
          3,
          9
        ],
        "orientation": "vertical"
      },
      "state_index": 6,
      "timestamp": 1763067815.0280783
    },
    {
      "player": "square",
      "move": {
        "action": "flip",
        "from": [
          9,
          3
        ],
        "to": [
          9,
          3
        ],
        "orientation": "vertical"
      },
      "state_index": 7,
      "timestamp": 1763067816.7930849
    },
    {
      "player": "circle",
      "move": {
        "action": "flip",
        "from": [
          7,
          9
        ],
        "to": [
          7,
          9
        ],
        "orientation": "horizontal"
      },
      "state_index": 8,
      "timestamp": 1763067817.9453533
    },
    {
      "player": "square",
      "move": {
        "action": "move",
        "from": [
          10,
          3
        ],
        "to": [
          9,
          11
        ]
      },
      "state_index": 9,
      "timestamp": 1763067819.3292153
    },
    {
      "player": "circle",
      "move": {
        "action": "move",
        "from": [
          3,
          8
        ],
        "to": [
          3,
          5
        ]
      },
      "state_index": 10,
      "timestamp": 1763067820.0298827
    },
    {
      "player": "square",
      "move": {
        "action": "move",
        "from": [
          9,
          11
        ],
        "to": [
          8,
          11
        ]
      },
      "state_index": 11,
      "timestamp": 1763067822.5912094
    },
    {
      "player": "circle",
      "move": {
        "action": "move",
        "from": [
          3,
          9
        ],
        "to": [
          3,
          10
        ]
      },
      "state_index": 12,
      "timestamp": 1763067824.1828105
    },
    {
      "player": "square",
      "move": {
        "action": "move",
        "from": [
          8,
          11
        ],
        "to": [
          7,
          11
        ]
      },
      "state_index": 13,
      "timestamp": 1763067826.7245064
    },
    {
      "player": "circle",
      "move": {
        "action": "push",
        "from": [
          8,
          8
        ],
        "to": [
          8,
          9
        ],
        "pushed_to": [
          8,
          10
        ]
      },
      "state_index": 14,
      "timestamp": 1763067828.05301
    },
    {
      "player": "square",
      "move": {
        "action": "move",
        "from": [
          9,
          3
        ],
        "to": [
          9,
          4
        ]
      },
      "state_index": 15,
      "timestamp": 1763067830.1396265
    },
    {
      "player": "circle",
      "move": {
        "action": "flip",
        "from": [
          8,
          10
        ],
        "to": [
          8,
          10
        ],
        "orientation": "vertical"
      },
      "state_index": 16,
      "timestamp": 1763067831.1146276
    },
    {
      "player": "square",
      "move": {
        "action": "move",
        "from": [
          7,
          11
        ],
        "to": [
          7,
          10
        ]
      },
      "state_index": 17,
      "timestamp": 1763067833.8249137
    },
    {
      "player": "circle",
      "move": {
        "action": "flip",
        "from": [
          5,
          8
        ],
        "to": [
          5,
          8
        ],
        "orientation": "vertical"
      },
      "state_index": 18,
      "timestamp": 1763067835.396559
    },
    {
      "player": "square",
      "move": {
        "action": "flip",
        "from": [
          2,
          3
        ],
        "to": [
          2,
          3
        ],
        "orientation": "vertical"
      },
      "state_index": 19,
      "timestamp": 1763067842.9095504
    },
    {
      "player": "circle",
      "move": {
        "action": "push",
        "from": [
          5,
          8
        ],
        "to": [
          4,
          8
        ],
        "pushed_to": [
          4,
          5
        ]
      },
      "state_index": 20,
      "timestamp": 1763067844.2024946
    },
    {
      "player": "square",
      "move": {
        "action": "move",
        "from": [
          3,
          3
        ],
        "to": [
          2,
          11
        ]
      },
      "state_index": 21,
      "timestamp": 1763067845.4651163
    },
    {
      "player": "circle",
      "move": {
        "action": "push",
        "from": [
          4,
          5
        ],
        "to": [
          4,
          4
        ],
        "pushed_to": [
          4,
          3
        ]
      },
      "state_index": 22,
      "timestamp": 1763067846.3745978
    },
    {
      "player": "square",
      "move": {
        "action": "move",
        "from": [
          3,
          4
        ],
        "to": [
          3,
          3
        ]
      },
      "state_index": 23,
      "timestamp": 1763067849.6578393
    },
    {
      "player": "circle",
      "move": {
        "action": "move",
        "from": [
          3,
          5
        ],
        "to": [
          3,
          4
        ]
      },
      "state_index": 24,
      "timestamp": 1763067850.5174482
    },
    {
      "player": "square",
      "move": {
        "action": "push",
        "from": [
          2,
          3
        ],
        "to": [
          3,
          3
        ],
        "pushed_to": [
          3,
          2
        ]
      },
      "state_index": 25,
      "timestamp": 1763067853.1668744
    },
    {
      "player": "circle",
      "move": {
        "action": "flip",
        "from": [
          4,
          4
        ],
        "to": [
          4,
          4
        ],
        "orientation": "vertical"
      },
      "state_index": 26,
      "timestamp": 1763067854.6895506
    },
    {
      "player": "square",
      "move": {
        "action": "move",
        "from": [
          5,
          4
        ],
        "to": [
          4,
          5
        ]
      },
      "state_index": 27,
      "timestamp": 1763067858.5783844
    },
    {
      "player": "circle",
      "move": {
        "action": "move",
        "from": [
          4,
          4
        ],
        "to": [
          5,
          4
        ]
      },
      "state_index": 28,
      "timestamp": 1763067860.0682003
    },
    {
      "player": "square",
      "move": {
        "action": "flip",
        "from": [
          5,
          3
        ],
        "to": [
          5,
          3
        ],
        "orientation": "horizontal"
      },
      "state_index": 29,
      "timestamp": 1763067862.818887
    },
    {
      "player": "circle",
      "move": {
        "action": "push",
        "from": [
          5,
          4
        ],
        "to": [
          6,
          4
        ],
        "pushed_to": [
          6,
          6
        ]
      },
      "state_index": 30,
      "timestamp": 1763067864.6481118
    },
    {
      "player": "square",
      "move": {
        "action": "move",
        "from": [
          6,
          6
        ],
        "to": [
          6,
          5
        ]
      },
      "state_index": 31,
      "timestamp": 1763067868.0561237
    },
    {
      "player": "circle",
      "move": {
        "action": "flip",
        "from": [
          6,
          4
        ],
        "to": [
          6,
          4
        ],
        "orientation": "horizontal"
      },
      "state_index": 32,
      "timestamp": 1763067868.9731586
    },
    {
      "player": "square",
      "move": {
        "action": "move",
        "from": [
          7,
          4
        ],
        "to": [
          7,
          3
        ]
      },
      "state_index": 33,
      "timestamp": 1763067872.5991542
    },
    {
      "player": "circle",
      "move": {
        "action": "move",
        "from": [
          6,
          4
        ],
        "to": [
          7,
          4
        ]
      },
      "state_index": 34,
      "timestamp": 1763067874.6002061
    },
    {
      "player": "square",
      "move": {
        "action": "move",
        "from": [
          8,
          4
        ],
        "to": [
          8,
          3
        ]
      },
      "state_index": 35,
      "timestamp": 1763067877.0101385
    },
    {
      "player": "circle",
      "move": {
        "action": "move",
        "from": [
          8,
          9
        ],
        "to": [
          8,
          4
        ]
      },
      "state_index": 36,
      "timestamp": 1763067877.6939497
    },
    {
      "player": "square",
      "move": {
        "action": "push",
        "from": [
          9,
          4
        ],
        "to": [
          8,
          4
        ],
        "pushed_to": [
          8,
          12
        ]
      },
      "state_index": 37,
      "timestamp": 1763067880.0255835
    },
    {
      "player": "circle",
      "move": {
        "action": "flip",
        "from": [
          7,
          8
        ],
        "to": [
          7,
          8
        ],
        "orientation": "vertical"
      },
      "state_index": 38,
      "timestamp": 1763067880.8656769
    },
    {
      "player": "square",
      "move": {
        "action": "move",
        "from": [
          4,
          5
        ],
        "to": [
          5,
          5
        ]
      },
      "state_index": 39,
      "timestamp": 1763067883.35969
    },
    {
      "player": "circle",
      "move": {
        "action": "move",
        "from": [
          6,
          8
        ],
        "to": [
          6,
          4
        ]
      },
      "state_index": 40,
      "timestamp": 1763067883.9668024
    },
    {
      "player": "square",
      "move": {
        "action": "flip",
        "from": [
          6,
          5
        ],
        "to": [
          6,
          5
        ],
        "orientation": "vertical"
      },
      "state_index": 41,
      "timestamp": 1763067888.105919
    },
    {
      "player": "circle",
      "move": {
        "action": "flip",
        "from": [
          6,
          4
        ],
        "to": [
          6,
          4
        ],
        "orientation": "vertical"
      },
      "state_index": 42,
      "timestamp": 1763067889.77845
    },
    {
      "player": "square",
      "move": {
        "action": "flip",
        "from": [
          6,
          3
        ],
        "to": [
          6,
          3
        ],
        "orientation": "horizontal"
      },
      "state_index": 43,
      "timestamp": 1763067895.8860433
    },
    {
      "player": "circle",
      "move": {
        "action": "move",
        "from": [
          7,
          8
        ],
        "to": [
          9,
          9
        ]
      },
      "state_index": 44,
      "timestamp": 1763067898.2575326
    },
    {
      "player": "square",
      "move": {
        "action": "move",
        "from": [
          6,
          5
        ],
        "to": [
          8,
          9
        ]
      },
      "state_index": 45,
      "timestamp": 1763067900.9153283
    },
    {
      "player": "circle",
      "move": {
        "action": "move",
        "from": [
          6,
          4
        ],
        "to": [
          4,
          4
        ]
      },
      "state_index": 46,
      "timestamp": 1763067903.3879693
    },
    {
      "player": "square",
      "move": {
        "action": "move",
        "from": [
          8,
          4
        ],
        "to": [
          4,
          5
        ]
      },
      "state_index": 47,
      "timestamp": 1763067906.9569287
    },
    {
      "player": "circle",
      "move": {
        "action": "move",
        "from": [
          9,
          9
        ],
        "to": [
          8,
          4
        ]
      },
      "state_index": 48,
      "timestamp": 1763067908.9444873
    },
    {
      "player": "square",
      "move": {
        "action": "flip",
        "from": [
          5,
          5
        ],
        "to": [
          5,
          5
        ],
        "orientation": "vertical"
      },
      "state_index": 49,
      "timestamp": 1763067913.576419
    },
    {
      "player": "circle",
      "move": {
        "action": "push",
        "from": [
          8,
          4
        ],
        "to": [
          8,
          3
        ],
        "pushed_to": [
          8,
          2
        ]
      },
      "state_index": 50,
      "timestamp": 1763067916.2137806
    },
    {
      "player": "square",
      "move": {
        "action": "push",
        "from": [
          8,
          2
        ],
        "to": [
          8,
          3
        ],
        "pushed_to": [
          8,
          4
        ]
      },
      "state_index": 51,
      "timestamp": 1763067918.12761
    },
    {
      "player": "circle",
      "move": {
        "action": "push",
        "from": [
          8,
          4
        ],
        "to": [
          8,
          3
        ],
        "pushed_to": [
          8,
          2
        ]
      },
      "state_index": 52,
      "timestamp": 1763067919.7362583
    },
    {
      "player": "square",
      "move": {
        "action": "push",
        "from": [
          8,
          2
        ],
        "to": [
          8,
          3
        ],
        "pushed_to": [
          8,
          4
        ]
      },
      "state_index": 53,
      "timestamp": 1763067921.7148397
    },
    {
      "player": "circle",
      "move": {
        "action": "push",
        "from": [
          8,
          4
        ],
        "to": [
          8,
          3
        ],
        "pushed_to": [
          8,
          2
        ]
      },
      "state_index": 54,
      "timestamp": 1763067922.2509286
    }
  ]
}