{
  "metadata": {
    "rows": 13,
    "cols": 12,
    "timestamp": 1763115817.0808125,
    "version": "1.0",
    "winner": "square",
    "final_scores": {
      "circle": 20.0,
      "square": 80.0
    },
    "game_duration": 98.43140053749084
  },
  "states": [
    ".......................................aaaaaa......aaaaaa..........................................AAAACA......AAAAAA.......................................",
    "...........................a............aaaaa......aaaaaa..........................................AAAACA......AAAAAA.......................................",
    "...........................a............aaaaa......aaaaaa.................................A........AAAACA......AAA.AA.......................................",
    "...........................a....a.......aaaa.......aaaaaa.................................A........AAAACA......AAA.AA.......................................",
    "...........................a....a.......aaaa.......aaaaaa.................................A........ACAACA......AAA.AA.......................................",
    "...........................a....a.......aaaa.......caaaaa.................................A........ACAACA......AAA.AA.......................................",
    "...........................a....a.......aaaa.......caaaaa.......A.........................A........ACAACA......A.A.AA.......................................",
    "...........................a....a.......aaaa.......c.aaaa.......A......................a..A........ACAACA......A.A.AA.......................................",
    "...........................a....a.......aaaa.......c.aaaa.......B......................a..A........ACAACA......A.A.AA.......................................",
    "...........................a....a.......aaaa.......c.aaaa.......B.......................a.A........ACAACA......A.A.AA.......................................",
    "...........................a....a.......aaaa.......c.aaaa.......BA......................a.A........A.AACA......A.A.AA.......................................",
    "...........................a....a.......aaaa.......c.aaaa.......BA......................c.A........A.AACA......A.A.AA.......................................",
    "...........................a....a.......aaaa.......c.aaaa.......BA......................c.A........C.AACA......A.A.AA.......................................",
    "...........................a....a.......aaaa.......c.baaa.......BA......................c.A........C.AACA......A.A.AA.......................................",
    "...........................a....a.......aaaa.......c.baaa........A....A.................c.A........C.AACA......A.A.AA.......................................",
    "...........................a....a.......aaaa........cbaaa........A....A.................c.A........C.AACA......A.A.AA.......................................",
    "...........................a....a.......aaaa........cbaaa.......A.....A.................c.A........C.AACA......A.A.AA.......................................",
    "...........................a....a.......aaaa........ccaaa.......A.....A.................c.A........C.AACA......A.A.AA.......................................",
    "...........................a....a.......aaaa........ccaaa.......A.....C.................c.A........C.AACA......A.A.AA.......................................",
    "...........................a....a.......aaaa........cc.aa.......A.....C.................caA........C.AACA......A.A.AA.......................................",
    "...........................a....a.......aaaa........cc.aa.......A.....C.......A.........caA........C.A.CA......A.A.AA.......................................",
    "...........................a....a.......aaaa........cc.aa.......A.....C.......A.........c.A........C.A.CA......A.A.AA.......a...............................",
    "...........................a....a.......aaaa........cc.aa.......A.....C.......A.........c.A.A......C.A.CA......A.A.A........a...............................",
    "...........................a....a.......aaaa........cc.aa.......A.....C.......A.........c.A.A......C.A.CA......A.A.A.........a..............................",
    "...........................a....a.......aaaa........cc.aa.......A.....C.......B.........c.A.A......C.A.CA......A.A.A.........a..............................",
    "...........................a....a.......aaaa........c..aa.......A.....C.......B.........caA.A......C.A.CA......A.A.A.........a..............................",
    "...........................a....a......Aaaaa........c..aa.......A.....C.......B.........caA.A........A.CA......A.A.A.........a..............................",
    "...........................a....a......Aaaaa........c..aa.......A.....C.......B.........c.A.A........A.CA......A.A.A........aa..............................",
    "...........................a....a......Aaaaa........c..aa.......A..A..C.......B.........c.A.A........A..A......A.A.A........aa..............................",
    "...........................a....a......Aaaaa........c..aa.......A..A..C.......B.........c.A.A........A..A......A.A.A.........aa.............................",
    "...........................a....a......Aaaaa........c..aa.......A..A..C.......B.........c.A.A........A..A......A..AA.........aa.............................",
    "...........................a....a......Aacaa........c..aa.......A..A..C.......B.........c.A.A........A..A......A..AA.........aa.............................",
    "...........................a....a.....A.acaa........c..aa.......A..A..C.......B.........c.A.A........A..A......A..AA.........aa.............................",
    "...........................a....a.....A..caa........c..aa.......A..A..C.......B.........caA.A........A..A......A..AA.........aa.............................",
    "...........................aA...a.....A..caa........c..aa..........A..C.......B.........caA.A........A..A......A..AA.........aa.............................",
    "...........................aA...a.....A..caa........c..aa..........A..C.......B.........c.A.A........A..A......A..AA........aaa.............................",
    "...........................a.A..a.....A..caa........c..aa..........A..C.......B.........c.A.A........A..A......A..AA........aaa.............................",
    "...........................a.A..a.....A..caa........a..aa..........A..C.......B.........c.A.A........A..A......A..AA........aaa.............................",
    "...........................a.A..a.....A..caa........a..aa..........A..C.......B.........c.A.A........AA.A......A...A........aaa.............................",
    "...........................a.A..a.....A...aa........a..aa..........A..C.......B...a.....c.A.A........AA.A......A...A........aaa.............................",
    "...........................a.A..a.....A...aa........a..aa..........A..C.......B...a.....c.A.A........CA.A......A...A........aaa.............................",
    "...........................a.A..a.....A...aa........a..aa..........A..C.......B...a.....c.A.A........CA.A......A...A........a.aa............................",
    "...........................aA...a.....A...aa........a..aa..........A..C.......B...a.....c.A.A........CA.A......A...A........a.aa............................",
    "...........................aA...a.....A..aa.........a..aa..........A..C.......B...a.....c.A.A........CA.A......A...A........a.aa............................",
    "...........................aA...a.....A..aa.........a..aa..........A..A.......B...a.....c.A.A........CA.A......A...A........a.aa............................",
    "...........................aA...a.....A..ca.........a..aa..........A..A.......B...a.....c.A.A........CA.A......A...A........a.aa............................",
    "...........................aAA..a.....A..ca.........a..aa..........A..A.......B...a.....c.A.A........C..A......A...A........a.aa............................",
    "...........................aAA..a.....A..c..........a..aa..........A..A.......B...a.....c.A.A........C..A......A...A........aaaa............................"
  ],
  "moves": [
    {
      "player": "circle",
      "move": {
        "action": "flip",
        "from": [
          7,
          8
        ],
        "to": [
          0,
          0
        ],
        "orientation": "vertical"
      },
      "state_index": 0,
      "timestamp": 1763115850.6038778
    },
    {
      "player": "square",
      "move": {
        "action": "move",
        "from": [
          3,
          3
        ],
        "to": [
          3,
          2
        ]
      },
      "state_index": 1,
      "timestamp": 1763115850.735078
    },
    {
      "player": "circle",
      "move": {
        "action": "push",
        "from": [
          6,
          9
        ],
        "to": [
          6,
          8
        ],
        "pushed_to": [
          6,
          7
        ]
      },
      "state_index": 2,
      "timestamp": 1763115851.740945
    },
    {
      "player": "square",
      "move": {
        "action": "move",
        "from": [
          8,
          3
        ],
        "to": [
          8,
          2
        ]
      },
      "state_index": 3,
      "timestamp": 1763115852.2465987
    },
    {
      "player": "circle",
      "move": {
        "action": "flip",
        "from": [
          4,
          8
        ],
        "to": [
          0,
          0
        ],
        "orientation": "vertical"
      },
      "state_index": 4,
      "timestamp": 1763115854.083047
    },
    {
      "player": "square",
      "move": {
        "action": "flip",
        "from": [
          3,
          4
        ],
        "orientation": "vertical"
      },
      "state_index": 5,
      "timestamp": 1763115854.8263798
    },
    {
      "player": "circle",
      "move": {
        "action": "move",
        "from": [
          4,
          9
        ],
        "to": [
          4,
          5
        ]
      },
      "state_index": 6,
      "timestamp": 1763115859.3241022
    },
    {
      "player": "square",
      "move": {
        "action": "move",
        "from": [
          4,
          4
        ],
        "to": [
          3,
          7
        ]
      },
      "state_index": 7,
      "timestamp": 1763115859.9466045
    },
    {
      "player": "circle",
      "move": {
        "action": "flip",
        "from": [
          4,
          5
        ],
        "to": [
          0,
          0
        ],
        "orientation": "horizontal"
      },
      "state_index": 8,
      "timestamp": 1763115861.637172
    },
    {
      "player": "square",
      "move": {
        "action": "move",
        "from": [
          3,
          7
        ],
        "to": [
          4,
          7
        ]
      },
      "state_index": 9,
      "timestamp": 1763115862.4909487
    },
    {
      "player": "circle",
      "move": {
        "action": "push",
        "from": [
          4,
          8
        ],
        "to": [
          5,
          8
        ],
        "pushed_to": [
          5,
          5
        ]
      },
      "state_index": 10,
      "timestamp": 1763115864.8259463
    },
    {
      "player": "square",
      "move": {
        "action": "flip",
        "from": [
          4,
          7
        ],
        "orientation": "vertical"
      },
      "state_index": 11,
      "timestamp": 1763115865.045862
    },
    {
      "player": "circle",
      "move": {
        "action": "flip",
        "from": [
          3,
          8
        ],
        "to": [
          0,
          0
        ],
        "orientation": "vertical"
      },
      "state_index": 12,
      "timestamp": 1763115868.7852805
    },
    {
      "player": "square",
      "move": {
        "action": "flip",
        "from": [
          5,
          4
        ],
        "orientation": "horizontal"
      },
      "state_index": 13,
      "timestamp": 1763115869.5969985
    },
    {
      "player": "circle",
      "move": {
        "action": "push",
        "from": [
          4,
          5
        ],
        "to": [
          5,
          5
        ],
        "pushed_to": [
          10,
          5
        ]
      },
      "state_index": 14,
      "timestamp": 1763115873.0931864
    },
    {
      "player": "square",
      "move": {
        "action": "move",
        "from": [
          3,
          4
        ],
        "to": [
          4,
          4
        ]
      },
      "state_index": 15,
      "timestamp": 1763115873.1502745
    },
    {
      "player": "circle",
      "move": {
        "action": "move",
        "from": [
          5,
          5
        ],
        "to": [
          4,
          5
        ]
      },
      "state_index": 16,
      "timestamp": 1763115876.1471763
    },
    {
      "player": "square",
      "move": {
        "action": "rotate",
        "from": [
          5,
          4
        ]
      },
      "state_index": 17,
      "timestamp": 1763115876.713225
    },
    {
      "player": "circle",
      "move": {
        "action": "flip",
        "from": [
          10,
          5
        ],
        "to": [
          0,
          0
        ],
        "orientation": "vertical"
      },
      "state_index": 18,
      "timestamp": 1763115879.753702
    },
    {
      "player": "square",
      "move": {
        "action": "move",
        "from": [
          6,
          4
        ],
        "to": [
          5,
          7
        ]
      },
      "state_index": 19,
      "timestamp": 1763115880.269393
    },
    {
      "player": "circle",
      "move": {
        "action": "push",
        "from": [
          6,
          8
        ],
        "to": [
          6,
          7
        ],
        "pushed_to": [
          6,
          6
        ]
      },
      "state_index": 20,
      "timestamp": 1763115883.0025175
    },
    {
      "player": "square",
      "move": {
        "action": "move",
        "from": [
          5,
          7
        ],
        "to": [
          4,
          10
        ]
      },
      "state_index": 21,
      "timestamp": 1763115883.8394687
    },
    {
      "player": "circle",
      "move": {
        "action": "push",
        "from": [
          8,
          9
        ],
        "to": [
          8,
          8
        ],
        "pushed_to": [
          8,
          7
        ]
      },
      "state_index": 22,
      "timestamp": 1763115886.3452811
    },
    {
      "player": "square",
      "move": {
        "action": "move",
        "from": [
          4,
          10
        ],
        "to": [
          5,
          10
        ]
      },
      "state_index": 23,
      "timestamp": 1763115886.397931
    },
    {
      "player": "circle",
      "move": {
        "action": "flip",
        "from": [
          6,
          6
        ],
        "to": [
          0,
          0
        ],
        "orientation": "horizontal"
      },
      "state_index": 24,
      "timestamp": 1763115888.1489003
    },
    {
      "player": "square",
      "move": {
        "action": "push",
        "from": [
          5,
          4
        ],
        "to": [
          5,
          3
        ],
        "pushed_to": [
          5,
          7
        ]
      },
      "state_index": 25,
      "timestamp": 1763115888.9754658
    },
    {
      "player": "circle",
      "move": {
        "action": "push",
        "from": [
          3,
          8
        ],
        "to": [
          3,
          9
        ],
        "pushed_to": [
          3,
          3
        ]
      },
      "state_index": 26,
      "timestamp": 1763115892.7094653
    },
    {
      "player": "square",
      "move": {
        "action": "move",
        "from": [
          5,
          7
        ],
        "to": [
          4,
          10
        ]
      },
      "state_index": 27,
      "timestamp": 1763115893.1252966
    },
    {
      "player": "circle",
      "move": {
        "action": "push",
        "from": [
          7,
          8
        ],
        "to": [
          7,
          9
        ],
        "pushed_to": [
          7,
          5
        ]
      },
      "state_index": 28,
      "timestamp": 1763115894.1570594
    },
    {
      "player": "square",
      "move": {
        "action": "push",
        "from": [
          4,
          10
        ],
        "to": [
          5,
          10
        ],
        "pushed_to": [
          6,
          10
        ]
      },
      "state_index": 29,
      "timestamp": 1763115894.7611494
    },
    {
      "player": "circle",
      "move": {
        "action": "move",
        "from": [
          5,
          9
        ],
        "to": [
          6,
          9
        ]
      },
      "state_index": 30,
      "timestamp": 1763115896.4883082
    },
    {
      "player": "square",
      "move": {
        "action": "flip",
        "from": [
          5,
          3
        ],
        "orientation": "vertical"
      },
      "state_index": 31,
      "timestamp": 1763115897.380324
    },
    {
      "player": "circle",
      "move": {
        "action": "move",
        "from": [
          3,
          3
        ],
        "to": [
          2,
          3
        ]
      },
      "state_index": 32,
      "timestamp": 1763115899.6927752
    },
    {
      "player": "square",
      "move": {
        "action": "move",
        "from": [
          4,
          3
        ],
        "to": [
          5,
          7
        ]
      },
      "state_index": 33,
      "timestamp": 1763115899.9880776
    },
    {
      "player": "circle",
      "move": {
        "action": "move",
        "from": [
          4,
          5
        ],
        "to": [
          4,
          2
        ]
      },
      "state_index": 34,
      "timestamp": 1763115900.5331602
    },
    {
      "player": "square",
      "move": {
        "action": "move",
        "from": [
          5,
          7
        ],
        "to": [
          4,
          10
        ]
      },
      "state_index": 35,
      "timestamp": 1763115901.656086
    },
    {
      "player": "circle",
      "move": {
        "action": "move",
        "from": [
          4,
          2
        ],
        "to": [
          5,
          2
        ]
      },
      "state_index": 36,
      "timestamp": 1763115903.5330365
    },
    {
      "player": "square",
      "move": {
        "action": "flip",
        "from": [
          4,
          4
        ]
      },
      "state_index": 37,
      "timestamp": 1763115904.3498638
    },
    {
      "player": "circle",
      "move": {
        "action": "move",
        "from": [
          6,
          9
        ],
        "to": [
          6,
          8
        ]
      },
      "state_index": 38,
      "timestamp": 1763115906.0533156
    },
    {
      "player": "square",
      "move": {
        "action": "push",
        "from": [
          5,
          3
        ],
        "to": [
          6,
          3
        ],
        "pushed_to": [
          10,
          6
        ]
      },
      "state_index": 39,
      "timestamp": 1763115907.0070634
    },
    {
      "player": "circle",
      "move": {
        "action": "flip",
        "from": [
          5,
          8
        ],
        "to": [
          0,
          0
        ],
        "orientation": "vertical"
      },
      "state_index": 40,
      "timestamp": 1763115908.6802897
    },
    {
      "player": "square",
      "move": {
        "action": "push",
        "from": [
          5,
          10
        ],
        "to": [
          6,
          10
        ],
        "pushed_to": [
          7,
          10
        ]
      },
      "state_index": 41,
      "timestamp": 1763115909.64033
    },
    {
      "player": "circle",
      "move": {
        "action": "move",
        "from": [
          5,
          2
        ],
        "to": [
          4,
          2
        ]
      },
      "state_index": 42,
      "timestamp": 1763115910.3677611
    },
    {
      "player": "square",
      "move": {
        "action": "push",
        "from": [
          7,
          3
        ],
        "to": [
          6,
          3
        ],
        "pushed_to": [
          5,
          3
        ]
      },
      "state_index": 43,
      "timestamp": 1763115911.2580557
    },
    {
      "player": "circle",
      "move": {
        "action": "flip",
        "from": [
          10,
          5
        ],
        "to": [
          0,
          0
        ],
        "orientation": ""
      },
      "state_index": 44,
      "timestamp": 1763115912.3063474
    },
    {
      "player": "square",
      "move": {
        "action": "flip",
        "from": [
          5,
          3
        ],
        "orientation": "vertical"
      },
      "state_index": 45,
      "timestamp": 1763115912.8584719
    },
    {
      "player": "circle",
      "move": {
        "action": "move",
        "from": [
          6,
          8
        ],
        "to": [
          5,
          2
        ]
      },
      "state_index": 46,
      "timestamp": 1763115915.3480065
    },
    {
      "player": "square",
      "move": {
        "action": "move",
        "from": [
          6,
          3
        ],
        "to": [
          5,
          10
        ]
      },
      "state_index": 47,
      "timestamp": 1763115915.5121162
    }
  ]
}