{
  "metadata": {
    "rows": 13,
    "cols": 12,
    "timestamp": 1763092765.102889,
    "version": "1.0",
    "winner": "square",
    "final_scores": {
      "circle": 0.0,
      "square": 100.0
    },
    "game_duration": 39.11046099662781
  },
  "states": [
    ".......................................aaaaaa......aaaaaa..........................................AAAAAA......BAAAAA.......................................",
    "...........................a............aaaaa......aaaaaa..........................................AAAAAA......BAAAAA.......................................",
    "...........................a............aaaaa......aaaaaa...........................................AAAAA...A..BAAAAA.......................................",
    "...........................a....a.......aaaa.......aaaaaa...........................................AAAAA...A..BAAAAA.......................................",
    "...........................a....a.......aaaa.......aaaaaa...........................................AAAAA...C..BAAAAA.......................................",
    "...........................a....a.......aaaa.......caaaaa...........................................AAAAA...C..BAAAAA.......................................",
    "...........................a....a.......aaaa.......caaaaa...A.......................................AAAAA...C..B.AAAA.......................................",
    "...........................a....a.......aaaa.......c.aaaa...A.......................................AAAAA...C..BaAAAA.......................................",
    "...........................a....a.......aaaa.......c.aaaa...A.......................................AAAAA...C..BaAAA.A......................................",
    "...........................a....a.......aaaa.......c.aaaa...A.......................................AAAAA...C..B.AAA.A......a...............................",
    "...........................a....a.......aaaa.......c.aaaa...A.......................................AAAAA...C..B.AAA.C......a...............................",
    "...........................a....a.......aaaa.......c.aaaa...A.......................................AAAAA...C..B.AAA.C.......a..............................",
    "...........................a....a.......aaaa.......c.aaaa...A.......................................AAAAA...C..B.AA.AC.......a..............................",
    "...........................a....a.......aaaa.......c.baaa...A.......................................AAAAA...C..B.AA.AC.......a..............................",
    "...........................a....a.......aaaa.......c.baaa...A.......................................AAAA.A..C..B.AA.AC.......a..............................",
    "...........................a....a.......aaaa.......c.b.aa...A.......................................AAAA.A..C..BaAA.AC.......a..............................",
    "...........................a....a.......aaaa.......c.b.aa...A................................A......AAAA....C..BaAA.AC.......a..............................",
    "...........................a....a.......aaaa.......c.b.aa...A................................A......AAAA....C..B.AA.AC......aa..............................",
    "...........................a....a.......aaaa.......c.b.aa...A................................A......AAA.A...C..B.AA.AC......aa..............................",
    "...........................a....a.......aaaa.......c.b.ca...A................................A......AAA.A...C..B.AA.AC......aa..............................",
    "...........................a....a.......aaaa.......c.b.ca...A.............................A..A......AAA.A...C..B.A..AC......aa..............................",
    "...........................a....a.......a.aa.......c.b.ca...A.............................A..A......AAA.A...C..B.A..AC......aa.a............................",
    "...........................a....a.......a.aa.......c.b.ca...A.............................A.A.......AAA.A...C..B.A..AC......aa.a............................",
    "...........................a....a.......a.aa.......c.b.ca...A.............................A.A.......AAA.A...C..B.A..AC......aaa.............................",
    "...........................a....a.......a.aa.......c.b.ca...A.............................A.A.......AAA..A..C..B.A..AC......aaa.............................",
    "...........................a....a.......a.a........c.b.ca...A.............................A.A.......AAA..A..C..B.A..AC......aaaa............................"
  ],
  "moves": [
    {
      "player": "circle",
      "move": {
        "action": "flip",
        "from": [
          3,
          9
        ],
        "to": [
          0,
          0
        ],
        "orientation": "horizontal"
      },
      "state_index": 0,
      "timestamp": 1763092787.817466
    },
    {
      "player": "square",
      "move": {
        "action": "move",
        "from": [
          3,
          3
        ],
        "to": [
          3,
          2
        ]
      },
      "state_index": 1,
      "timestamp": 1763092788.1911054
    },
    {
      "player": "circle",
      "move": {
        "action": "move",
        "from": [
          3,
          8
        ],
        "to": [
          0,
          9
        ]
      },
      "state_index": 2,
      "timestamp": 1763092788.3260753
    },
    {
      "player": "square",
      "move": {
        "action": "move",
        "from": [
          8,
          3
        ],
        "to": [
          8,
          2
        ]
      },
      "state_index": 3,
      "timestamp": 1763092788.7005029
    },
    {
      "player": "circle",
      "move": {
        "action": "flip",
        "from": [
          0,
          9
        ],
        "to": [
          0,
          0
        ],
        "orientation": "vertical"
      },
      "state_index": 4,
      "timestamp": 1763092788.8370395
    },
    {
      "player": "square",
      "move": {
        "action": "flip",
        "from": [
          3,
          4
        ],
        "orientation": "vertical"
      },
      "state_index": 5,
      "timestamp": 1763092789.2545085
    },
    {
      "player": "circle",
      "move": {
        "action": "move",
        "from": [
          4,
          9
        ],
        "to": [
          0,
          5
        ]
      },
      "state_index": 6,
      "timestamp": 1763092789.3484855
    },
    {
      "player": "square",
      "move": {
        "action": "move",
        "from": [
          4,
          4
        ],
        "to": [
          4,
          9
        ]
      },
      "state_index": 7,
      "timestamp": 1763092789.8049345
    },
    {
      "player": "circle",
      "move": {
        "action": "move",
        "from": [
          8,
          9
        ],
        "to": [
          9,
          9
        ]
      },
      "state_index": 8,
      "timestamp": 1763092790.5761678
    },
    {
      "player": "square",
      "move": {
        "action": "move",
        "from": [
          4,
          9
        ],
        "to": [
          4,
          10
        ]
      },
      "state_index": 9,
      "timestamp": 1763092791.3852262
    },
    {
      "player": "circle",
      "move": {
        "action": "flip",
        "from": [
          9,
          9
        ],
        "to": [
          0,
          0
        ],
        "orientation": "vertical"
      },
      "state_index": 10,
      "timestamp": 1763092792.7947526
    },
    {
      "player": "square",
      "move": {
        "action": "move",
        "from": [
          4,
          10
        ],
        "to": [
          5,
          10
        ]
      },
      "state_index": 11,
      "timestamp": 1763092792.939727
    },
    {
      "player": "circle",
      "move": {
        "action": "move",
        "from": [
          7,
          9
        ],
        "to": [
          8,
          9
        ]
      },
      "state_index": 12,
      "timestamp": 1763092793.5842297
    },
    {
      "player": "square",
      "move": {
        "action": "flip",
        "from": [
          5,
          4
        ],
        "orientation": "horizontal"
      },
      "state_index": 13,
      "timestamp": 1763092794.5148332
    },
    {
      "player": "circle",
      "move": {
        "action": "move",
        "from": [
          8,
          8
        ],
        "to": [
          9,
          8
        ]
      },
      "state_index": 14,
      "timestamp": 1763092795.5894747
    },
    {
      "player": "square",
      "move": {
        "action": "move",
        "from": [
          6,
          4
        ],
        "to": [
          4,
          9
        ]
      },
      "state_index": 15,
      "timestamp": 1763092796.076037
    },
    {
      "player": "circle",
      "move": {
        "action": "move",
        "from": [
          9,
          8
        ],
        "to": [
          9,
          7
        ]
      },
      "state_index": 16,
      "timestamp": 1763092797.4048939
    },
    {
      "player": "square",
      "move": {
        "action": "move",
        "from": [
          4,
          9
        ],
        "to": [
          4,
          10
        ]
      },
      "state_index": 17,
      "timestamp": 1763092797.6240773
    },
    {
      "player": "circle",
      "move": {
        "action": "move",
        "from": [
          7,
          8
        ],
        "to": [
          8,
          8
        ]
      },
      "state_index": 18,
      "timestamp": 1763092798.423241
    },
    {
      "player": "square",
      "move": {
        "action": "flip",
        "from": [
          7,
          4
        ],
        "orientation": "vertical"
      },
      "state_index": 19,
      "timestamp": 1763092799.2894478
    },
    {
      "player": "circle",
      "move": {
        "action": "push",
        "from": [
          6,
          9
        ],
        "to": [
          6,
          8
        ],
        "pushed_to": [
          6,
          7
        ]
      },
      "state_index": 20,
      "timestamp": 1763092800.679453
    },
    {
      "player": "square",
      "move": {
        "action": "move",
        "from": [
          5,
          3
        ],
        "to": [
          7,
          10
        ]
      },
      "state_index": 21,
      "timestamp": 1763092800.9263313
    },
    {
      "player": "circle",
      "move": {
        "action": "move",
        "from": [
          9,
          7
        ],
        "to": [
          8,
          7
        ]
      },
      "state_index": 22,
      "timestamp": 1763092801.8825638
    },
    {
      "player": "square",
      "move": {
        "action": "move",
        "from": [
          7,
          10
        ],
        "to": [
          6,
          10
        ]
      },
      "state_index": 23,
      "timestamp": 1763092802.560099
    },
    {
      "player": "circle",
      "move": {
        "action": "move",
        "from": [
          8,
          8
        ],
        "to": [
          9,
          8
        ]
      },
      "state_index": 24,
      "timestamp": 1763092803.8893795
    },
    {
      "player": "square",
      "move": {
        "action": "move",
        "from": [
          7,
          3
        ],
        "to": [
          7,
          10
        ]
      },
      "state_index": 25,
      "timestamp": 1763092804.213216
    }
  ]
}