{
  "metadata": {
    "rows": 17,
    "cols": 16,
    "timestamp": 1763115296.1051633,
    "version": "1.0",
    "winner": "square",
    "final_scores": {
      "circle": 6.90625,
      "square": 93.09375
    },
    "game_duration": 292.5659055709839
  },
  "states": [
    "....................................................aaaaaaaa........aaaaaaaa........................................................................................................................AAAAAACA........AAAAAAAA....................................................",
    "....................................a................aaaaaaa........aaaaaaaa........................................................................................................................AAAAAACA........AAAAAAAA....................................................",
    "....................................a................aaaaaaa........aaaaaaaa........................................................................................................................ACAAAACA........AAAAAAAA....................................................",
    "....................................a......a.........aaaaaa.........aaaaaaaa........................................................................................................................ACAAAACA........AAAAAAAA....................................................",
    "....................................a......a.........aaaaaa.........aaaaaaaa.............................................................................................................A..........ACAAAACA........AAAAA.AA....................................................",
    "....................................a......a.........aaaaaa.........caaaaaaa.............................................................................................................A..........ACAAAACA........AAAAA.AA....................................................",
    "....................................a......a.........aaaaaa.........caaaaaaa.........A...................................................................................................A..........ACAAAACA........A.AAA.AA....................................................",
    "....................................a......a.........aaaaaa.........c.aaaaaa.........A..............................................................................................a....A..........ACAAAACA........A.AAA.AA....................................................",
    "....................................a......a.........aaaaaa.........c.aaaaaa.........B..............................................................................................a....A..........ACAAAACA........A.AAA.AA....................................................",
    "....................................a......a.........aaaaaa.........c.aaaaaa.........B...............................................................................................a...A..........ACAAAACA........A.AAA.AA....................................................",
    "....................................a......a.........aaaaaa.........c.aaaaaa.........B...............................................................................................a...A..........ACCAAACA........A.AAA.AA....................................................",
    "....................................a......a.........aaaaaa.........c.aaaaaa.........B...................................................................................................A..........ACCAAACA........A.AAA.AA.........a..........................................",
    "....................................a......a.........aaaaaa.........c.aaaaaa.........BA..................................................................................................A..........AC.AAACA........A.AAA.AA.........a..........................................",
    "....................................a......a.........aaaaaa.........c.aaaaaa.........BA..................................................................................................A..........AC.AAACA........A.AAA.AA..........a.........................................",
    "....................................a......a.........aaaaaa.........c.aaaaaa.........BA..................................................................................................A..........AC.BAACA........A.AAA.AA..........a.........................................",
    "....................................a......a.........aaaaaa.........c.acaaaa.........BA..................................................................................................A..........AC.BAACA........A.AAA.AA..........a.........................................",
    "....................................a......a.........aaaaaa.........c.acaaaa......A..BA..................................................................................................A..........AC..AACA........A.AAA.AA..........a.........................................",
    "....................................a......a.........aaaaaa.........c..caaaa......A..BA..................................................................................................A..........AC.aAACA........A.AAA.AA..........a.........................................",
    "....................................a......a.........aaaaaa.........c..caaaa......C..BA..................................................................................................A..........AC.aAACA........A.AAA.AA..........a.........................................",
    "....................................a......a.........aaaaaa.........c..caaaa......C..BA..................................................................................................A..........AC.bAACA........A.AAA.AA..........a.........................................",
    "....................................a......a.........aaaaaa.........c..caaaa......C..BA..............................A...................................................................A..........AC.b.ACA........A.AAA.AA..........a.........................................",
    "....................................a......a.........aaaaaa.........c...aaaa......C..BA..............................A...................................................................A..........AC.b.ACA........A.AAA.AA.........aa.........................................",
    "....................................a......a.........aaaaaa.........c...aaaa......C..BA.............................A....................................................................A..........AC.b.ACA........A.AAA.AA.........aa.........................................",
    "....................................a......a.........aaaaaa.........c...aaaa......C..BA.............................A....................................................................A..........AC.b.ACA........A.AAA.AA..........aa........................................",
    "....................................a......a.........aaaaaa.........c...aaaa.......C.BA.............................A....................................................................A..........AC.b.ACA........A.AAA.AA..........aa........................................",
    "....................................a......a.........aacaaa.........c...aaaa.......C.BA.............................A....................................................................A..........AC.b.ACA........A.AAA.AA..........aa........................................",
    "....................................a......a.........aacaaa.........c...aaaa.......C.BA.............................A....................................................................A..........AC.b.ACA........AA.AA.AA..........aa........................................",
    "....................................a......a.........aacbaa.........c...aaaa.......C.BA.............................A....................................................................A..........AC.b.ACA........AA.AA.AA..........aa........................................",
    "....................................a......a.........aacbaa.........c...aaaa.......C.BA.............................A....................................................................A..........AC.b.ACA........AA.AC.AA..........aa........................................",
    "....................................a......a.........aacbaa.........c...caaa.......C.BA.............................A....................................................................A..........AC.b.ACA........AA.AC.AA..........aa........................................",
    "....................................a..A...a.........aacbaa.........c...caaa.......C.BA.............................A....................................................................A..........AC.b.ACA........AA..C.AA..........aa........................................",
    "....................................a..A...a.........aacbaa.........c...c.aa.......C.BA.............................A....................................................................A..........AC.b.ACA........AA..C.AA..........aaa.......................................",
    "....................................a.A....a.........aacbaa.........c...c.aa.......C.BA.............................A....................................................................A..........AC.b.ACA........AA..C.AA..........aaa.......................................",
    "....................................a.A....a.........aaabaa.........c...c.aa.......C.BA.............................A....................................................................A..........AC.b.ACA........AA..C.AA..........aaa.......................................",
    "....................................a.A....a.........aaabaa.........c...c.aa.......C.BA.............................A....................................................................B..........AC.b.ACA........AA..C.AA..........aaa.......................................",
    "....................................a.A....a.........aaabaa.........c...c.aa.......C.BA.............................A....................................................................B..........AC.b.ACA........AA..C.AA..........aa.a......................................",
    "....................................a.A....a.........aaabaa.........c...c.aa.......C.BA.............................A....................................................................B..........AC.b.ACA........AA..A.AA..........aa.a......................................",
    "....................................a.A....a.........aaabaa.........c...c.aa.......C.BA.............................A....................................................................B..........AC.b.ACA........AA..A.AA..........a.aa......................................",
    "....................................a.A....a.........aaabaa.........c...c.aa.......C.BA.............................A.....................................................A..............B..........AC.b.A.A........AA..A.AA..........a.aa......................................",
    "....................................a.A....a.........aaabaa.........c...c.aa.......C.BA.............................A.....................................................A..............B..........AC...A.A........AA.bA.AA..........a.aa......................................",
    "....................................a.A....a.........aaabaa.........c...c.aa.......C.BA.............................A.....................................................A..............B..........AC..AA.A........AA.b..AA..........a.aa......................................",
    "....................................a.A....a.........aaabaa.........c...c.aa.......C.BA.............................A.....................................................A..............B..........AC..AA.A........AA....AA..........abaa......................................",
    "....................................a.A....a.........aaabaa.........c...c.aa.......C.BA.............................A.....................................................A.........A....B..........AC..AA.A.........A....AA..........abaa......................................",
    "....................................a.A....a.........aaabaa.........c...c.aa.......C.BA.............................A.....................................................A.........A....B..........AC..AA.A.........A....AA..........aaaa......................................",
    "....................................a.A....a.........aaabaa.........c...c.aa.......C.BA.............................A.....................................................A.........A....B.A........AC..AA.A.........A....A...........aaaa......................................",
    "....................................a.A....a.........aaabaa..........c..c.aa.......C.BA.............................A.....................................................A.........A....B.A........AC..AA.A.........A....A...........aaaa......................................",
    "...A................................a.A....a.........aaabaa..........c..c.aa.......C.B..............................A.....................................................A.........A....B.A........AC..AA.A.........A....A...........aaaa......................................",
    "...A................................a.A....a..........aabaa..........c..c.aa.......C.B..............................A.....................................................A.........A....B.A........AC..AA.A.........A....A........a..aaaa......................................",
    "...A................................a.A....a..........aabaa..........c..c.aa........CB..............................A.....................................................A.........A....B.A........AC..AA.A.........A....A........a..aaaa......................................",
    "...A................................a.A....a.........a.abaa..........c..c.aa........CB..............................A.....................................................A.........A....B.A........AC..AA.A.........A....A........a..aaaa......................................",
    "...A................................aA.....a.........a.abaa..........c..c.aa........CB..............................A.....................................................A.........A....B.A........AC..AA.A.........A....A........a..aaaa......................................",
    "...A................................aA.....a.........a.abaa..........c..c.aa........CB..............................A.....................................................A.........A....B.A........AC..AA.A.........A....A.........a.aaaa......................................",
    "...................A................aA.....a.........a.abaa..........c..c.aa........CB..............................A.....................................................A.........A....B.A........AC..AA.A.........A....A.........a.aaaa......................................",
    "...................A................aA.....a.........a.abaa..........c..c.aa........CB..............................A.....................................................A.........A....B.A........AC..AA.A.........A....A..........aaaaa......................................",
    "....................A...............aA.....a.........a.abaa..........c..c.aa........CB..............................A.....................................................A.........A....B.A........AC..AA.A.........A....A..........aaaaa......................................",
    "....................A...............aA.....a.........a.abaa.............c.aa........CB......c.......................A.....................................................A.........A....B.A........AC..AA.A.........A....A..........aaaaa......................................",
    "....................A...............aA.....a.........a.abaa.............c.aa........AB......c.......................A.....................................................A.........A....B.A........AC..AA.A.........A....A..........aaaaa......................................",
    "....................A...............aA.....a...........abaa..........a..c.aa........AB......c.......................A.....................................................A.........A....B.A........AC..AA.A.........A....A..........aaaaa......................................",
    ".....................A..............aA.....a...........abaa..........a..c.aa........AB......c.......................A.....................................................A.........A....B.A........AC..AA.A.........A....A..........aaaaa......................................",
    ".....................A..............aA.....a...........abaa.............c.aa........AB......c.......................A.....................................................A.........A....B.A........AC..AA.A.........A....A..........aaaaa..a...................................",
    ".....................A..............aA.....a...........abaa.............c.aa........A....A..c.......................A.....................................................A.........A....B.A........AC..AA.A.........A....A..........aaaaa..a...................................",
    ".....................A..............aA.....a...........abaa.............c.aa........A....A..c.......................A.....................................................A.........A....B.A........AC..AA.A.........A....A..........aaaaa.a....................................",
    "......................A.............aA.....a...........abaa.............c.aa........A....A..c.......................A.....................................................A.........A....B.A........AC..AA.A.........A....A..........aaaaa.a....................................",
    "......................A.............aA.....a...........abaa.............c.aa........A....A..c.......................A.....................................................A.........A....B.A........AC..AA.A.........A....A..........aaaaaa....................................."
  ],
  "moves": [
    {
      "player": "circle",
      "move": {
        "action": "flip",
        "from": [
          10,
          12
        ],
        "to": [
          0,
          0
        ],
        "orientation": "vertical"
      },
      "state_index": 0,
      "timestamp": 1763115327.6084194
    },
    {
      "player": "square",
      "move": {
        "action": "move",
        "from": [
          4,
          3
        ],
        "to": [
          4,
          2
        ]
      },
      "state_index": 1,
      "timestamp": 1763115327.8225927
    },
    {
      "player": "circle",
      "move": {
        "action": "flip",
        "from": [
          5,
          12
        ],
        "to": [
          0,
          0
        ],
        "orientation": "vertical"
      },
      "state_index": 2,
      "timestamp": 1763115329.048546
    },
    {
      "player": "square",
      "move": {
        "action": "move",
        "from": [
          11,
          3
        ],
        "to": [
          11,
          2
        ]
      },
      "state_index": 3,
      "timestamp": 1763115329.3319376
    },
    {
      "player": "circle",
      "move": {
        "action": "push",
        "from": [
          9,
          13
        ],
        "to": [
          9,
          12
        ],
        "pushed_to": [
          9,
          11
        ]
      },
      "state_index": 4,
      "timestamp": 1763115333.5183961
    },
    {
      "player": "square",
      "move": {
        "action": "flip",
        "from": [
          4,
          4
        ],
        "orientation": "vertical"
      },
      "state_index": 5,
      "timestamp": 1763115333.910511
    },
    {
      "player": "circle",
      "move": {
        "action": "move",
        "from": [
          5,
          13
        ],
        "to": [
          5,
          5
        ]
      },
      "state_index": 6,
      "timestamp": 1763115343.4500334
    },
    {
      "player": "square",
      "move": {
        "action": "move",
        "from": [
          5,
          4
        ],
        "to": [
          4,
          11
        ]
      },
      "state_index": 7,
      "timestamp": 1763115344.520947
    },
    {
      "player": "circle",
      "move": {
        "action": "flip",
        "from": [
          5,
          5
        ],
        "to": [
          0,
          0
        ],
        "orientation": "horizontal"
      },
      "state_index": 8,
      "timestamp": 1763115348.8043256
    },
    {
      "player": "square",
      "move": {
        "action": "move",
        "from": [
          4,
          11
        ],
        "to": [
          5,
          11
        ]
      },
      "state_index": 9,
      "timestamp": 1763115349.5882833
    },
    {
      "player": "circle",
      "move": {
        "action": "flip",
        "from": [
          6,
          12
        ],
        "to": [
          0,
          0
        ],
        "orientation": "vertical"
      },
      "state_index": 10,
      "timestamp": 1763115354.7473068
    },
    {
      "player": "square",
      "move": {
        "action": "move",
        "from": [
          5,
          11
        ],
        "to": [
          5,
          14
        ]
      },
      "state_index": 11,
      "timestamp": 1763115355.2071402
    },
    {
      "player": "circle",
      "move": {
        "action": "push",
        "from": [
          6,
          12
        ],
        "to": [
          6,
          13
        ],
        "pushed_to": [
          6,
          5
        ]
      },
      "state_index": 12,
      "timestamp": 1763115361.7507224
    },
    {
      "player": "square",
      "move": {
        "action": "move",
        "from": [
          5,
          14
        ],
        "to": [
          6,
          14
        ]
      },
      "state_index": 13,
      "timestamp": 1763115362.8072107
    },
    {
      "player": "circle",
      "move": {
        "action": "flip",
        "from": [
          7,
          12
        ],
        "to": [
          0,
          0
        ],
        "orientation": "horizontal"
      },
      "state_index": 14,
      "timestamp": 1763115367.7972999
    },
    {
      "player": "square",
      "move": {
        "action": "flip",
        "from": [
          7,
          4
        ],
        "orientation": "vertical"
      },
      "state_index": 15,
      "timestamp": 1763115368.411551
    },
    {
      "player": "circle",
      "move": {
        "action": "push",
        "from": [
          7,
          12
        ],
        "to": [
          8,
          12
        ],
        "pushed_to": [
          2,
          5
        ]
      },
      "state_index": 16,
      "timestamp": 1763115386.7564383
    },
    {
      "player": "square",
      "move": {
        "action": "move",
        "from": [
          6,
          4
        ],
        "to": [
          7,
          12
        ]
      },
      "state_index": 17,
      "timestamp": 1763115387.5042512
    },
    {
      "player": "circle",
      "move": {
        "action": "flip",
        "from": [
          2,
          5
        ],
        "to": [
          0,
          0
        ],
        "orientation": "vertical"
      },
      "state_index": 18,
      "timestamp": 1763115391.1650822
    },
    {
      "player": "square",
      "move": {
        "action": "flip",
        "from": [
          7,
          12
        ],
        "orientation": "horizontal"
      },
      "state_index": 19,
      "timestamp": 1763115392.1651256
    },
    {
      "player": "circle",
      "move": {
        "action": "move",
        "from": [
          8,
          12
        ],
        "to": [
          5,
          7
        ]
      },
      "state_index": 20,
      "timestamp": 1763115417.9713311
    },
    {
      "player": "square",
      "move": {
        "action": "push",
        "from": [
          7,
          4
        ],
        "to": [
          7,
          3
        ],
        "pushed_to": [
          5,
          14
        ]
      },
      "state_index": 21,
      "timestamp": 1763115418.3506324
    },
    {
      "player": "circle",
      "move": {
        "action": "move",
        "from": [
          5,
          7
        ],
        "to": [
          4,
          7
        ]
      },
      "state_index": 22,
      "timestamp": 1763115422.909009
    },
    {
      "player": "square",
      "move": {
        "action": "push",
        "from": [
          5,
          14
        ],
        "to": [
          6,
          14
        ],
        "pushed_to": [
          7,
          14
        ]
      },
      "state_index": 23,
      "timestamp": 1763115424.1379051
    },
    {
      "player": "circle",
      "move": {
        "action": "move",
        "from": [
          2,
          5
        ],
        "to": [
          3,
          5
        ]
      },
      "state_index": 24,
      "timestamp": 1763115435.2673056
    },
    {
      "player": "square",
      "move": {
        "action": "flip",
        "from": [
          7,
          3
        ],
        "orientation": "vertical"
      },
      "state_index": 25,
      "timestamp": 1763115435.9268534
    },
    {
      "player": "circle",
      "move": {
        "action": "move",
        "from": [
          6,
          13
        ],
        "to": [
          5,
          13
        ]
      },
      "state_index": 26,
      "timestamp": 1763115445.707033
    },
    {
      "player": "square",
      "move": {
        "action": "flip",
        "from": [
          8,
          3
        ],
        "orientation": "horizontal"
      },
      "state_index": 27,
      "timestamp": 1763115448.4835646
    },
    {
      "player": "circle",
      "move": {
        "action": "flip",
        "from": [
          8,
          13
        ],
        "to": [
          0,
          0
        ],
        "orientation": "vertical"
      },
      "state_index": 28,
      "timestamp": 1763115459.7669966
    },
    {
      "player": "square",
      "move": {
        "action": "flip",
        "from": [
          8,
          4
        ],
        "orientation": "vertical"
      },
      "state_index": 29,
      "timestamp": 1763115460.7968664
    },
    {
      "player": "circle",
      "move": {
        "action": "move",
        "from": [
          7,
          13
        ],
        "to": [
          7,
          2
        ]
      },
      "state_index": 30,
      "timestamp": 1763115468.8628778
    },
    {
      "player": "square",
      "move": {
        "action": "move",
        "from": [
          9,
          4
        ],
        "to": [
          8,
          14
        ]
      },
      "state_index": 31,
      "timestamp": 1763115470.275963
    },
    {
      "player": "circle",
      "move": {
        "action": "move",
        "from": [
          7,
          2
        ],
        "to": [
          6,
          2
        ]
      },
      "state_index": 32,
      "timestamp": 1763115479.7427888
    },
    {
      "player": "square",
      "move": {
        "action": "flip",
        "from": [
          7,
          3
        ]
      },
      "state_index": 33,
      "timestamp": 1763115482.7656658
    },
    {
      "player": "circle",
      "move": {
        "action": "flip",
        "from": [
          9,
          11
        ],
        "to": [
          0,
          0
        ],
        "orientation": "horizontal"
      },
      "state_index": 34,
      "timestamp": 1763115493.0998244
    },
    {
      "player": "square",
      "move": {
        "action": "move",
        "from": [
          8,
          14
        ],
        "to": [
          9,
          14
        ]
      },
      "state_index": 35,
      "timestamp": 1763115493.6377027
    },
    {
      "player": "circle",
      "move": {
        "action": "flip",
        "from": [
          8,
          13
        ],
        "to": [
          0,
          0
        ],
        "orientation": ""
      },
      "state_index": 36,
      "timestamp": 1763115498.0976126
    },
    {
      "player": "square",
      "move": {
        "action": "move",
        "from": [
          7,
          14
        ],
        "to": [
          8,
          14
        ]
      },
      "state_index": 37,
      "timestamp": 1763115498.451019
    },
    {
      "player": "circle",
      "move": {
        "action": "push",
        "from": [
          10,
          12
        ],
        "to": [
          10,
          13
        ],
        "pushed_to": [
          10,
          10
        ]
      },
      "state_index": 38,
      "timestamp": 1763115506.387831
    },
    {
      "player": "square",
      "move": {
        "action": "move",
        "from": [
          7,
          12
        ],
        "to": [
          7,
          13
        ]
      },
      "state_index": 39,
      "timestamp": 1763115507.3010223
    },
    {
      "player": "circle",
      "move": {
        "action": "move",
        "from": [
          8,
          13
        ],
        "to": [
          8,
          12
        ]
      },
      "state_index": 40,
      "timestamp": 1763115514.2967572
    },
    {
      "player": "square",
      "move": {
        "action": "move",
        "from": [
          7,
          13
        ],
        "to": [
          7,
          14
        ]
      },
      "state_index": 41,
      "timestamp": 1763115516.812114
    },
    {
      "player": "circle",
      "move": {
        "action": "push",
        "from": [
          4,
          13
        ],
        "to": [
          4,
          12
        ],
        "pushed_to": [
          4,
          11
        ]
      },
      "state_index": 42,
      "timestamp": 1763115520.2579546
    },
    {
      "player": "square",
      "move": {
        "action": "flip",
        "from": [
          7,
          14
        ]
      },
      "state_index": 43,
      "timestamp": 1763115520.5975273
    },
    {
      "player": "circle",
      "move": {
        "action": "push",
        "from": [
          11,
          13
        ],
        "to": [
          11,
          12
        ],
        "pushed_to": [
          11,
          11
        ]
      },
      "state_index": 44,
      "timestamp": 1763115523.3736854
    },
    {
      "player": "square",
      "move": {
        "action": "move",
        "from": [
          4,
          4
        ],
        "to": [
          5,
          4
        ]
      },
      "state_index": 45,
      "timestamp": 1763115524.3355956
    },
    {
      "player": "circle",
      "move": {
        "action": "move",
        "from": [
          6,
          5
        ],
        "to": [
          3,
          0
        ]
      },
      "state_index": 46,
      "timestamp": 1763115538.9327238
    },
    {
      "player": "square",
      "move": {
        "action": "move",
        "from": [
          5,
          3
        ],
        "to": [
          3,
          14
        ]
      },
      "state_index": 47,
      "timestamp": 1763115540.36948
    },
    {
      "player": "circle",
      "move": {
        "action": "move",
        "from": [
          3,
          5
        ],
        "to": [
          4,
          5
        ]
      },
      "state_index": 48,
      "timestamp": 1763115542.406073
    },
    {
      "player": "square",
      "move": {
        "action": "move",
        "from": [
          6,
          3
        ],
        "to": [
          5,
          3
        ]
      },
      "state_index": 49,
      "timestamp": 1763115543.4367943
    },
    {
      "player": "circle",
      "move": {
        "action": "move",
        "from": [
          6,
          2
        ],
        "to": [
          5,
          2
        ]
      },
      "state_index": 50,
      "timestamp": 1763115546.5310876
    },
    {
      "player": "square",
      "move": {
        "action": "move",
        "from": [
          3,
          14
        ],
        "to": [
          4,
          14
        ]
      },
      "state_index": 51,
      "timestamp": 1763115547.456218
    },
    {
      "player": "circle",
      "move": {
        "action": "move",
        "from": [
          3,
          0
        ],
        "to": [
          3,
          1
        ]
      },
      "state_index": 52,
      "timestamp": 1763115553.8600738
    },
    {
      "player": "square",
      "move": {
        "action": "move",
        "from": [
          4,
          14
        ],
        "to": [
          5,
          14
        ]
      },
      "state_index": 53,
      "timestamp": 1763115555.0082812
    },
    {
      "player": "circle",
      "move": {
        "action": "move",
        "from": [
          3,
          1
        ],
        "to": [
          4,
          1
        ]
      },
      "state_index": 54,
      "timestamp": 1763115559.2793722
    },
    {
      "player": "square",
      "move": {
        "action": "move",
        "from": [
          5,
          4
        ],
        "to": [
          12,
          5
        ]
      },
      "state_index": 55,
      "timestamp": 1763115559.8847196
    },
    {
      "player": "circle",
      "move": {
        "action": "flip",
        "from": [
          4,
          5
        ],
        "to": [
          0,
          0
        ],
        "orientation": ""
      },
      "state_index": 56,
      "timestamp": 1763115561.4676821
    },
    {
      "player": "square",
      "move": {
        "action": "move",
        "from": [
          5,
          3
        ],
        "to": [
          5,
          4
        ]
      },
      "state_index": 57,
      "timestamp": 1763115562.625891
    },
    {
      "player": "circle",
      "move": {
        "action": "move",
        "from": [
          4,
          1
        ],
        "to": [
          5,
          1
        ]
      },
      "state_index": 58,
      "timestamp": 1763115563.785516
    },
    {
      "player": "square",
      "move": {
        "action": "move",
        "from": [
          5,
          4
        ],
        "to": [
          12,
          14
        ]
      },
      "state_index": 59,
      "timestamp": 1763115564.4105554
    },
    {
      "player": "circle",
      "move": {
        "action": "push",
        "from": [
          5,
          5
        ],
        "to": [
          4,
          5
        ],
        "pushed_to": [
          9,
          5
        ]
      },
      "state_index": 60,
      "timestamp": 1763115566.8495138
    },
    {
      "player": "square",
      "move": {
        "action": "move",
        "from": [
          12,
          14
        ],
        "to": [
          11,
          14
        ]
      },
      "state_index": 61,
      "timestamp": 1763115567.1620274
    },
    {
      "player": "circle",
      "move": {
        "action": "move",
        "from": [
          5,
          1
        ],
        "to": [
          6,
          1
        ]
      },
      "state_index": 62,
      "timestamp": 1763115587.4710572
    },
    {
      "player": "square",
      "move": {
        "action": "move",
        "from": [
          11,
          14
        ],
        "to": [
          10,
          14
        ]
      },
      "state_index": 63,
      "timestamp": 1763115588.6708455
    }
  ]
}