{
  "metadata": {
    "rows": 13,
    "cols": 12,
    "timestamp": 1763096797.661339,
    "version": "1.0",
    "winner": "square",
    "final_scores": {
      "circle": 10.0,
      "square": 90.0
    },
    "game_duration": 137.83456993103027
  },
  "states": [
    ".......................................aaaaaa......aaaaaa..........................................AAAAAA......BAAAAA.......................................",
    "...........................a............aaaaa......aaaaaa..........................................AAAAAA......BAAAAA.......................................",
    "...........................a............aaaaa......aaaaaa...........................................AAAAA...A..BAAAAA.......................................",
    "...........................a....a.......aaaa.......aaaaaa...........................................AAAAA...A..BAAAAA.......................................",
    "...........................a....a.......aaaa.......aaaaaa...........................................AAAAA...C..BAAAAA.......................................",
    "...........................a....a.......aaaa.......caaaaa...........................................AAAAA...C..BAAAAA.......................................",
    "...........................a....a.......aaaa.......caaaaa...A.......................................AAAAA...C..B.AAAA.......................................",
    "...........................a....a.......aaaa.......c.aaaa...A.......................................AAAAA...C..BaAAAA.......................................",
    "...........................a....a.......aaaa.......c.aaaa...A.......................................AAAAA....C.BaAAAA.......................................",
    "...........................a....a.......aaaa.......c.aaaa...A.......................................AAAAA....C.B.AAAA.......a...............................",
    "...........................a....a.......aaaa.......c.aaaa...A.......................................AAAAA.....CB.AAAA.......a...............................",
    "...........................a....a.......aaaa.......c.aaaa...A.......................................AAAAA.....CB.AAAA........a..............................",
    "..............B............a....a.......aaaa.......c.aaaa...A.......................................AAAAA.....C..AAAA........a..............................",
    "..............B............a....a.......aaaa.......c.baaa...A.......................................AAAAA.....C..AAAA........a..............................",
    "..............B............a....a.......aaaa.......c.baaa...A......................................AA.AAA.....C..AAAA........a..............................",
    "..............B............a....a.......aaaa......c..baaa...A......................................AA.AAA.....C..AAAA........a..............................",
    "..............B............a....a.......aaaa......c..baaa...A......................................AA.AAA.....C..BAAA........a..............................",
    "..............B.a..........a....a.......a.aa......c..baaa...A......................................AA.AAA.....C..BAAA........a..............................",
    "..............B.a..........a....a.......a.aa......c..baaa...A......................................AA.AAA....C...BAAA........a..............................",
    "..............B.a..........a....a.......a.aa......c..caaa...A......................................AA.AAA....C...BAAA........a..............................",
    "..B.............a..........a....a.......a.aa......c..caaa...A......................................AA.AAA....C...BAAA........a..............................",
    "..B.............a..........a....a.......a.aa......c..c.aa...A......................................AA.AAA....C..aBAAA........a..............................",
    ".aB.............a..........a....a.......a.aa......c..c.aa...A......................................AA.AAA....C..A.AAA........a..............................",
    ".aB.............a..........a....a.......a.aa......c..c.aa...A......................................AA.AAA....C..A.AAA.......a...............................",
    ".aB.............a..........a....a.......a.aa......c..c.aa...A......................................AA.AAA....C..B.AAA.......a...............................",
    ".aB.............a..........a....a.......a.aa......c..c.ba...A......................................AA.AAA....C..B.AAA.......a...............................",
    ".A....a.........a..........a....a.......a.aa......c..c.ba...A......................................AA.AAA....C..B.AAA.......a...............................",
    ".A....a.........a..........a....a.......a.aa......c..c..a...A......................................AA.AAA....C..B.AAA.......aa..............................",
    ".A....a.........a..........a....a.......a.aa......c..c..a...C......................................AA.AAA....C..B.AAA.......aa..............................",
    ".A....a.........a..........a....a.......a.aa......c..c..a...C......................................AA.AAA....C..B.AAA.......a.a.............................",
    ".C....a.........a..........a....a.......a.aa......c..c..a...C......................................AA.AAA....C..B.AAA.......a.a.............................",
    ".C....a.........a..........a....a.......acaa......c.....a...C......................................AA.AAA....C..B.AAA.......a.a.............................",
    ".C....a.........a..........a....a....A..acaa......c.....a...C......................................A..AAA....C..B.AAA.......a.a.............................",
    ".C....a.........a..........a....a....A...caa......c.....a...C......................................A..AAA....C..B.AAA.......aaa.............................",
    ".C....a.........a..........a....a....A...caa......c.....a...C......................................A..ACA....C..B.AAA.......aaa.............................",
    ".C....a.........a..........a....a....A...caa......c.....a...C......................................A..ACA....C..B.AAA.......a.aa............................",
    ".C....a.........a..........a....a....A...caa......c.....a...C......................................A..ACA....C..BAA.A.......a.aa............................",
    ".C....a.........a..........a....a....A...caa......c.....a...C......................................A..ACA....C..BAA.A.......aaa.............................",
    ".C....a.........a..........a....a....A...caa......c.....a...C......................................A..ACA....C..CAA.A.......aaa.............................",
    ".C....a.........a..........a....a....A...cac......c.....a...C......................................A..ACA....C..CAA.A.......aaa.............................",
    ".C....a.........a..........a....a....A...cac......c.....a...C......................................A..ACA....C..CA.AA.......aaa.............................",
    ".C....a.........a..........a....a....A...c.c......c....aa...C......................................A..ACA....C..CA.AA.......aaa.............................",
    ".C....a.........a..........a..A.a....A...c.c......c....aa...C......................................A..A.A....C..CA.AA.......aaa.............................",
    ".C....a.........a..........a..A.a....A...c..c.....c....aa...C......................................A..A.A....C..CA.AA.......aaa.............................",
    ".C....a.........a..........a.AA.a....A...c..c.....c....aa...C......................................A..A.A....C...A.AA.......aaa.............................",
    ".C....a.........a..........a.AA.a....A...c...c....c....aa...C......................................A..A.A....C...A.AA.......aaa.............................",
    ".C....a.........a..........a.AA.a....A...c...c....c....aa...C......................................A..A.A....C...C.AA.......aaa.............................",
    ".C....a.........a..........a.AA..a...A...c...c....c....aa...C......................................A..A.A....C...C.AA.......aaa.............................",
    ".C....a.........a..........a.AA..a...A...c...c....c....aa...A......................................A..A.A....C...C.AA.......aaa.............................",
    ".C....a.........a..........a.AA......A...c...c....c....aa...A......................................A..A.A....C...C.AA.......aaa..a..........................",
    ".C....a.........a..........a.AA......A...c...c....c....aa...A......................................A..A.A....A...C.AA.......aaa..a..........................",
    ".C....a.........a..........a.AA......A...c...c....c....aa...A......................................A..A.A....A...C.AA.......aaa.a...........................",
    ".C....a.........a..........a.AA......A...c...c....c....aa...A......................................A..A.A....A...C.A........aaa.A...........a...............",
    ".C....a.........a..........a.AA......A...c...c....c....aa...A......................................A..A.A....A...C.A........aaa.A..........a................",
    ".C....a.........a..........a..A......A...c...c....c....aa...A......................................A.AA.A....A...C.A........aaa.A..........a................",
    ".C....a.........a..........a..A......A...a...c....c....aa...A......................................A.AA.A....A...C.A........aaa.A..........a................",
    ".C....a.........a..........a.A.......A...a...c....c....aa...A......................................A.AA.A....A...C.A........aaa.A..........a................",
    ".C....a.........a..........a.A.......A...a...c....c....aa...A......................................A.AA.A....A...C.A........aaaaA..........................."
  ],
  "moves": [
    {
      "player": "circle",
      "move": {
        "action": "flip",
        "from": [
          3,
          9
        ],
        "orientation": "horizontal"
      },
      "state_index": 0,
      "timestamp": 1763096819.6405396
    },
    {
      "player": "square",
      "move": {
        "action": "move",
        "from": [
          3,
          3
        ],
        "to": [
          3,
          2
        ]
      },
      "state_index": 1,
      "timestamp": 1763096819.6900291
    },
    {
      "player": "circle",
      "move": {
        "action": "move",
        "from": [
          3,
          8
        ],
        "to": [
          0,
          9
        ]
      },
      "state_index": 2,
      "timestamp": 1763096820.15237
    },
    {
      "player": "square",
      "move": {
        "action": "move",
        "from": [
          8,
          3
        ],
        "to": [
          8,
          2
        ]
      },
      "state_index": 3,
      "timestamp": 1763096820.2005384
    },
    {
      "player": "circle",
      "move": {
        "action": "flip",
        "from": [
          0,
          9
        ],
        "orientation": "vertical"
      },
      "state_index": 4,
      "timestamp": 1763096820.663461
    },
    {
      "player": "square",
      "move": {
        "action": "flip",
        "from": [
          3,
          4
        ],
        "orientation": "vertical"
      },
      "state_index": 5,
      "timestamp": 1763096820.751941
    },
    {
      "player": "circle",
      "move": {
        "action": "move",
        "from": [
          4,
          9
        ],
        "to": [
          0,
          5
        ]
      },
      "state_index": 6,
      "timestamp": 1763096821.1749964
    },
    {
      "player": "square",
      "move": {
        "action": "move",
        "from": [
          4,
          4
        ],
        "to": [
          4,
          9
        ]
      },
      "state_index": 7,
      "timestamp": 1763096821.3064976
    },
    {
      "player": "circle",
      "move": {
        "action": "move",
        "from": [
          0,
          9
        ],
        "to": [
          1,
          9
        ]
      },
      "state_index": 8,
      "timestamp": 1763096824.1098154
    },
    {
      "player": "square",
      "move": {
        "action": "move",
        "from": [
          4,
          9
        ],
        "to": [
          4,
          10
        ]
      },
      "state_index": 9,
      "timestamp": 1763096824.8852358
    },
    {
      "player": "circle",
      "move": {
        "action": "move",
        "from": [
          1,
          9
        ],
        "to": [
          2,
          9
        ]
      },
      "state_index": 10,
      "timestamp": 1763096827.441338
    },
    {
      "player": "square",
      "move": {
        "action": "move",
        "from": [
          4,
          10
        ],
        "to": [
          5,
          10
        ]
      },
      "state_index": 11,
      "timestamp": 1763096828.4669638
    },
    {
      "player": "circle",
      "move": {
        "action": "move",
        "from": [
          3,
          9
        ],
        "to": [
          2,
          1
        ]
      },
      "state_index": 12,
      "timestamp": 1763096829.9143395
    },
    {
      "player": "square",
      "move": {
        "action": "flip",
        "from": [
          5,
          4
        ],
        "orientation": "horizontal"
      },
      "state_index": 13,
      "timestamp": 1763096830.0198905
    },
    {
      "player": "circle",
      "move": {
        "action": "push",
        "from": [
          5,
          8
        ],
        "to": [
          4,
          8
        ],
        "pushed_to": [
          3,
          8
        ]
      },
      "state_index": 14,
      "timestamp": 1763096831.6647778
    },
    {
      "player": "square",
      "move": {
        "action": "move",
        "from": [
          3,
          4
        ],
        "to": [
          2,
          4
        ]
      },
      "state_index": 15,
      "timestamp": 1763096832.6003234
    },
    {
      "player": "circle",
      "move": {
        "action": "flip",
        "from": [
          5,
          9
        ],
        "orientation": "horizontal"
      },
      "state_index": 16,
      "timestamp": 1763096836.7325366
    },
    {
      "player": "square",
      "move": {
        "action": "move",
        "from": [
          5,
          3
        ],
        "to": [
          4,
          1
        ]
      },
      "state_index": 17,
      "timestamp": 1763096838.5056992
    },
    {
      "player": "circle",
      "move": {
        "action": "move",
        "from": [
          2,
          9
        ],
        "to": [
          1,
          9
        ]
      },
      "state_index": 18,
      "timestamp": 1763096847.0223742
    },
    {
      "player": "square",
      "move": {
        "action": "rotate",
        "from": [
          5,
          4
        ]
      },
      "state_index": 19,
      "timestamp": 1763096847.1001782
    },
    {
      "player": "circle",
      "move": {
        "action": "move",
        "from": [
          2,
          1
        ],
        "to": [
          2,
          0
        ]
      },
      "state_index": 20,
      "timestamp": 1763096850.0367706
    },
    {
      "player": "square",
      "move": {
        "action": "move",
        "from": [
          6,
          4
        ],
        "to": [
          4,
          9
        ]
      },
      "state_index": 21,
      "timestamp": 1763096850.6863642
    },
    {
      "player": "circle",
      "move": {
        "action": "push",
        "from": [
          5,
          9
        ],
        "to": [
          4,
          9
        ],
        "pushed_to": [
          1,
          0
        ]
      },
      "state_index": 22,
      "timestamp": 1763096854.6164684
    },
    {
      "player": "square",
      "move": {
        "action": "move",
        "from": [
          5,
          10
        ],
        "to": [
          4,
          10
        ]
      },
      "state_index": 23,
      "timestamp": 1763096855.2733612
    },
    {
      "player": "circle",
      "move": {
        "action": "flip",
        "from": [
          4,
          9
        ],
        "orientation": "horizontal"
      },
      "state_index": 24,
      "timestamp": 1763096859.3541117
    },
    {
      "player": "square",
      "move": {
        "action": "flip",
        "from": [
          7,
          4
        ],
        "orientation": "horizontal"
      },
      "state_index": 25,
      "timestamp": 1763096859.848456
    },
    {
      "player": "circle",
      "move": {
        "action": "push",
        "from": [
          2,
          0
        ],
        "to": [
          1,
          0
        ],
        "pushed_to": [
          6,
          0
        ]
      },
      "state_index": 26,
      "timestamp": 1763096863.4024868
    },
    {
      "player": "square",
      "move": {
        "action": "push",
        "from": [
          7,
          4
        ],
        "to": [
          8,
          4
        ],
        "pushed_to": [
          5,
          10
        ]
      },
      "state_index": 27,
      "timestamp": 1763096864.4264328
    },
    {
      "player": "circle",
      "move": {
        "action": "flip",
        "from": [
          0,
          5
        ],
        "orientation": "vertical"
      },
      "state_index": 28,
      "timestamp": 1763096868.1920612
    },
    {
      "player": "square",
      "move": {
        "action": "move",
        "from": [
          5,
          10
        ],
        "to": [
          6,
          10
        ]
      },
      "state_index": 29,
      "timestamp": 1763096869.0684638
    },
    {
      "player": "circle",
      "move": {
        "action": "flip",
        "from": [
          1,
          0
        ],
        "orientation": "vertical"
      },
      "state_index": 30,
      "timestamp": 1763096873.323284
    },
    {
      "player": "square",
      "move": {
        "action": "move",
        "from": [
          5,
          4
        ],
        "to": [
          5,
          3
        ]
      },
      "state_index": 31,
      "timestamp": 1763096873.8800025
    },
    {
      "player": "circle",
      "move": {
        "action": "move",
        "from": [
          4,
          8
        ],
        "to": [
          1,
          3
        ]
      },
      "state_index": 32,
      "timestamp": 1763096878.0317004
    },
    {
      "player": "square",
      "move": {
        "action": "move",
        "from": [
          4,
          3
        ],
        "to": [
          5,
          10
        ]
      },
      "state_index": 33,
      "timestamp": 1763096878.578507
    },
    {
      "player": "circle",
      "move": {
        "action": "flip",
        "from": [
          7,
          8
        ],
        "orientation": "vertical"
      },
      "state_index": 34,
      "timestamp": 1763096881.2448769
    },
    {
      "player": "square",
      "move": {
        "action": "push",
        "from": [
          5,
          10
        ],
        "to": [
          6,
          10
        ],
        "pushed_to": [
          7,
          10
        ]
      },
      "state_index": 35,
      "timestamp": 1763096882.2203107
    },
    {
      "player": "circle",
      "move": {
        "action": "push",
        "from": [
          7,
          9
        ],
        "to": [
          6,
          9
        ],
        "pushed_to": [
          5,
          9
        ]
      },
      "state_index": 36,
      "timestamp": 1763096885.3310559
    },
    {
      "player": "square",
      "move": {
        "action": "push",
        "from": [
          7,
          10
        ],
        "to": [
          6,
          10
        ],
        "pushed_to": [
          5,
          10
        ]
      },
      "state_index": 37,
      "timestamp": 1763096885.8699753
    },
    {
      "player": "circle",
      "move": {
        "action": "rotate",
        "from": [
          4,
          9
        ]
      },
      "state_index": 38,
      "timestamp": 1763096888.805754
    },
    {
      "player": "square",
      "move": {
        "action": "flip",
        "from": [
          7,
          3
        ],
        "orientation": "vertical"
      },
      "state_index": 39,
      "timestamp": 1763096889.4842637
    },
    {
      "player": "circle",
      "move": {
        "action": "move",
        "from": [
          6,
          9
        ],
        "to": [
          7,
          9
        ]
      },
      "state_index": 40,
      "timestamp": 1763096893.3292298
    },
    {
      "player": "square",
      "move": {
        "action": "move",
        "from": [
          6,
          3
        ],
        "to": [
          7,
          4
        ]
      },
      "state_index": 41,
      "timestamp": 1763096894.1589065
    },
    {
      "player": "circle",
      "move": {
        "action": "push",
        "from": [
          7,
          8
        ],
        "to": [
          6,
          8
        ],
        "pushed_to": [
          6,
          2
        ]
      },
      "state_index": 42,
      "timestamp": 1763096897.676884
    },
    {
      "player": "square",
      "move": {
        "action": "move",
        "from": [
          7,
          3
        ],
        "to": [
          8,
          3
        ]
      },
      "state_index": 43,
      "timestamp": 1763096898.8504806
    },
    {
      "player": "circle",
      "move": {
        "action": "push",
        "from": [
          4,
          9
        ],
        "to": [
          5,
          9
        ],
        "pushed_to": [
          5,
          2
        ]
      },
      "state_index": 44,
      "timestamp": 1763096902.4352496
    },
    {
      "player": "square",
      "move": {
        "action": "move",
        "from": [
          8,
          3
        ],
        "to": [
          9,
          3
        ]
      },
      "state_index": 45,
      "timestamp": 1763096903.496335
    },
    {
      "player": "circle",
      "move": {
        "action": "flip",
        "from": [
          5,
          9
        ],
        "orientation": "vertical"
      },
      "state_index": 46,
      "timestamp": 1763096906.0876122
    },
    {
      "player": "square",
      "move": {
        "action": "move",
        "from": [
          8,
          2
        ],
        "to": [
          9,
          2
        ]
      },
      "state_index": 47,
      "timestamp": 1763096906.2908647
    },
    {
      "player": "circle",
      "move": {
        "action": "flip",
        "from": [
          0,
          5
        ]
      },
      "state_index": 48,
      "timestamp": 1763096908.1083694
    },
    {
      "player": "square",
      "move": {
        "action": "move",
        "from": [
          9,
          2
        ],
        "to": [
          9,
          10
        ]
      },
      "state_index": 49,
      "timestamp": 1763096908.959409
    },
    {
      "player": "circle",
      "move": {
        "action": "flip",
        "from": [
          1,
          9
        ]
      },
      "state_index": 50,
      "timestamp": 1763096910.7594535
    },
    {
      "player": "square",
      "move": {
        "action": "move",
        "from": [
          9,
          10
        ],
        "to": [
          8,
          10
        ]
      },
      "state_index": 51,
      "timestamp": 1763096911.5904653
    },
    {
      "player": "circle",
      "move": {
        "action": "push",
        "from": [
          8,
          9
        ],
        "to": [
          8,
          10
        ],
        "pushed_to": [
          8,
          11
        ]
      },
      "state_index": 52,
      "timestamp": 1763096918.632467
    },
    {
      "player": "square",
      "move": {
        "action": "move",
        "from": [
          8,
          11
        ],
        "to": [
          7,
          11
        ]
      },
      "state_index": 53,
      "timestamp": 1763096919.2341514
    },
    {
      "player": "circle",
      "move": {
        "action": "move",
        "from": [
          5,
          2
        ],
        "to": [
          5,
          8
        ]
      },
      "state_index": 54,
      "timestamp": 1763096927.3986654
    },
    {
      "player": "square",
      "move": {
        "action": "flip",
        "from": [
          5,
          3
        ]
      },
      "state_index": 55,
      "timestamp": 1763096927.8616397
    },
    {
      "player": "circle",
      "move": {
        "action": "move",
        "from": [
          6,
          2
        ],
        "to": [
          5,
          2
        ]
      },
      "state_index": 56,
      "timestamp": 1763096935.29817
    },
    {
      "player": "square",
      "move": {
        "action": "move",
        "from": [
          7,
          11
        ],
        "to": [
          7,
          10
        ]
      },
      "state_index": 57,
      "timestamp": 1763096935.495723
    }
  ]
}