{
  "metadata": {
    "rows": 13,
    "cols": 12,
    "timestamp": 1763118266.9075074,
    "version": "1.0",
    "winner": "circle",
    "final_scores": {
      "circle": 89.16666666666667,
      "square": 10.833333333333332
    },
    "game_duration": 425.1907043457031
  },
  "states": [
    ".......................................aaaaaa......aaaaaa..........................................AAAAAA.......AAAAA......A................................",
    ".......................................aaaaaa......aaaaca..........................................AAAAAA.......AAAAA......A................................",
    ".......................................aaaaaa......aaaaca..........................................AAAAAA.......AAAA.......A....A...........................",
    ".......................................aaaaaa......acaaca..........................................AAAAAA.......AAAA.......A....A...........................",
    ".......................................aaaaaa......acaaca..........................................CAAAAA.......AAAA.......A....A...........................",
    ".......................................a.aaaa......acaaca...............................a..........CAAAAA.......AAAA.......A....A...........................",
    ".......................................a.aaaa......acaaca......A........................a..........C.AAAA.......AAAA.......A....A...........................",
    ".......................................a.a.aa......acaaca......A..a.....................a..........C.AAAA.......AAAA.......A....A...........................",
    ".......................................a.a.aa......acaaca.......A.a.....................a..........C.AAAA.......AAAA.......A....A...........................",
    ".......................................aaa.aa......ac.aca.......A.a.....................a..........C.AAAA.......AAAA.......A....A...........................",
    ".......................................aaa.aa......ac.aca.......A.a.....................a.........C..AAAA.......AAAA.......A....A...........................",
    ".......................................aaa.aa......a..aca.......A.a.....................a.........C..AAAA......aAAAA.......A....A...........................",
    ".......................................aaa.aa......a..aca.......A.a.....................a.........C..BAAA......aAAAA.......A....A...........................",
    ".......................................aaa.aa......a..aca.......A.a.....................a.........C..BAAA.......AAAA.......a....A......A....................",
    ".......................................aaa.aa......a..aca.......A.a.....................a.........C..BBAA.......AAAA.......a....A......A....................",
    ".......................................aaa.aa......a..aca.......A.a.....................a.........C..BBAA.......AAAA........a...A......A....................",
    "..........................B............aaa.aa......a..aca.......A.a.....................a.........C...BAA.......AAAA........a...A......A....................",
    "..........................B............aaa.aa......a..aca.......A.a.....................a.........C...BAA.......AAAA.........a..A......A....................",
    "..........................B....A.......aaa.aa......a..aca.......A.a.....................a.........C...B.A.......AAAA.........a..A......A....................",
    "..........................B....A.......aaa.aa......c..aca.......A.a.....................a.........C...B.A.......AAAA.........a..A......A....................",
    "..........................B....A.......aaa.aa......c..aca.......A.a.....................a.........C....BA.......AAAA.........a..A......A....................",
    "..........................B....A.......aaa..a......c..aca.......A.a.....................a.........C.a..BA.......AAAA.........a..A......A....................",
    "...........................B...A.......aaa..a......c..aca.......A.a.....................a.........C.a..BA.......AAAA.........a..A......A....................",
    "...........................B...A.......aaa..a......c..bca.......A.a.....................a.........C.a..BA.......AAAA.........a..A......A....................",
    "...........................B...A.......aaa..a......c..bca......A..a.....................a.........C.a..BA.......AAAA.........a..A......A....................",
    "...........................B...A.......aaa..a.....c...bca......A..a.....................a.........C.a..BA.......AAAA.........a..A......A....................",
    "............................B..A.......aaa..a.....c...bca......A..a.....................a.........C.a..BA.......AAAA.........a..A......A....................",
    "............................B..A.......aaa..a.....c...b.a......A..a.a...................a.........C.a..BA.......AAAA.........a..A......A....................",
    "............................A..A.......aaa..a.....c...b.a......A..a.a...................a.........C.a..BA.......AAAA.........a..A......A....................",
    "............................A..A.......aaa..a.....c...b.a......A....a...................a.........C.a..BA.......AAAA......a..a..A......A....................",
    "............................A..A.......aaa..a.....c...b.a......A....a...................a.........C.a..CA.......AAAA......a..a..A......A....................",
    "............................A..A......a.aa..a.....c...b.a......A....a...................a.........C.a..CA.......AAAA......a..a..A......A....................",
    "............................A.A.......a.aa..a.....c...b.a......A....a...................a.........C.a..CA.......AAAA......a..a..A......A....................",
    "............................A.A.......a.a.a.a.....c...b.a......A....a...................a.........C.a..CA.......AAAA......a..a..A......A....................",
    "............................A.AA......a.a.a.a.....c...b.a......A....a...................a.........C.a..C........AAAA......a..a..A......A....................",
    "............................A.AA......a..aa.a.....c...b.a......A....a...................a.........C.a..C........AAAA......a..a..A......A....................",
    "............................AAA.......a..aa.a.....c...b.a......A....a...................a.........C.a..C........AAAA......a..a..A......A....................",
    "............................AAA.......a..aa.a.....c...b.a......A................a.......a.........C.a..C........AAAA......a..a..A......A....................",
    "............................AAAA......a..aa.a.....c...b.a......A................a.......a.........C.a...........AAAA......a..a..A......A...................."
  ],
  "moves": [
    {
      "player": "circle",
      "move": {
        "action": "move",
        "from": [
          3,
          9
        ],
        "to": [
          3,
          10
        ]
      },
      "state_index": 0,
      "timestamp": 1763118652.969838
    },
    {
      "player": "square",
      "move": {
        "action": "flip",
        "from": [
          7,
          4
        ],
        "to": [
          0,
          0
        ],
        "orientation": "vertical"
      },
      "state_index": 1,
      "timestamp": 1763118654.3684807
    },
    {
      "player": "circle",
      "move": {
        "action": "move",
        "from": [
          8,
          9
        ],
        "to": [
          8,
          10
        ]
      },
      "state_index": 2,
      "timestamp": 1763118654.481139
    },
    {
      "player": "square",
      "move": {
        "action": "flip",
        "from": [
          4,
          4
        ],
        "to": [
          0,
          0
        ],
        "orientation": "vertical"
      },
      "state_index": 3,
      "timestamp": 1763118655.3578238
    },
    {
      "player": "circle",
      "move": {
        "action": "flip",
        "from": [
          3,
          8
        ],
        "orientation": "vertical"
      },
      "state_index": 4,
      "timestamp": 1763118656.039601
    },
    {
      "player": "square",
      "move": {
        "action": "move",
        "from": [
          4,
          3
        ],
        "to": [
          4,
          7
        ]
      },
      "state_index": 5,
      "timestamp": 1763118657.4934175
    },
    {
      "player": "circle",
      "move": {
        "action": "move",
        "from": [
          4,
          8
        ],
        "to": [
          3,
          5
        ]
      },
      "state_index": 6,
      "timestamp": 1763118657.6041734
    },
    {
      "player": "square",
      "move": {
        "action": "push",
        "from": [
          6,
          3
        ],
        "to": [
          6,
          4
        ],
        "pushed_to": [
          6,
          5
        ]
      },
      "state_index": 7,
      "timestamp": 1763118658.2906785
    },
    {
      "player": "circle",
      "move": {
        "action": "move",
        "from": [
          3,
          5
        ],
        "to": [
          4,
          5
        ]
      },
      "state_index": 8,
      "timestamp": 1763118659.1472871
    },
    {
      "player": "square",
      "move": {
        "action": "move",
        "from": [
          5,
          4
        ],
        "to": [
          4,
          3
        ]
      },
      "state_index": 9,
      "timestamp": 1763118660.4696758
    },
    {
      "player": "circle",
      "move": {
        "action": "move",
        "from": [
          3,
          8
        ],
        "to": [
          2,
          8
        ]
      },
      "state_index": 10,
      "timestamp": 1763118660.7148015
    },
    {
      "player": "square",
      "move": {
        "action": "push",
        "from": [
          4,
          4
        ],
        "to": [
          3,
          4
        ],
        "pushed_to": [
          3,
          9
        ]
      },
      "state_index": 11,
      "timestamp": 1763118663.828951
    },
    {
      "player": "circle",
      "move": {
        "action": "flip",
        "from": [
          5,
          8
        ],
        "orientation": "horizontal"
      },
      "state_index": 12,
      "timestamp": 1763118664.034703
    },
    {
      "player": "square",
      "move": {
        "action": "push",
        "from": [
          3,
          9
        ],
        "to": [
          3,
          10
        ],
        "pushed_to": [
          3,
          11
        ]
      },
      "state_index": 13,
      "timestamp": 1763118666.07945
    },
    {
      "player": "circle",
      "move": {
        "action": "flip",
        "from": [
          6,
          8
        ],
        "orientation": "horizontal"
      },
      "state_index": 14,
      "timestamp": 1763118666.632305
    },
    {
      "player": "square",
      "move": {
        "action": "move",
        "from": [
          3,
          10
        ],
        "to": [
          4,
          10
        ]
      },
      "state_index": 15,
      "timestamp": 1763118669.6733847
    },
    {
      "player": "circle",
      "move": {
        "action": "move",
        "from": [
          5,
          8
        ],
        "to": [
          2,
          2
        ]
      },
      "state_index": 16,
      "timestamp": 1763118670.2592242
    },
    {
      "player": "square",
      "move": {
        "action": "move",
        "from": [
          4,
          10
        ],
        "to": [
          5,
          10
        ]
      },
      "state_index": 17,
      "timestamp": 1763118672.8697968
    },
    {
      "player": "circle",
      "move": {
        "action": "move",
        "from": [
          7,
          8
        ],
        "to": [
          7,
          2
        ]
      },
      "state_index": 18,
      "timestamp": 1763118673.9073377
    },
    {
      "player": "square",
      "move": {
        "action": "flip",
        "from": [
          3,
          4
        ],
        "to": [
          0,
          0
        ],
        "orientation": "vertical"
      },
      "state_index": 19,
      "timestamp": 1763118674.9887178
    },
    {
      "player": "circle",
      "move": {
        "action": "move",
        "from": [
          6,
          8
        ],
        "to": [
          7,
          8
        ]
      },
      "state_index": 20,
      "timestamp": 1763118675.471745
    },
    {
      "player": "square",
      "move": {
        "action": "move",
        "from": [
          7,
          3
        ],
        "to": [
          4,
          8
        ]
      },
      "state_index": 21,
      "timestamp": 1763118677.0029187
    },
    {
      "player": "circle",
      "move": {
        "action": "move",
        "from": [
          2,
          2
        ],
        "to": [
          3,
          2
        ]
      },
      "state_index": 22,
      "timestamp": 1763118678.0508113
    },
    {
      "player": "square",
      "move": {
        "action": "flip",
        "from": [
          6,
          4
        ],
        "to": [
          0,
          0
        ],
        "orientation": "horizontal"
      },
      "state_index": 23,
      "timestamp": 1763118678.8175836
    },
    {
      "player": "circle",
      "move": {
        "action": "move",
        "from": [
          4,
          5
        ],
        "to": [
          3,
          5
        ]
      },
      "state_index": 24,
      "timestamp": 1763118679.6594882
    },
    {
      "player": "square",
      "move": {
        "action": "move",
        "from": [
          3,
          4
        ],
        "to": [
          2,
          4
        ]
      },
      "state_index": 25,
      "timestamp": 1763118681.108886
    },
    {
      "player": "circle",
      "move": {
        "action": "move",
        "from": [
          3,
          2
        ],
        "to": [
          4,
          2
        ]
      },
      "state_index": 26,
      "timestamp": 1763118681.2613165
    },
    {
      "player": "square",
      "move": {
        "action": "push",
        "from": [
          7,
          4
        ],
        "to": [
          8,
          4
        ],
        "pushed_to": [
          8,
          5
        ]
      },
      "state_index": 27,
      "timestamp": 1763118682.5763967
    },
    {
      "player": "circle",
      "move": {
        "action": "flip",
        "from": [
          4,
          2
        ]
      },
      "state_index": 28,
      "timestamp": 1763118682.8811183
    },
    {
      "player": "square",
      "move": {
        "action": "move",
        "from": [
          6,
          5
        ],
        "to": [
          2,
          10
        ]
      },
      "state_index": 29,
      "timestamp": 1763118684.0590332
    },
    {
      "player": "circle",
      "move": {
        "action": "rotate",
        "from": [
          7,
          8
        ]
      },
      "state_index": 30,
      "timestamp": 1763118684.517261
    },
    {
      "player": "square",
      "move": {
        "action": "move",
        "from": [
          3,
          3
        ],
        "to": [
          2,
          3
        ]
      },
      "state_index": 31,
      "timestamp": 1763118685.352667
    },
    {
      "player": "circle",
      "move": {
        "action": "move",
        "from": [
          7,
          2
        ],
        "to": [
          6,
          2
        ]
      },
      "state_index": 32,
      "timestamp": 1763118686.1963162
    },
    {
      "player": "square",
      "move": {
        "action": "move",
        "from": [
          5,
          3
        ],
        "to": [
          6,
          3
        ]
      },
      "state_index": 33,
      "timestamp": 1763118687.4986427
    },
    {
      "player": "circle",
      "move": {
        "action": "move",
        "from": [
          8,
          8
        ],
        "to": [
          7,
          2
        ]
      },
      "state_index": 34,
      "timestamp": 1763118687.842328
    },
    {
      "player": "square",
      "move": {
        "action": "move",
        "from": [
          4,
          3
        ],
        "to": [
          5,
          3
        ]
      },
      "state_index": 35,
      "timestamp": 1763118688.7686117
    },
    {
      "player": "circle",
      "move": {
        "action": "push",
        "from": [
          7,
          2
        ],
        "to": [
          6,
          2
        ],
        "pushed_to": [
          5,
          2
        ]
      },
      "state_index": 36,
      "timestamp": 1763118689.490344
    },
    {
      "player": "square",
      "move": {
        "action": "move",
        "from": [
          8,
          5
        ],
        "to": [
          8,
          6
        ]
      },
      "state_index": 37,
      "timestamp": 1763118691.6091928
    },
    {
      "player": "circle",
      "move": {
        "action": "push",
        "from": [
          7,
          8
        ],
        "to": [
          7,
          9
        ],
        "pushed_to": [
          7,
          2
        ]
      },
      "state_index": 38,
      "timestamp": 1763118692.0981376
    }
  ]
}