{
  "metadata": {
    "rows": 13,
    "cols": 12,
    "timestamp": 1763068125.2943182,
    "version": "1.0",
    "winner": "circle",
    "final_scores": {
      "circle": 70.0,
      "square": 30.0
    },
    "game_duration": 136.9790642261505
  },
  "states": [
    ".......................................aaaaaa......aaaaaa..........................................AAAAAA......AAAA.AA......................................",
    ".......................................baaaaa......aaaaaa..........................................AAAAAA......AAAA.AA......................................",
    ".......................................baaaaa......aaaaaa..........................................AAAAAA.....AA.AA.AA......................................",
    "....................................a..baaaaa.......aaaaa..........................................AAAAAA.....AA.AA.AA......................................",
    "....................................a..baaaaa.......aaaaa..........................................AAAAAA.....AC.AA.AA......................................",
    "....................................c..baaaaa.......aaaaa..........................................AAAAAA.....AC.AA.AA......................................",
    "..........................A.........c..baaaaa.......aaaaa..........................................AAAAAA.....A..AA.AA......................................",
    "..........................A.........c..b.aaaa.......aaaaa...........................a..............AAAAAA.....A..AA.AA......................................",
    "..........................B.........c..b.aaaa.......aaaaa...........................a..............AAAAAA.....A..AA.AA......................................",
    "..........................B.........c..b.aaaa.......aaaaa............................a.............AAAAAA.....A..AA.AA......................................",
    "...........................B........c..b.aaaa.......aaaaa............................a.............AAAAAA.....A..AA.AA......................................",
    "...........................B........c..b.aaaa.......aaaaa........................................a.AAAAAA.....A..AA.AA......................................",
    "............................B.......c..b.aaaa.......aaaaa........................................a.AAAAAA.....A..AA.AA......................................",
    "............................B.......c..b.aaaa.......aaaaa.......................................a..AAAAAA.....A..AA.AA......................................",
    "............................A.......c..b.aaaa.......aaaaa.......................................a..AAAAAA.....A..AA.AA......................................",
    "............................A.......c..b.aaaa.......aaaaa........................................a.AAAAAA.....A..AA.AA......................................",
    "............................A.......c..b.aaaa.......aaaaa........................................a.AAAAAA.....A..AA..AA.....................................",
    "............................A.......c..b.aaaa.......aaaaa..........................................AAAAAA....aA..AA..AA.....................................",
    "............................A.......c..b.aaaa.......aaaaa..........................................AAAAAA....aA..AA..CA.....................................",
    "............................A.......c..b.aaaa.......aaaa.a.........................................AAAAAA....aA..AA..CA.....................................",
    "............................A.......c..b.aaaa.......aaaa.a.........................................ACAAAA....aA..AA..CA.....................................",
    "............................A.......c..b.aaaa.......aaaa.a.........................................ACAAAA.....A..AA..CA..a..................................",
    "............................A.....A.c..b.aaaa.......aaaa.a.........................................ACAAAA.....A..AA...A..a..................................",
    "............................A.....A.c..b.aaaa.......aaaa.a.........................................ACAAAA.....A..AA...A...a.................................",
    "............................A....A..c..b.aaaa.......aaaa.a.........................................ACAAAA.....A..AA...A...a.................................",
    "............................A....A..c..b.aaaa.......aaaa.a.........................................ACAAAA.....A..AA...A....a................................",
    "............................A...A...c..b.aaaa.......aaaa.a.........................................ACAAAA.....A..AA...A....a................................",
    "............................A...A...c..b.aaaa.......aaaa.a.........................................ACAAAA.....A..AA...A.....a...............................",
    "............................A..A....c..b.aaaa.......aaaa.a.........................................ACAAAA.....A..AA...A.....a...............................",
    "............................A..A....c..b.aaaa.......aaaa.c.........................................ACAAAA.....A..AA...A.....a...............................",
    "............A...............A..A....c..b.aaaa.......aaaa.c.........................................A.AAAA.....A..AA...A.....a...............................",
    "............A...............A..A....c..b.aaa........aaaaac.........................................A.AAAA.....A..AA...A.....a...............................",
    "............A...............A..A....c..b.aaa........aaaaac.........................................A.AAAA.....A..AA..A......a...............................",
    "............A...............A..A....c..b.baa........aaaaac.........................................A.AAAA.....A..AA..A......a...............................",
    ".............A..............A..A....c..b.baa........aaaaac.........................................A.AAAA.....A..AA..A......a...............................",
    ".............A..............A..A....c..bab.a........aaaaac.........................................A.AAAA.....A..AA..A......a...............................",
    "..............A.............A..A....c..bab.a........aaaaac.........................................A.AAAA.....A..AA..A......a...............................",
    "..............A.............A..A....c..b.b.a........aaaaac.........................................A.AAAA.....A..AA..A......a.......a.......................",
    "...............A............A..A....c..b.b.a........aaaaac.........................................A.AAAA.....A..AA..A......a.......a.......................",
    "...............A............A..A....c..b.b.a........aaaaac.........................................A.AAAA.....A..AA..A......a.......b.......................",
    "...............A............A..A....c..b.b.a........aaaaac.........................................A.AAAA.....A..CA..A......a.......b.......................",
    "...............A............A..A....c..b.b.a........a.aaac.........................................A.AAAA.....A..CA..A......a.......b.....a.................",
    "...............A............A..A....c..b.bAa........a.aaac.........................................A..AAA.....A..CA..A......a.......b.....a.................",
    "...............A............A..A....c..b.bAa........a.aaac.........................................A..AAA.....A..CA..A......a.a.....b.......................",
    "...............A............A.AA....c..b.b.a........a.aaac.........................................A..AAA.....A..CA..A......a.a.....b.......................",
    "...............A............A.AA....c..bab.a..........aaac.........................................A..AAA.....A..CA..A......a.a.....b.......................",
    "...............B............A.AA....c..bab.a..........aaac.........................................A..AAA.....A..CA..A......a.a.....b.......................",
    "...............B............A.AA....c..b.b.a..........aaac.........................................A..AAA.....A..CA..A......a.a.....b....a..................",
    "...........................BA.AA....c..b.b.a..........aaac.........................................A..AAA.....A..CA..A......a.a.....b....a..................",
    "...........................BA.AA....c..b.b.a..........aaac.........................................A..AAA.....A..CA..A......aaa.....b.......................",
    "............................AAAA....c..b.b.a..........aaac.........................................A..AAA.....A..CA..A......aaa.....b......................."
  ],
  "moves": [
    {
      "player": "circle",
      "move": {
        "action": "move",
        "from": [
          7,
          9
        ],
        "to": [
          9,
          9
        ]
      },
      "state_index": 0,
      "timestamp": 1763068186.718244
    },
    {
      "player": "square",
      "move": {
        "action": "flip",
        "from": [
          3,
          3
        ],
        "to": [
          0,
          0
        ],
        "orientation": "horizontal"
      },
      "state_index": 1,
      "timestamp": 1763068187.8143322
    },
    {
      "player": "circle",
      "move": {
        "action": "move",
        "from": [
          4,
          9
        ],
        "to": [
          2,
          9
        ]
      },
      "state_index": 2,
      "timestamp": 1763068188.2430825
    },
    {
      "player": "square",
      "move": {
        "action": "move",
        "from": [
          3,
          4
        ],
        "to": [
          0,
          3
        ]
      },
      "state_index": 3,
      "timestamp": 1763068188.3281484
    },
    {
      "player": "circle",
      "move": {
        "action": "flip",
        "from": [
          3,
          9
        ],
        "to": [
          3,
          9
        ],
        "orientation": "vertical"
      },
      "state_index": 4,
      "timestamp": 1763068189.4216638
    },
    {
      "player": "square",
      "move": {
        "action": "flip",
        "from": [
          0,
          3
        ],
        "to": [
          0,
          0
        ],
        "orientation": "vertical"
      },
      "state_index": 5,
      "timestamp": 1763068189.8409133
    },
    {
      "player": "circle",
      "move": {
        "action": "push",
        "from": [
          3,
          9
        ],
        "to": [
          2,
          9
        ],
        "pushed_to": [
          2,
          2
        ]
      },
      "state_index": 6,
      "timestamp": 1763068190.6196735
    },
    {
      "player": "square",
      "move": {
        "action": "move",
        "from": [
          4,
          3
        ],
        "to": [
          0,
          7
        ]
      },
      "state_index": 7,
      "timestamp": 1763068191.3549068
    },
    {
      "player": "circle",
      "move": {
        "action": "flip",
        "from": [
          2,
          2
        ],
        "to": [
          2,
          2
        ],
        "orientation": "horizontal"
      },
      "state_index": 8,
      "timestamp": 1763068192.7777634
    },
    {
      "player": "square",
      "move": {
        "action": "move",
        "from": [
          0,
          7
        ],
        "to": [
          1,
          7
        ]
      },
      "state_index": 9,
      "timestamp": 1763068193.2519867
    },
    {
      "player": "circle",
      "move": {
        "action": "move",
        "from": [
          2,
          2
        ],
        "to": [
          3,
          2
        ]
      },
      "state_index": 10,
      "timestamp": 1763068193.7219377
    },
    {
      "player": "square",
      "move": {
        "action": "move",
        "from": [
          1,
          7
        ],
        "to": [
          1,
          8
        ]
      },
      "state_index": 11,
      "timestamp": 1763068194.0454795
    },
    {
      "player": "circle",
      "move": {
        "action": "move",
        "from": [
          3,
          2
        ],
        "to": [
          4,
          2
        ]
      },
      "state_index": 12,
      "timestamp": 1763068194.9828722
    },
    {
      "player": "square",
      "move": {
        "action": "move",
        "from": [
          1,
          8
        ],
        "to": [
          0,
          8
        ]
      },
      "state_index": 13,
      "timestamp": 1763068196.004926
    },
    {
      "player": "circle",
      "move": {
        "action": "flip",
        "from": [
          4,
          2
        ],
        "to": [
          4,
          2
        ],
        "orientation": ""
      },
      "state_index": 14,
      "timestamp": 1763068197.1228535
    },
    {
      "player": "square",
      "move": {
        "action": "move",
        "from": [
          0,
          8
        ],
        "to": [
          1,
          8
        ]
      },
      "state_index": 15,
      "timestamp": 1763068197.8784418
    },
    {
      "player": "circle",
      "move": {
        "action": "push",
        "from": [
          8,
          9
        ],
        "to": [
          9,
          9
        ],
        "pushed_to": [
          10,
          9
        ]
      },
      "state_index": 16,
      "timestamp": 1763068199.2277184
    },
    {
      "player": "square",
      "move": {
        "action": "move",
        "from": [
          1,
          8
        ],
        "to": [
          1,
          9
        ]
      },
      "state_index": 17,
      "timestamp": 1763068199.846558
    },
    {
      "player": "circle",
      "move": {
        "action": "flip",
        "from": [
          9,
          9
        ],
        "to": [
          9,
          9
        ],
        "orientation": "vertical"
      },
      "state_index": 18,
      "timestamp": 1763068203.9411798
    },
    {
      "player": "square",
      "move": {
        "action": "move",
        "from": [
          8,
          4
        ],
        "to": [
          9,
          4
        ]
      },
      "state_index": 19,
      "timestamp": 1763068205.766219
    },
    {
      "player": "circle",
      "move": {
        "action": "flip",
        "from": [
          4,
          8
        ],
        "to": [
          4,
          8
        ],
        "orientation": "vertical"
      },
      "state_index": 20,
      "timestamp": 1763068212.373237
    },
    {
      "player": "square",
      "move": {
        "action": "move",
        "from": [
          1,
          9
        ],
        "to": [
          1,
          10
        ]
      },
      "state_index": 21,
      "timestamp": 1763068214.8061247
    },
    {
      "player": "circle",
      "move": {
        "action": "push",
        "from": [
          9,
          9
        ],
        "to": [
          10,
          9
        ],
        "pushed_to": [
          10,
          2
        ]
      },
      "state_index": 22,
      "timestamp": 1763068217.3864095
    },
    {
      "player": "square",
      "move": {
        "action": "move",
        "from": [
          1,
          10
        ],
        "to": [
          2,
          10
        ]
      },
      "state_index": 23,
      "timestamp": 1763068220.2789524
    },
    {
      "player": "circle",
      "move": {
        "action": "move",
        "from": [
          10,
          2
        ],
        "to": [
          9,
          2
        ]
      },
      "state_index": 24,
      "timestamp": 1763068222.8095121
    },
    {
      "player": "square",
      "move": {
        "action": "move",
        "from": [
          2,
          10
        ],
        "to": [
          3,
          10
        ]
      },
      "state_index": 25,
      "timestamp": 1763068224.8188155
    },
    {
      "player": "circle",
      "move": {
        "action": "move",
        "from": [
          9,
          2
        ],
        "to": [
          8,
          2
        ]
      },
      "state_index": 26,
      "timestamp": 1763068226.8701506
    },
    {
      "player": "square",
      "move": {
        "action": "move",
        "from": [
          3,
          10
        ],
        "to": [
          4,
          10
        ]
      },
      "state_index": 27,
      "timestamp": 1763068229.146629
    },
    {
      "player": "circle",
      "move": {
        "action": "move",
        "from": [
          8,
          2
        ],
        "to": [
          7,
          2
        ]
      },
      "state_index": 28,
      "timestamp": 1763068231.1092205
    },
    {
      "player": "square",
      "move": {
        "action": "flip",
        "from": [
          9,
          4
        ],
        "to": [
          0,
          0
        ],
        "orientation": "vertical"
      },
      "state_index": 29,
      "timestamp": 1763068233.5223918
    },
    {
      "player": "circle",
      "move": {
        "action": "push",
        "from": [
          4,
          8
        ],
        "to": [
          3,
          8
        ],
        "pushed_to": [
          0,
          1
        ]
      },
      "state_index": 30,
      "timestamp": 1763068235.489001
    },
    {
      "player": "square",
      "move": {
        "action": "move",
        "from": [
          8,
          3
        ],
        "to": [
          8,
          4
        ]
      },
      "state_index": 31,
      "timestamp": 1763068236.3654199
    },
    {
      "player": "circle",
      "move": {
        "action": "move",
        "from": [
          10,
          9
        ],
        "to": [
          9,
          9
        ]
      },
      "state_index": 32,
      "timestamp": 1763068237.5879235
    },
    {
      "player": "square",
      "move": {
        "action": "flip",
        "from": [
          5,
          3
        ],
        "to": [
          0,
          0
        ],
        "orientation": "horizontal"
      },
      "state_index": 33,
      "timestamp": 1763068238.187407
    },
    {
      "player": "circle",
      "move": {
        "action": "move",
        "from": [
          0,
          1
        ],
        "to": [
          1,
          1
        ]
      },
      "state_index": 34,
      "timestamp": 1763068239.539684
    },
    {
      "player": "square",
      "move": {
        "action": "move",
        "from": [
          6,
          3
        ],
        "to": [
          4,
          3
        ]
      },
      "state_index": 35,
      "timestamp": 1763068240.0861912
    },
    {
      "player": "circle",
      "move": {
        "action": "move",
        "from": [
          1,
          1
        ],
        "to": [
          2,
          1
        ]
      },
      "state_index": 36,
      "timestamp": 1763068241.4374044
    },
    {
      "player": "square",
      "move": {
        "action": "move",
        "from": [
          4,
          3
        ],
        "to": [
          0,
          11
        ]
      },
      "state_index": 37,
      "timestamp": 1763068242.0806718
    },
    {
      "player": "circle",
      "move": {
        "action": "move",
        "from": [
          2,
          1
        ],
        "to": [
          3,
          1
        ]
      },
      "state_index": 38,
      "timestamp": 1763068245.836899
    },
    {
      "player": "square",
      "move": {
        "action": "flip",
        "from": [
          0,
          11
        ],
        "to": [
          0,
          0
        ],
        "orientation": "horizontal"
      },
      "state_index": 39,
      "timestamp": 1763068246.953142
    },
    {
      "player": "circle",
      "move": {
        "action": "flip",
        "from": [
          5,
          9
        ],
        "to": [
          5,
          9
        ],
        "orientation": "vertical"
      },
      "state_index": 40,
      "timestamp": 1763068249.8980234
    },
    {
      "player": "square",
      "move": {
        "action": "move",
        "from": [
          5,
          4
        ],
        "to": [
          6,
          11
        ]
      },
      "state_index": 41,
      "timestamp": 1763068250.872925
    },
    {
      "player": "circle",
      "move": {
        "action": "move",
        "from": [
          5,
          8
        ],
        "to": [
          6,
          3
        ]
      },
      "state_index": 42,
      "timestamp": 1763068253.7204297
    },
    {
      "player": "square",
      "move": {
        "action": "move",
        "from": [
          6,
          11
        ],
        "to": [
          6,
          10
        ]
      },
      "state_index": 43,
      "timestamp": 1763068255.2759435
    },
    {
      "player": "circle",
      "move": {
        "action": "move",
        "from": [
          6,
          3
        ],
        "to": [
          6,
          2
        ]
      },
      "state_index": 44,
      "timestamp": 1763068256.9123588
    },
    {
      "player": "square",
      "move": {
        "action": "move",
        "from": [
          4,
          4
        ],
        "to": [
          4,
          3
        ]
      },
      "state_index": 45,
      "timestamp": 1763068258.2259839
    },
    {
      "player": "circle",
      "move": {
        "action": "flip",
        "from": [
          3,
          1
        ],
        "to": [
          3,
          1
        ],
        "orientation": "horizontal"
      },
      "state_index": 46,
      "timestamp": 1763068259.0593767
    },
    {
      "player": "square",
      "move": {
        "action": "move",
        "from": [
          4,
          3
        ],
        "to": [
          5,
          11
        ]
      },
      "state_index": 47,
      "timestamp": 1763068260.3809457
    },
    {
      "player": "circle",
      "move": {
        "action": "move",
        "from": [
          3,
          1
        ],
        "to": [
          3,
          2
        ]
      },
      "state_index": 48,
      "timestamp": 1763068260.7596667
    },
    {
      "player": "square",
      "move": {
        "action": "move",
        "from": [
          5,
          11
        ],
        "to": [
          5,
          10
        ]
      },
      "state_index": 49,
      "timestamp": 1763068261.3492148
    },
    {
      "player": "circle",
      "move": {
        "action": "push",
        "from": [
          3,
          2
        ],
        "to": [
          4,
          2
        ],
        "pushed_to": [
          5,
          2
        ]
      },
      "state_index": 50,
      "timestamp": 1763068262.273268
    }
  ]
}