{
  "metadata": {
    "rows": 17,
    "cols": 16,
    "timestamp": 1763095825.4091976,
    "version": "1.0",
    "winner": "square",
    "final_scores": {
      "circle": 6.5,
      "square": 93.5
    },
    "game_duration": 127.53390383720398
  },
  "states": [
    "....................................................aaaaaaaa........aaaaaaaa........................................................................................................................AAAAAAA.A.......AAAAAAAA....................................................",
    "....................................a................aaaaaaa........aaaaaaaa........................................................................................................................AAAAAAA.A.......AAAAAAAA....................................................",
    "....................................a................aaaaaaa........aaaaaaaa................................................................................................................A.......AAAAAAA.........AAAAAAAA....................................................",
    "....................................a......a.........aaaaaa.........aaaaaaaa................................................................................................................A.......AAAAAAA.........AAAAAAAA....................................................",
    "....................................a......a.........aaaaaa.........aaaaaaaa................................................................................................A.......................AAAAAAA.........AAAAAAAA....................................................",
    "....................................a......a.........aaaaaa.........aaaaaaac................................................................................................A.......................AAAAAAA.........AAAAAAAA....................................................",
    "....................................a......a.........aaaaaa.........aaaaaaac................................................................................A.......................................AAAAAAA.........AAAAAAAA....................................................",
    "....................................a......a.........aaaaaa.........aaaaaabc................................................................................A.......................................AAAAAAA.........AAAAAAAA....................................................",
    "....................................a......a.........aaaaaa.........aaaaaabc................................................................A.......................................................AAAAAAA.........AAAAAAAA....................................................",
    "....................................a......a.........aaaaaa.........aaaaaab..c..............................................................A.......................................................AAAAAAA.........AAAAAAAA....................................................",
    "....................................a......a.........aaaaaa.........aaaaaab..c..............................................A.......................................................................AAAAAAA.........AAAAAAAA....................................................",
    "....................................a......a.........aaaaaa.........aaaaabb..c..............................................A.......................................................................AAAAAAA.........AAAAAAAA....................................................",
    "....................................a......a.........aaaaaa.........aaaaabb..c..............................A.......................................................................................AAAAAAA.........AAAAAAAA....................................................",
    "....................................a......a.........aaaaaa.........aaaaab...c..............................A.......................................................................................AAAAAAA.........AAAAAAAA.................b..................................",
    "....................................a......a.........aaaaaa.........aaaaab...c...............................A......................................................................................AAAAAAA.........AAAAAAAA.................b..................................",
    "....................................a......a.........aaaaaa.........aaaaab..c................................A......................................................................................AAAAAAA.........AAAAAAAA.................b..................................",
    "....................................a......a.........aaaaaa.........aaaaab..c...............................A.......................................................................................AAAAAAA.........AAAAAAAA.................b..................................",
    "....................................a......a.........aaaaaa.........aaaaab...c..............................A.......................................................................................AAAAAAA.........AAAAAAAA.................b..................................",
    "....................................a......a.........aaaaaa.........aaaaab...c...............................A......................................................................................AAAAAAA.........AAAAAAAA.................b..................................",
    "....................................a......a.........aaaaaa.........aaaaab..c................................A......................................................................................AAAAAAA.........AAAAAAAA.................b..................................",
    "....................................a......a.........aaaaaa.........aaaaab..c...............................A.......................................................................................AAAAAAA.........AAAAAAAA.................b..................................",
    "....................................a......a.........aaaaaa.........aaaaab..c...............................A.......................................................................................AAAAAAA.........AAAAAAAA................b...................................",
    "....................................a......a.........aaaaaa.........aaaaab..c...............A.......................................................................................................AAAAAAA.........AAAAAAAA................b...................................",
    "....................................a......a.........aaaaaa.........aaaaab...c..............A.......................................................................................................AAAAAAA.........AAAAAAAA................b...................................",
    "....................................a......a.........aaaaaa.........aaaaab..Ac......................................................................................................................AAAAAAA.........AAAAAAAA................b...................................",
    "....................................a......a.........aaaaaa.........aaaaab..Ac......................................................................................................................AAAAAAA.........AAAAAAAA...............b....................................",
    "....................................a......a.........aaaaaa.A.......aaaaab...c......................................................................................................................AAAAAAA.........AAAAAAAA...............b....................................",
    "....................................a......a.........aaaaaa.A.......aaaaab...c......................................................................................................................AAAAAAA.........AAAAAAAA..............b.....................................",
    "....................................a......aA........aaaaaa.........aaaaab...c......................................................................................................................AAAAAAA.........AAAAAAAA..............b.....................................",
    "....................................a......aA........aaaaaa.........aaaaab...c......................................................................................................................AAAAAAA.........AAAAAAAA..............a.....................................",
    "............................A.......a......a.........aaaaaa.........aaaaab...c......................................................................................................................AAAAAAA.........AAAAAAAA..............a.....................................",
    "............................A.......a......a.........aaaaaa.........aaaaab...c......................................................................................................................AAAAAAA.........AAAAAAAA.............a......................................",
    "...........................A........a......a.........aaaaaa.........aaaaab...c......................................................................................................................AAAAAAA.........AAAAAAAA.............a......................................",
    "...........................A........a......a.........aaaaaa.........aaaaab..c.......................................................................................................................AAAAAAA.........AAAAAAAA.............a......................................",
    "..........................A.........a......a.........aaaaaa.........aaaaab..c.......................................................................................................................AAAAAAA.........AAAAAAAA.............a......................................",
    "..........................A.........a......a.........aaaaaa.........aaaabb..c.......................................................................................................................AAAAAAA.........AAAAAAAA.............a......................................",
    "....................................a.....Aa.........aaaaaa.........aaaabb..c.......................................................................................................................AAAAAAA.........AAAAAAAA.............a......................................",
    "....................................a.....Aa.........aaaaaa.........aaaab...c.......................................................................................................................AAAAAAA.........AAAAAAAA.............a..b...................................",
    "....................................a.....Aa.........aaaaaa.........aaaab...c.......................................................................................................................AAAAAAA.........AAAAAAA.A............a..b...................................",
    "....................................a.....Aa.........aaaaaa.........aaaab...c.......................................................................................................................AAAAAAA.........AAAAAAA.A............a.b....................................",
    "....................................a.....Aa.........aaaaaa.........aaaab...c...........................................................................................................A...........AAAA.AA.........AAAAAAA.A............a.b....................................",
    "....................................a.....Aa.........aaaaaa.........aaaab...c...........................................................................................................A...........AAAA.AA.........AAAAAAA.A............ab.....................................",
    "....................................a.....Aa.........aaaaaa.........aaaab...c...........................................................................................................A...........AAAA.AA.A.......AAAAAAA..............ab.....................................",
    "....................................a.....Aa.........aaaaaa.........aaaab...c...........................................................................................................A...........AAAA.AA.A.......AAAAAAA.............aa......................................",
    "....................................a.....Aa.........aaaaaa.........aaaab...c...........................................................................................A...........................AAAA.AA.A.......AAAAAAA.............aa......................................",
    "....................................a.....Aa.........aaaaaa.........aaaab..c............................................................................................A...........................AAAA.AA.A.......AAAAAAA.............aa......................................",
    "....................................a.....Aa.........aaaaaa.........aaaab..c............................................................................................A...........................AAAA.AA.A.......AAAAAA.A............aa......................................",
    "....................................a.....Aa.........aaaaaa.........caaab..c............................................................................................A...........................AAAA.AA.A.......AAAAAA.A............aa......................................",
    "....................................a.....Aa.........aaaaaa.........caaab..c............................................................................A...........................................AAAA.AA.A.......AAAAAA.A............aa......................................",
    "....................................a.....Aa.........aaaaaa........c.aaab..c............................................................................A...........................................AAAA.AA.A.......AAAAAA.A............aa......................................",
    "....................................a.....Aa.........aaaaaa........c.aaab..c............................................................................A..........................................A.AAA.AA.A.......AAAAAA.A............aa......................................",
    "....................................a.....Aa.........aaaaaa.......c..aaab..c............................................................................A..........................................A.AAA.AA.A.......AAAAAA.A............aa......................................",
    "....................................a.....Aa.........aaaaaa.......c..aaab..c............................................................A..........................................................A.AAA.AA.A.......AAAAAA.A............aa......................................",
    "....................................a.....Aa.........aaaaaa.......c..baab..c............................................................A..........................................................A.AAA.AA.A.......AAAAAA.A............aa......................................",
    "....................................a.....Aa.........aaaaaa.......c..baab..c............................................A..........................................................................A.AAA.AA.A.......AAAAAA.A............aa......................................",
    "....................................a.....Aa.........aaaaaa.......c..b.ab..c............................................A..........................................................................A.AAA.AA.A.......AAAAAA.A......a.....aa......................................",
    "....................................a.....Aa.........aaaaaa.......c..b.ab..c............................A..........................................................................................A.AAA.AA.A.......AAAAAA.A......a.....aa......................................",
    "....................................a.....Aa.........aaaaaa.......c..b.ab..c............................A..........................................................................................A.AAA.AA.A.......AAAAAA.A......b.....aa......................................",
    "....................................a.....Aa.........aaaaaa.......c..b.ab..c............A..........................................................................................................A.AAA.AA.A.......AAAAAA.A......b.....aa......................................",
    "....................................a.....Aa.........aaaaaa.......c..b..b..c............A..........................................................................................................A.AAA.AA.A.......AAAAAA.A......b....aaa......................................"
  ],
  "moves": [
    {
      "player": "circle",
      "move": {
        "action": "move",
        "from": [
          11,
          12
        ],
        "to": [
          12,
          12
        ]
      },
      "state_index": 0,
      "timestamp": 1763095844.9701364
    },
    {
      "player": "square",
      "move": {
        "action": "move",
        "from": [
          4,
          3
        ],
        "to": [
          4,
          2
        ]
      },
      "state_index": 1,
      "timestamp": 1763095845.8522248
    },
    {
      "player": "circle",
      "move": {
        "action": "move",
        "from": [
          12,
          12
        ],
        "to": [
          12,
          11
        ]
      },
      "state_index": 2,
      "timestamp": 1763095847.1987498
    },
    {
      "player": "square",
      "move": {
        "action": "move",
        "from": [
          11,
          3
        ],
        "to": [
          11,
          2
        ]
      },
      "state_index": 3,
      "timestamp": 1763095847.366421
    },
    {
      "player": "circle",
      "move": {
        "action": "move",
        "from": [
          12,
          11
        ],
        "to": [
          12,
          10
        ]
      },
      "state_index": 4,
      "timestamp": 1763095848.536932
    },
    {
      "player": "square",
      "move": {
        "action": "flip",
        "from": [
          11,
          4
        ],
        "orientation": "vertical"
      },
      "state_index": 5,
      "timestamp": 1763095848.973128
    },
    {
      "player": "circle",
      "move": {
        "action": "move",
        "from": [
          12,
          10
        ],
        "to": [
          12,
          9
        ]
      },
      "state_index": 6,
      "timestamp": 1763095849.8390512
    },
    {
      "player": "square",
      "move": {
        "action": "flip",
        "from": [
          10,
          4
        ],
        "orientation": "horizontal"
      },
      "state_index": 7,
      "timestamp": 1763095850.5814257
    },
    {
      "player": "circle",
      "move": {
        "action": "move",
        "from": [
          12,
          9
        ],
        "to": [
          12,
          8
        ]
      },
      "state_index": 8,
      "timestamp": 1763095852.296498
    },
    {
      "player": "square",
      "move": {
        "action": "move",
        "from": [
          11,
          4
        ],
        "to": [
          13,
          4
        ]
      },
      "state_index": 9,
      "timestamp": 1763095853.226895
    },
    {
      "player": "circle",
      "move": {
        "action": "move",
        "from": [
          12,
          8
        ],
        "to": [
          12,
          7
        ]
      },
      "state_index": 10,
      "timestamp": 1763095854.8143735
    },
    {
      "player": "square",
      "move": {
        "action": "flip",
        "from": [
          9,
          4
        ],
        "orientation": "horizontal"
      },
      "state_index": 11,
      "timestamp": 1763095855.9707546
    },
    {
      "player": "circle",
      "move": {
        "action": "move",
        "from": [
          12,
          7
        ],
        "to": [
          12,
          6
        ]
      },
      "state_index": 12,
      "timestamp": 1763095857.4942398
    },
    {
      "player": "square",
      "move": {
        "action": "move",
        "from": [
          10,
          4
        ],
        "to": [
          13,
          14
        ]
      },
      "state_index": 13,
      "timestamp": 1763095858.781477
    },
    {
      "player": "circle",
      "move": {
        "action": "move",
        "from": [
          12,
          6
        ],
        "to": [
          13,
          6
        ]
      },
      "state_index": 14,
      "timestamp": 1763095859.8250487
    },
    {
      "player": "square",
      "move": {
        "action": "move",
        "from": [
          13,
          4
        ],
        "to": [
          12,
          4
        ]
      },
      "state_index": 15,
      "timestamp": 1763095860.4025753
    },
    {
      "player": "circle",
      "move": {
        "action": "move",
        "from": [
          13,
          6
        ],
        "to": [
          12,
          6
        ]
      },
      "state_index": 16,
      "timestamp": 1763095862.1828315
    },
    {
      "player": "square",
      "move": {
        "action": "move",
        "from": [
          12,
          4
        ],
        "to": [
          13,
          4
        ]
      },
      "state_index": 17,
      "timestamp": 1763095863.0261328
    },
    {
      "player": "circle",
      "move": {
        "action": "move",
        "from": [
          12,
          6
        ],
        "to": [
          13,
          6
        ]
      },
      "state_index": 18,
      "timestamp": 1763095864.495609
    },
    {
      "player": "square",
      "move": {
        "action": "move",
        "from": [
          13,
          4
        ],
        "to": [
          12,
          4
        ]
      },
      "state_index": 19,
      "timestamp": 1763095864.6351452
    },
    {
      "player": "circle",
      "move": {
        "action": "move",
        "from": [
          13,
          6
        ],
        "to": [
          12,
          6
        ]
      },
      "state_index": 20,
      "timestamp": 1763095865.8750548
    },
    {
      "player": "square",
      "move": {
        "action": "move",
        "from": [
          13,
          14
        ],
        "to": [
          12,
          14
        ]
      },
      "state_index": 21,
      "timestamp": 1763095866.2484314
    },
    {
      "player": "circle",
      "move": {
        "action": "move",
        "from": [
          12,
          6
        ],
        "to": [
          12,
          5
        ]
      },
      "state_index": 22,
      "timestamp": 1763095867.4732575
    },
    {
      "player": "square",
      "move": {
        "action": "move",
        "from": [
          12,
          4
        ],
        "to": [
          13,
          4
        ]
      },
      "state_index": 23,
      "timestamp": 1763095867.890387
    },
    {
      "player": "circle",
      "move": {
        "action": "move",
        "from": [
          12,
          5
        ],
        "to": [
          12,
          4
        ]
      },
      "state_index": 24,
      "timestamp": 1763095868.89658
    },
    {
      "player": "square",
      "move": {
        "action": "move",
        "from": [
          12,
          14
        ],
        "to": [
          11,
          14
        ]
      },
      "state_index": 25,
      "timestamp": 1763095869.5094824
    },
    {
      "player": "circle",
      "move": {
        "action": "move",
        "from": [
          12,
          4
        ],
        "to": [
          12,
          3
        ]
      },
      "state_index": 26,
      "timestamp": 1763095878.9998739
    },
    {
      "player": "square",
      "move": {
        "action": "move",
        "from": [
          11,
          14
        ],
        "to": [
          10,
          14
        ]
      },
      "state_index": 27,
      "timestamp": 1763095880.0144022
    },
    {
      "player": "circle",
      "move": {
        "action": "move",
        "from": [
          12,
          3
        ],
        "to": [
          12,
          2
        ]
      },
      "state_index": 28,
      "timestamp": 1763095881.4934964
    },
    {
      "player": "square",
      "move": {
        "action": "flip",
        "from": [
          10,
          14
        ]
      },
      "state_index": 29,
      "timestamp": 1763095881.6461446
    },
    {
      "player": "circle",
      "move": {
        "action": "move",
        "from": [
          12,
          2
        ],
        "to": [
          12,
          1
        ]
      },
      "state_index": 30,
      "timestamp": 1763095883.0168276
    },
    {
      "player": "square",
      "move": {
        "action": "move",
        "from": [
          10,
          14
        ],
        "to": [
          9,
          14
        ]
      },
      "state_index": 31,
      "timestamp": 1763095883.2990203
    },
    {
      "player": "circle",
      "move": {
        "action": "move",
        "from": [
          12,
          1
        ],
        "to": [
          11,
          1
        ]
      },
      "state_index": 32,
      "timestamp": 1763095884.6057718
    },
    {
      "player": "square",
      "move": {
        "action": "move",
        "from": [
          13,
          4
        ],
        "to": [
          12,
          4
        ]
      },
      "state_index": 33,
      "timestamp": 1763095884.948968
    },
    {
      "player": "circle",
      "move": {
        "action": "move",
        "from": [
          11,
          1
        ],
        "to": [
          10,
          1
        ]
      },
      "state_index": 34,
      "timestamp": 1763095886.0032227
    },
    {
      "player": "square",
      "move": {
        "action": "flip",
        "from": [
          8,
          4
        ],
        "orientation": "horizontal"
      },
      "state_index": 35,
      "timestamp": 1763095886.5789964
    },
    {
      "player": "circle",
      "move": {
        "action": "move",
        "from": [
          10,
          1
        ],
        "to": [
          10,
          2
        ]
      },
      "state_index": 36,
      "timestamp": 1763095888.8312666
    },
    {
      "player": "square",
      "move": {
        "action": "move",
        "from": [
          9,
          4
        ],
        "to": [
          12,
          14
        ]
      },
      "state_index": 37,
      "timestamp": 1763095889.2836134
    },
    {
      "player": "circle",
      "move": {
        "action": "move",
        "from": [
          11,
          13
        ],
        "to": [
          12,
          13
        ]
      },
      "state_index": 38,
      "timestamp": 1763095890.5778675
    },
    {
      "player": "square",
      "move": {
        "action": "move",
        "from": [
          12,
          14
        ],
        "to": [
          11,
          14
        ]
      },
      "state_index": 39,
      "timestamp": 1763095890.9230247
    },
    {
      "player": "circle",
      "move": {
        "action": "move",
        "from": [
          8,
          12
        ],
        "to": [
          8,
          11
        ]
      },
      "state_index": 40,
      "timestamp": 1763095897.9139256
    },
    {
      "player": "square",
      "move": {
        "action": "move",
        "from": [
          11,
          14
        ],
        "to": [
          10,
          14
        ]
      },
      "state_index": 41,
      "timestamp": 1763095898.5733194
    },
    {
      "player": "circle",
      "move": {
        "action": "move",
        "from": [
          12,
          13
        ],
        "to": [
          12,
          12
        ]
      },
      "state_index": 42,
      "timestamp": 1763095907.2008262
    },
    {
      "player": "square",
      "move": {
        "action": "push",
        "from": [
          10,
          14
        ],
        "to": [
          9,
          14
        ],
        "pushed_to": [
          8,
          14
        ]
      },
      "state_index": 43,
      "timestamp": 1763095908.0918775
    },
    {
      "player": "circle",
      "move": {
        "action": "move",
        "from": [
          8,
          11
        ],
        "to": [
          8,
          10
        ]
      },
      "state_index": 44,
      "timestamp": 1763095910.3751326
    },
    {
      "player": "square",
      "move": {
        "action": "move",
        "from": [
          12,
          4
        ],
        "to": [
          11,
          4
        ]
      },
      "state_index": 45,
      "timestamp": 1763095910.9190474
    },
    {
      "player": "circle",
      "move": {
        "action": "move",
        "from": [
          10,
          13
        ],
        "to": [
          11,
          13
        ]
      },
      "state_index": 46,
      "timestamp": 1763095914.1104002
    },
    {
      "player": "square",
      "move": {
        "action": "flip",
        "from": [
          4,
          4
        ],
        "orientation": "vertical"
      },
      "state_index": 47,
      "timestamp": 1763095914.7998304
    },
    {
      "player": "circle",
      "move": {
        "action": "move",
        "from": [
          8,
          10
        ],
        "to": [
          8,
          9
        ]
      },
      "state_index": 48,
      "timestamp": 1763095916.9861257
    },
    {
      "player": "square",
      "move": {
        "action": "move",
        "from": [
          4,
          4
        ],
        "to": [
          3,
          4
        ]
      },
      "state_index": 49,
      "timestamp": 1763095917.672514
    },
    {
      "player": "circle",
      "move": {
        "action": "move",
        "from": [
          4,
          12
        ],
        "to": [
          3,
          12
        ]
      },
      "state_index": 50,
      "timestamp": 1763095920.0904834
    },
    {
      "player": "square",
      "move": {
        "action": "move",
        "from": [
          3,
          4
        ],
        "to": [
          2,
          4
        ]
      },
      "state_index": 51,
      "timestamp": 1763095920.5446417
    },
    {
      "player": "circle",
      "move": {
        "action": "move",
        "from": [
          8,
          9
        ],
        "to": [
          8,
          8
        ]
      },
      "state_index": 52,
      "timestamp": 1763095922.5016832
    },
    {
      "player": "square",
      "move": {
        "action": "flip",
        "from": [
          5,
          4
        ],
        "orientation": "horizontal"
      },
      "state_index": 53,
      "timestamp": 1763095923.464228
    },
    {
      "player": "circle",
      "move": {
        "action": "move",
        "from": [
          8,
          8
        ],
        "to": [
          8,
          7
        ]
      },
      "state_index": 54,
      "timestamp": 1763095926.3522043
    },
    {
      "player": "square",
      "move": {
        "action": "move",
        "from": [
          6,
          4
        ],
        "to": [
          2,
          14
        ]
      },
      "state_index": 55,
      "timestamp": 1763095927.493231
    },
    {
      "player": "circle",
      "move": {
        "action": "move",
        "from": [
          8,
          7
        ],
        "to": [
          8,
          6
        ]
      },
      "state_index": 56,
      "timestamp": 1763095930.3603687
    },
    {
      "player": "square",
      "move": {
        "action": "flip",
        "from": [
          2,
          14
        ],
        "orientation": "horizontal"
      },
      "state_index": 57,
      "timestamp": 1763095931.6615286
    },
    {
      "player": "circle",
      "move": {
        "action": "move",
        "from": [
          8,
          6
        ],
        "to": [
          8,
          5
        ]
      },
      "state_index": 58,
      "timestamp": 1763095935.1508396
    },
    {
      "player": "square",
      "move": {
        "action": "move",
        "from": [
          7,
          4
        ],
        "to": [
          7,
          14
        ]
      },
      "state_index": 59,
      "timestamp": 1763095935.7006881
    }
  ]
}