{
  "metadata": {
    "rows": 15,
    "cols": 14,
    "timestamp": 1763095709.6915886,
    "version": "1.0",
    "winner": "square",
    "final_scores": {
      "circle": 8.0,
      "square": 92.0
    },
    "game_duration": 78.88725209236145
  },
  "states": [
    ".............................................aaaaaaa.......aaaaaaa.............................................................................AAAAAA.A......AAAAAAA..............................................",
    "...............................a..............aaaaaa.......aaaaaaa.............................................................................AAAAAA.A......AAAAAAA..............................................",
    "...............................a..............aaaaaa.......aaaaaaa......................................................................A......AAAAAA........AAAAAAA..............................................",
    "...............................a.....a........aaaaa........aaaaaaa......................................................................A......AAAAAA........AAAAAAA..............................................",
    "...............................a.....a........aaaaa........aaaaaaa........................................................A....................AAAAAA........AAAAAAA..............................................",
    "...............................a.....a........aaaaa........aaaaaac........................................................A....................AAAAAA........AAAAAAA..............................................",
    "...............................a.....a........aaaaa........aaaaaac..........................................A..................................AAAAAA........AAAAAAA..............................................",
    "...............................a.....a........aaaaa........aaaaabc..........................................A..................................AAAAAA........AAAAAAA..............................................",
    "...............................a.....a........aaaaa........aaaaabc............................A................................................AAAAAA........AAAAAAA..............................................",
    "...............................a.....a........aaaaa........aaaaab..c..........................A................................................AAAAAA........AAAAAAA..............................................",
    "...............................a.....a........aaaaa........aaaaab..c............A..............................................................AAAAAA........AAAAAAA..............................................",
    "...............................a.....a........aaaaa........aaaabb..c............A..............................................................AAAAAA........AAAAAAA..............................................",
    "...............................a.....a........aaaaa........aaaabb.Ac...........................................................................AAAAAA........AAAAAAA..............................................",
    "...............................a.....a........aaaaa..a.....aaaab..Ac...........................................................................AAAAAA........AAAAAAA..............................................",
    "...............................a.....a........aaaaa.Aa.....aaaab...c...........................................................................AAAAAA........AAAAAAA..............................................",
    "...............................a.....a........aaaaa.Aa.....aaaab..c............................................................................AAAAAA........AAAAAAA..............................................",
    "...............................a.....aA.......aaaaa..a.....aaaab..c............................................................................AAAAAA........AAAAAAA..............................................",
    "...............................a.....aA.......aaaaa..a.....aaabb..c............................................................................AAAAAA........AAAAAAA..............................................",
    "........................A......a.....a........aaaaa..a.....aaabb..c............................................................................AAAAAA........AAAAAAA..............................................",
    "........................A......a.....a........aaaaa..a.....aaab...c............................................................................AAAAAA........AAAAAAA..............b...............................",
    ".......................A.......a.....a........aaaaa..a.....aaab...c............................................................................AAAAAA........AAAAAAA..............b...............................",
    ".......................A.......a.....a........aaaaa..a.....aa.b...c............................................................................AAAAAA........AAAAAAA........a.....b...............................",
    "......................A........a.....a........aaaaa..a.....aa.b...c............................................................................AAAAAA........AAAAAAA........a.....b...............................",
    "......................A........a.....a........aaaaa..a.....ab.b...c............................................................................AAAAAA........AAAAAAA........a.....b...............................",
    "...............................a....Aa........aaaaa..a.....ab.b...c............................................................................AAAAAA........AAAAAAA........a.....b...............................",
    "...............................a....Aa........aaaaa..a......b.b...c............................................................................AAAAAA........AAAAAAA........aa....b...............................",
    "...............................a....Aa........aaaaa..a......b.b...c.................................................................A..........AAA.AA........AAAAAAA........aa....b...............................",
    "...............................a....Aa.........aaaa..a......b.b...c.................................................................A..........AAA.AA........AAAAAAA........aaa...b...............................",
    "...............................a....Aa.........aaaa..a......b.b...c.................................................................A..........AAA.AA........AAAAAA.........aaa..Ab...............................",
    "...............................a....Aa.........aaaa..a......b.b...c.................................................................A..........AAA.AA........AAAAAA.........aaa..a.A..............................",
    "...............................a....Aa.........aaaa..a......b.b...c...................................................A........................AAA.AA........AAAAAA.........aaa..a.A..............................",
    "...............................a....Aa.........aaaa..a......b.b...c...................................................A........................AAA.AA........AAAAAA.........aaa.a..A..............................",
    "...............................a....Aa.........aaaa..a......b.b...c.....................................A......................................AAA.AA........AAAAAA.........aaa.a..A..............................",
    "...............................a....Aa.........aaaa..a......b.b...c.....................................A......................................AAA.AA........AAAAAA.........aaaa...A..............................",
    "...............................a....Aa.........aaaa..a......b.b...c.......................A....................................................AAA.AA........AAAAAA.........aaaa...A..............................",
    "...............................a....Aa.........a.aa..a......b.b...c.......................A....................................................AAA.AA........AAAAAA.........aaaa..aA..............................",
    "...............................a....Aa.........a.aa..a......b.b...c.........A..................................................................AAA.AA........AAAAAA.........aaaa..aA..............................",
    "...............................a....Aa.........a.aa..a......b.b...c.........A..................................................................AAA.AA........AAAAAA.........aaaa.a.A..............................",
    "...............................a....Aa.........a.aa..a......b.b...c..........A.................................................................AAA.AA........AAAAAA.........aaaa.a.A..............................",
    "...............................a....Aa.........a.aa..a......b.b...c..........A.................................................................AAA.AA........AAAAAA.........aaaaa..A.............................."
  ],
  "moves": [
    {
      "player": "circle",
      "move": {
        "action": "move",
        "from": [
          9,
          10
        ],
        "to": [
          10,
          10
        ]
      },
      "state_index": 0,
      "timestamp": 1763095725.0155227
    },
    {
      "player": "square",
      "move": {
        "action": "move",
        "from": [
          3,
          3
        ],
        "to": [
          3,
          2
        ]
      },
      "state_index": 1,
      "timestamp": 1763095725.8026443
    },
    {
      "player": "circle",
      "move": {
        "action": "move",
        "from": [
          10,
          10
        ],
        "to": [
          10,
          9
        ]
      },
      "state_index": 2,
      "timestamp": 1763095726.9911287
    },
    {
      "player": "square",
      "move": {
        "action": "move",
        "from": [
          9,
          3
        ],
        "to": [
          9,
          2
        ]
      },
      "state_index": 3,
      "timestamp": 1763095727.3197331
    },
    {
      "player": "circle",
      "move": {
        "action": "move",
        "from": [
          10,
          9
        ],
        "to": [
          10,
          8
        ]
      },
      "state_index": 4,
      "timestamp": 1763095727.9147606
    },
    {
      "player": "square",
      "move": {
        "action": "flip",
        "from": [
          9,
          4
        ],
        "orientation": "vertical"
      },
      "state_index": 5,
      "timestamp": 1763095728.9037201
    },
    {
      "player": "circle",
      "move": {
        "action": "move",
        "from": [
          10,
          8
        ],
        "to": [
          10,
          7
        ]
      },
      "state_index": 6,
      "timestamp": 1763095729.8669584
    },
    {
      "player": "square",
      "move": {
        "action": "flip",
        "from": [
          8,
          4
        ],
        "orientation": "horizontal"
      },
      "state_index": 7,
      "timestamp": 1763095730.4798477
    },
    {
      "player": "circle",
      "move": {
        "action": "move",
        "from": [
          10,
          7
        ],
        "to": [
          10,
          6
        ]
      },
      "state_index": 8,
      "timestamp": 1763095732.0366158
    },
    {
      "player": "square",
      "move": {
        "action": "move",
        "from": [
          9,
          4
        ],
        "to": [
          11,
          4
        ]
      },
      "state_index": 9,
      "timestamp": 1763095733.1100914
    },
    {
      "player": "circle",
      "move": {
        "action": "move",
        "from": [
          10,
          6
        ],
        "to": [
          10,
          5
        ]
      },
      "state_index": 10,
      "timestamp": 1763095734.125939
    },
    {
      "player": "square",
      "move": {
        "action": "flip",
        "from": [
          7,
          4
        ],
        "orientation": "horizontal"
      },
      "state_index": 11,
      "timestamp": 1763095734.7358203
    },
    {
      "player": "circle",
      "move": {
        "action": "move",
        "from": [
          10,
          5
        ],
        "to": [
          10,
          4
        ]
      },
      "state_index": 12,
      "timestamp": 1763095736.2864926
    },
    {
      "player": "square",
      "move": {
        "action": "push",
        "from": [
          8,
          4
        ],
        "to": [
          8,
          3
        ],
        "pushed_to": [
          11,
          3
        ]
      },
      "state_index": 13,
      "timestamp": 1763095737.329184
    },
    {
      "player": "circle",
      "move": {
        "action": "move",
        "from": [
          10,
          4
        ],
        "to": [
          10,
          3
        ]
      },
      "state_index": 14,
      "timestamp": 1763095742.8371043
    },
    {
      "player": "square",
      "move": {
        "action": "move",
        "from": [
          11,
          4
        ],
        "to": [
          10,
          4
        ]
      },
      "state_index": 15,
      "timestamp": 1763095743.7620702
    },
    {
      "player": "circle",
      "move": {
        "action": "move",
        "from": [
          10,
          3
        ],
        "to": [
          10,
          2
        ]
      },
      "state_index": 16,
      "timestamp": 1763095745.0244815
    },
    {
      "player": "square",
      "move": {
        "action": "flip",
        "from": [
          6,
          4
        ],
        "orientation": "horizontal"
      },
      "state_index": 17,
      "timestamp": 1763095745.384607
    },
    {
      "player": "circle",
      "move": {
        "action": "move",
        "from": [
          10,
          2
        ],
        "to": [
          10,
          1
        ]
      },
      "state_index": 18,
      "timestamp": 1763095746.3816342
    },
    {
      "player": "square",
      "move": {
        "action": "move",
        "from": [
          7,
          4
        ],
        "to": [
          10,
          12
        ]
      },
      "state_index": 19,
      "timestamp": 1763095747.026812
    },
    {
      "player": "circle",
      "move": {
        "action": "move",
        "from": [
          10,
          1
        ],
        "to": [
          9,
          1
        ]
      },
      "state_index": 20,
      "timestamp": 1763095748.4908035
    },
    {
      "player": "square",
      "move": {
        "action": "move",
        "from": [
          5,
          4
        ],
        "to": [
          4,
          12
        ]
      },
      "state_index": 21,
      "timestamp": 1763095748.6269639
    },
    {
      "player": "circle",
      "move": {
        "action": "move",
        "from": [
          9,
          1
        ],
        "to": [
          8,
          1
        ]
      },
      "state_index": 22,
      "timestamp": 1763095749.4387739
    },
    {
      "player": "square",
      "move": {
        "action": "flip",
        "from": [
          4,
          4
        ],
        "orientation": "horizontal"
      },
      "state_index": 23,
      "timestamp": 1763095750.219189
    },
    {
      "player": "circle",
      "move": {
        "action": "move",
        "from": [
          8,
          1
        ],
        "to": [
          8,
          2
        ]
      },
      "state_index": 24,
      "timestamp": 1763095751.6656144
    },
    {
      "player": "square",
      "move": {
        "action": "move",
        "from": [
          3,
          4
        ],
        "to": [
          5,
          12
        ]
      },
      "state_index": 25,
      "timestamp": 1763095751.831778
    },
    {
      "player": "circle",
      "move": {
        "action": "move",
        "from": [
          6,
          10
        ],
        "to": [
          6,
          9
        ]
      },
      "state_index": 26,
      "timestamp": 1763095753.2638178
    },
    {
      "player": "square",
      "move": {
        "action": "move",
        "from": [
          4,
          3
        ],
        "to": [
          6,
          12
        ]
      },
      "state_index": 27,
      "timestamp": 1763095753.5352547
    },
    {
      "player": "circle",
      "move": {
        "action": "move",
        "from": [
          9,
          11
        ],
        "to": [
          9,
          12
        ]
      },
      "state_index": 28,
      "timestamp": 1763095759.957736
    },
    {
      "player": "square",
      "move": {
        "action": "push",
        "from": [
          10,
          12
        ],
        "to": [
          9,
          12
        ],
        "pushed_to": [
          11,
          12
        ]
      },
      "state_index": 29,
      "timestamp": 1763095760.2649634
    },
    {
      "player": "circle",
      "move": {
        "action": "move",
        "from": [
          6,
          9
        ],
        "to": [
          6,
          8
        ]
      },
      "state_index": 30,
      "timestamp": 1763095782.1862109
    },
    {
      "player": "square",
      "move": {
        "action": "move",
        "from": [
          9,
          12
        ],
        "to": [
          8,
          12
        ]
      },
      "state_index": 31,
      "timestamp": 1763095782.836594
    },
    {
      "player": "circle",
      "move": {
        "action": "move",
        "from": [
          6,
          8
        ],
        "to": [
          6,
          7
        ]
      },
      "state_index": 32,
      "timestamp": 1763095783.7368283
    },
    {
      "player": "square",
      "move": {
        "action": "move",
        "from": [
          8,
          12
        ],
        "to": [
          7,
          12
        ]
      },
      "state_index": 33,
      "timestamp": 1763095784.546837
    },
    {
      "player": "circle",
      "move": {
        "action": "move",
        "from": [
          6,
          7
        ],
        "to": [
          6,
          6
        ]
      },
      "state_index": 34,
      "timestamp": 1763095785.2933884
    },
    {
      "player": "square",
      "move": {
        "action": "move",
        "from": [
          6,
          3
        ],
        "to": [
          10,
          12
        ]
      },
      "state_index": 35,
      "timestamp": 1763095786.2357793
    },
    {
      "player": "circle",
      "move": {
        "action": "move",
        "from": [
          6,
          6
        ],
        "to": [
          6,
          5
        ]
      },
      "state_index": 36,
      "timestamp": 1763095786.8362393
    },
    {
      "player": "square",
      "move": {
        "action": "move",
        "from": [
          10,
          12
        ],
        "to": [
          9,
          12
        ]
      },
      "state_index": 37,
      "timestamp": 1763095787.8921072
    },
    {
      "player": "circle",
      "move": {
        "action": "move",
        "from": [
          6,
          5
        ],
        "to": [
          7,
          5
        ]
      },
      "state_index": 38,
      "timestamp": 1763095788.3767388
    },
    {
      "player": "square",
      "move": {
        "action": "move",
        "from": [
          9,
          12
        ],
        "to": [
          8,
          12
        ]
      },
      "state_index": 39,
      "timestamp": 1763095788.5787575
    }
  ]
}