{
  "metadata": {
    "rows": 13,
    "cols": 12,
    "timestamp": 1763092908.0219717,
    "version": "1.0",
    "winner": "square",
    "final_scores": {
      "circle": 0.8333333333333333,
      "square": 99.16666666666667
    },
    "game_duration": 158.62491726875305
  },
  "states": [
    ".......................................aaaaaa......aaaaaa..........................................AAAAAA......BAAAAA.......................................",
    "...........................a............aaaaa......aaaaaa..........................................AAAAAA......BAAAAA.......................................",
    "...........................a............aaaaa......aaaaaa...........................................AAAAA...A..BAAAAA.......................................",
    "...........................a....a.......aaaa.......aaaaaa...........................................AAAAA...A..BAAAAA.......................................",
    "...........................a....a.......aaaa.......aaaaaa...........................................AAAAA...C..BAAAAA.......................................",
    "...........................a....a.......aaaa.......caaaaa...........................................AAAAA...C..BAAAAA.......................................",
    "...........................a....a.......aaaa.......caaaaa...A.......................................AAAAA...C..B.AAAA.......................................",
    "...........................a....a.......aaaa.......c.aaaa...A.......................................AAAAA...C..BaAAAA.......................................",
    "...........................a....a.......aaaa.......c.aaaa...A...................................a...AAAAA...C...AAAAA.......................................",
    "...........................a....a.......aaaa.......c.baaa...A...................................a...AAAAA...C...AAAAA.......................................",
    "...........................a....a.......aaaa.......c.baaa...A............................A......a...AAAAA...C...A.AAA.......................................",
    "...........................a....a.......aaaa.......c.bbaa...A............................A......a...AAAAA...C...A.AAA.......................................",
    "...........................a....a.......aaaa.......c.bbaa...A................A...........A......a...A.AAA...C...A.AAA.......................................",
    "...........................a....a.......aaaa.......c..baa...A................A...........A......a...A.AAA...C...A.AAA......b................................",
    "...........................a....a.......aaaa.......c..baa...A................A...........A.A....a...A.A.A...C...A.AAA......b................................",
    "...........................a....a.......aaaa.......c..b.a...A................A...........A.A....a...A.A.A...C...A.AAA......b...a............................",
    "...........................a....a.......aaaa.......c..b.a...A................A..........AA.A....a.....A.A...C...A.AAA......b...a............................",
    "...........................a....a.......aaaa.......c..b.a...A................A..........AA.A....a.....A.A...C...A.AAA.......b..a............................",
    "...........................a....a.......aaaa.......c..b.a...A....A...........A..........A..A....a.....A.A...C...A.AAA.......b..a............................",
    "...........................a....a.......aaaa.......c..b.a...A....A...........A..........A..A....a.....A.A...C...A.AAA.......a..a............................",
    "...........................a....a.......aaaa.......c.Ab.a...A................A..........A..A....a.....A.A...C...A.AAA.......a..a............................",
    "...........................a....a.......aaaa.......c.Ab.a...A................A..........A..A....a.....A.A...C...A.AAA........a.a............................",
    "...........................a....a.......aaaa.......c..bAa...A................A..........A..A....a.....A.A...C...A.AAA........a.a............................",
    "...........................a....a.......aa.a.......c..bAa...A................A..........A..A....a.....A.A...C...A.AAA......a.a.a............................",
    "...........................a....a.......aa.a.......c.Ab.a...A................A..........A..A....a.....A.A...C...A.AAA......a.a.a............................",
    "...........................a....a.......aa.a.......c.Ab.a...A................A..........A..A....a.....A.A...C...A.AAA.......aa.a............................",
    "...........................a....a.......aa.a.......c..bAa...A................A..........A..A....a.....A.A...C...A.AAA.......aa.a............................",
    "...........................a....a.......aa.a.......c..bAa...A................A..........A..A....a.....A.A...C...A.AAA........aaa............................",
    "...........................a....a.......aa.a.......c.Ab.a...A................A..........A..A....a.....A.A...C...A.AAA........aaa............................",
    "................................a......aaa.a.......c.Ab.a...A................A..........A..A....a.....A.A...C...A.AAA........aaa............................",
    "................................a......aaa.a.......c.Ab.a...A................A..........A..A....a.....A.A...C...AA.AA........aaa............................",
    "................................a.......aa.a.......c.Ab.a...A................A..........A..A....a.....A.A...C...AA.AA......a.aaa............................",
    "...........................A....a.......aa.a.......c..b.a...A................A..........A..A....a.....A.A...C...AA.AA......a.aaa............................",
    "...........................A....a.......aa.a.......c..b.a...A................A..........A..A....a.....A.A...C...AA.AA.......aaaa............................"
  ],
  "moves": [
    {
      "player": "circle",
      "move": {
        "action": "flip",
        "from": [
          3,
          9
        ],
        "to": [
          0,
          0
        ],
        "orientation": "horizontal"
      },
      "state_index": 0,
      "timestamp": 1763093045.1979659
    },
    {
      "player": "square",
      "move": {
        "action": "move",
        "from": [
          3,
          3
        ],
        "to": [
          3,
          2
        ]
      },
      "state_index": 1,
      "timestamp": 1763093045.64107
    },
    {
      "player": "circle",
      "move": {
        "action": "move",
        "from": [
          3,
          8
        ],
        "to": [
          0,
          9
        ]
      },
      "state_index": 2,
      "timestamp": 1763093045.708814
    },
    {
      "player": "square",
      "move": {
        "action": "move",
        "from": [
          8,
          3
        ],
        "to": [
          8,
          2
        ]
      },
      "state_index": 3,
      "timestamp": 1763093046.1504912
    },
    {
      "player": "circle",
      "move": {
        "action": "flip",
        "from": [
          0,
          9
        ],
        "to": [
          0,
          0
        ],
        "orientation": "vertical"
      },
      "state_index": 4,
      "timestamp": 1763093046.2199998
    },
    {
      "player": "square",
      "move": {
        "action": "flip",
        "from": [
          3,
          4
        ],
        "orientation": "vertical"
      },
      "state_index": 5,
      "timestamp": 1763093046.7131188
    },
    {
      "player": "circle",
      "move": {
        "action": "move",
        "from": [
          4,
          9
        ],
        "to": [
          0,
          5
        ]
      },
      "state_index": 6,
      "timestamp": 1763093046.7263978
    },
    {
      "player": "square",
      "move": {
        "action": "move",
        "from": [
          4,
          4
        ],
        "to": [
          4,
          9
        ]
      },
      "state_index": 7,
      "timestamp": 1763093047.2804298
    },
    {
      "player": "circle",
      "move": {
        "action": "push",
        "from": [
          3,
          9
        ],
        "to": [
          4,
          9
        ],
        "pushed_to": [
          0,
          8
        ]
      },
      "state_index": 8,
      "timestamp": 1763093048.3242738
    },
    {
      "player": "square",
      "move": {
        "action": "flip",
        "from": [
          5,
          4
        ],
        "orientation": "horizontal"
      },
      "state_index": 9,
      "timestamp": 1763093048.8455281
    },
    {
      "player": "circle",
      "move": {
        "action": "push",
        "from": [
          5,
          9
        ],
        "to": [
          5,
          8
        ],
        "pushed_to": [
          5,
          7
        ]
      },
      "state_index": 10,
      "timestamp": 1763093049.8833904
    },
    {
      "player": "square",
      "move": {
        "action": "flip",
        "from": [
          6,
          4
        ],
        "orientation": "horizontal"
      },
      "state_index": 11,
      "timestamp": 1763093050.4041219
    },
    {
      "player": "circle",
      "move": {
        "action": "push",
        "from": [
          5,
          8
        ],
        "to": [
          5,
          7
        ],
        "pushed_to": [
          5,
          6
        ]
      },
      "state_index": 12,
      "timestamp": 1763093052.1806002
    },
    {
      "player": "square",
      "move": {
        "action": "move",
        "from": [
          5,
          4
        ],
        "to": [
          3,
          10
        ]
      },
      "state_index": 13,
      "timestamp": 1763093052.7234883
    },
    {
      "player": "circle",
      "move": {
        "action": "move",
        "from": [
          7,
          8
        ],
        "to": [
          7,
          7
        ]
      },
      "state_index": 14,
      "timestamp": 1763093053.7469697
    },
    {
      "player": "square",
      "move": {
        "action": "move",
        "from": [
          7,
          4
        ],
        "to": [
          7,
          10
        ]
      },
      "state_index": 15,
      "timestamp": 1763093054.3057582
    },
    {
      "player": "circle",
      "move": {
        "action": "move",
        "from": [
          4,
          8
        ],
        "to": [
          4,
          7
        ]
      },
      "state_index": 16,
      "timestamp": 1763093055.3224971
    },
    {
      "player": "square",
      "move": {
        "action": "move",
        "from": [
          3,
          10
        ],
        "to": [
          4,
          10
        ]
      },
      "state_index": 17,
      "timestamp": 1763093055.8519435
    },
    {
      "player": "circle",
      "move": {
        "action": "push",
        "from": [
          5,
          7
        ],
        "to": [
          5,
          6
        ],
        "pushed_to": [
          5,
          5
        ]
      },
      "state_index": 18,
      "timestamp": 1763093056.9698536
    },
    {
      "player": "square",
      "move": {
        "action": "flip",
        "from": [
          4,
          10
        ]
      },
      "state_index": 19,
      "timestamp": 1763093057.397172
    },
    {
      "player": "circle",
      "move": {
        "action": "move",
        "from": [
          5,
          5
        ],
        "to": [
          5,
          4
        ]
      },
      "state_index": 20,
      "timestamp": 1763093057.531875
    },
    {
      "player": "square",
      "move": {
        "action": "move",
        "from": [
          4,
          10
        ],
        "to": [
          5,
          10
        ]
      },
      "state_index": 21,
      "timestamp": 1763093057.9942403
    },
    {
      "player": "circle",
      "move": {
        "action": "move",
        "from": [
          5,
          4
        ],
        "to": [
          7,
          4
        ]
      },
      "state_index": 22,
      "timestamp": 1763093058.066464
    },
    {
      "player": "square",
      "move": {
        "action": "move",
        "from": [
          6,
          3
        ],
        "to": [
          3,
          10
        ]
      },
      "state_index": 23,
      "timestamp": 1763093058.5926101
    },
    {
      "player": "circle",
      "move": {
        "action": "move",
        "from": [
          7,
          4
        ],
        "to": [
          5,
          4
        ]
      },
      "state_index": 24,
      "timestamp": 1763093059.6343386
    },
    {
      "player": "square",
      "move": {
        "action": "move",
        "from": [
          3,
          10
        ],
        "to": [
          4,
          10
        ]
      },
      "state_index": 25,
      "timestamp": 1763093060.2093153
    },
    {
      "player": "circle",
      "move": {
        "action": "move",
        "from": [
          5,
          4
        ],
        "to": [
          7,
          4
        ]
      },
      "state_index": 26,
      "timestamp": 1763093061.2021103
    },
    {
      "player": "square",
      "move": {
        "action": "push",
        "from": [
          4,
          10
        ],
        "to": [
          5,
          10
        ],
        "pushed_to": [
          6,
          10
        ]
      },
      "state_index": 27,
      "timestamp": 1763093061.833754
    },
    {
      "player": "circle",
      "move": {
        "action": "move",
        "from": [
          7,
          4
        ],
        "to": [
          5,
          4
        ]
      },
      "state_index": 28,
      "timestamp": 1763093062.7680538
    },
    {
      "player": "square",
      "move": {
        "action": "move",
        "from": [
          3,
          2
        ],
        "to": [
          3,
          3
        ]
      },
      "state_index": 29,
      "timestamp": 1763093063.4362512
    },
    {
      "player": "circle",
      "move": {
        "action": "move",
        "from": [
          6,
          9
        ],
        "to": [
          5,
          9
        ]
      },
      "state_index": 30,
      "timestamp": 1763093064.3825452
    },
    {
      "player": "square",
      "move": {
        "action": "move",
        "from": [
          3,
          3
        ],
        "to": [
          3,
          10
        ]
      },
      "state_index": 31,
      "timestamp": 1763093065.0443952
    },
    {
      "player": "circle",
      "move": {
        "action": "move",
        "from": [
          5,
          4
        ],
        "to": [
          3,
          2
        ]
      },
      "state_index": 32,
      "timestamp": 1763093066.1182084
    },
    {
      "player": "square",
      "move": {
        "action": "move",
        "from": [
          3,
          10
        ],
        "to": [
          4,
          10
        ]
      },
      "state_index": 33,
      "timestamp": 1763093066.646829
    }
  ]
}