{
  "metadata": {
    "rows": 13,
    "cols": 12,
    "timestamp": 1763070584.3982801,
    "version": "1.0",
    "winner": "circle",
    "final_scores": {
      "circle": 90.0,
      "square": 10.0
    },
    "game_duration": 91.70614695549011
  },
  "states": [
    ".......................................aaaaaa......aaaaaa..........................................AAAAAA......AAAA.AA......................................",
    ".......................................baaaaa......aaaaaa..........................................AAAAAA......AAAA.AA......................................",
    ".......................................baaaaa......aaaaaa..........................................AAAAAA.....AA.AA.AA......................................",
    "....................................a..baaaaa.......aaaaa..........................................AAAAAA.....AA.AA.AA......................................",
    "....................................a..baaaaa.......aaaaa..........................................AAAAAA.....AC.AA.AA......................................",
    "....................................c..baaaaa.......aaaaa..........................................AAAAAA.....AC.AA.AA......................................",
    "..........................A.........c..baaaaa.......aaaaa..........................................AAAAAA.....A..AA.AA......................................",
    "..........................A.........c..b.aaaa.......aaaaa...........................a..............AAAAAA.....A..AA.AA......................................",
    "..........................B.........c..b.aaaa.......aaaaa...........................a..............AAAAAA.....A..AA.AA......................................",
    "..........................B.........c..b.aaaa.......aaaaa............................a.............AAAAAA.....A..AA.AA......................................",
    "...........................B........c..b.aaaa.......aaaaa............................a.............AAAAAA.....A..AA.AA......................................",
    "...........................B........c..baaaaa........aaaa............................a.............AAAAAA.....A..AA.AA......................................",
    "............................B.......c..baaaaa........aaaa............................a.............AAAAAA.....A..AA.AA......................................",
    "............................B.......c..baaaaa........aaaa........................................a.AAAAAA.....A..AA.AA......................................",
    "............................A.......c..baaaaa........aaaa........................................a.AAAAAA.....A..AA.AA......................................",
    "............................A.......c..baaaaa........aaaa..........................................AAAAAA....aA..AA.AA......................................",
    "............................A.......c..baaaaa........aaaa..........................................AAAAAA....aA..AA.AC......................................",
    "............................A.......c..baaaaa........aaaa..........................................AAAAAA.....A..AA.AC...a..................................",
    ".....................A......A.......c..baaaaa........aaaa..........................................AAAAAA.....A..AA..C...a..................................",
    ".....................A......A.......c..baaaaa........aaaa..........................................AAAAAA.....A..AA..C....a.................................",
    ".....................A......A.......c..baaaaa........aaaa..........................................AAAAAA.....A..BA..C....a.................................",
    ".....................A......A.......c..baaaaa........aaaa..........................................AAAAAA.....A..BA..C.....a................................",
    ".....................A......A....A..c..baaaaa........aaaa..........................................AAAAAA.....A..B...C.....a................................",
    ".....................A......A....A..c..baaaaa........aaaa..........................................AAAAAA.....A..B...C......a...............................",
    ".....................A......A...A...c..baaaaa........aaaa..........................................AAAAAA.....A..B...C......a...............................",
    ".....................A......A...A...c..baaaaa........aaa.a.........................................AAAAAA.....A..B...C......a...............................",
    "....................A.......A...A...c..baaaaa........aaa.a.........................................AAAAAA.....A..B...C......a...............................",
    "....................A.......A...A...c..baaaaa........aaa.............a.............................AAAAAA.....A..B...C......a...............................",
    "....................A.......A...B...c..baaaaa........aaa.............a.............................AAAAAA.....A..B...C......a...............................",
    "....................A.......A...B...c..baaaaa........aaa.........................a.................AAAAAA.....A..B...C......a...............................",
    "............................A..AB...c..baaaaa........aaa.........................a.................AAAAAA.....A..B...C......a...............................",
    "............................A..AB...c..baaaaa........aaa.....................................a.....AAAAAA.....A..B...C......a...............................",
    "............................AA.A....c..baaaaa........aaa.....................................a.....AAAAAA.....A..B...C......a...............................",
    "............................AA.A....c..baaaaa........aaa...........................................AAAAAAa....A..B...C......a...............................",
    ".........a..................AA.A....c..baaaaa........aaa...........................................AAAAAAA....A..B..........a...............................",
    ".........a..................AA.A....c..baaaaa.......a.aa...........................................AAAAAAA....A..B..........a...............................",
    ".........a..................AA.A....c..baaaaa.......a.aa...........................................AAAAAAC....A..B..........a...............................",
    ".........a..................AA.A....c..baaaa.a......a.aa...........................................AAAAAAC....A..B..........a...............................",
    ".........a..................AA.AA...c..baaaa.a......a.aa...........................................AAAAAA.....A..B..........a...............................",
    ".........a..................AA.AA...c..baaaa.a.....a..aa...........................................AAAAAA.....A..B..........a...............................",
    ".........a..................AAAA....c..baaaa.a.....a..aa...........................................AAAAAA.....A..B..........a..............................."
  ],
  "moves": [
    {
      "player": "circle",
      "move": {
        "action": "move",
        "from": [
          7,
          9
        ],
        "to": [
          9,
          9
        ]
      },
      "state_index": 0,
      "timestamp": 1763070603.639505
    },
    {
      "player": "square",
      "move": {
        "action": "flip",
        "from": [
          3,
          3
        ],
        "to": [
          0,
          0
        ],
        "orientation": "horizontal"
      },
      "state_index": 1,
      "timestamp": 1763070603.8316176
    },
    {
      "player": "circle",
      "move": {
        "action": "move",
        "from": [
          4,
          9
        ],
        "to": [
          2,
          9
        ]
      },
      "state_index": 2,
      "timestamp": 1763070604.1478903
    },
    {
      "player": "square",
      "move": {
        "action": "move",
        "from": [
          3,
          4
        ],
        "to": [
          0,
          3
        ]
      },
      "state_index": 3,
      "timestamp": 1763070604.3366282
    },
    {
      "player": "circle",
      "move": {
        "action": "flip",
        "from": [
          3,
          9
        ],
        "to": [
          3,
          9
        ],
        "orientation": "vertical"
      },
      "state_index": 4,
      "timestamp": 1763070605.313727
    },
    {
      "player": "square",
      "move": {
        "action": "flip",
        "from": [
          0,
          3
        ],
        "to": [
          0,
          0
        ],
        "orientation": "vertical"
      },
      "state_index": 5,
      "timestamp": 1763070605.8465943
    },
    {
      "player": "circle",
      "move": {
        "action": "push",
        "from": [
          3,
          9
        ],
        "to": [
          2,
          9
        ],
        "pushed_to": [
          2,
          2
        ]
      },
      "state_index": 6,
      "timestamp": 1763070607.5367115
    },
    {
      "player": "square",
      "move": {
        "action": "move",
        "from": [
          4,
          3
        ],
        "to": [
          0,
          7
        ]
      },
      "state_index": 7,
      "timestamp": 1763070608.365878
    },
    {
      "player": "circle",
      "move": {
        "action": "flip",
        "from": [
          2,
          2
        ],
        "to": [
          2,
          2
        ],
        "orientation": "horizontal"
      },
      "state_index": 8,
      "timestamp": 1763070609.8912804
    },
    {
      "player": "square",
      "move": {
        "action": "move",
        "from": [
          0,
          7
        ],
        "to": [
          1,
          7
        ]
      },
      "state_index": 9,
      "timestamp": 1763070611.5161335
    },
    {
      "player": "circle",
      "move": {
        "action": "move",
        "from": [
          2,
          2
        ],
        "to": [
          3,
          2
        ]
      },
      "state_index": 10,
      "timestamp": 1763070612.8274255
    },
    {
      "player": "square",
      "move": {
        "action": "move",
        "from": [
          4,
          4
        ],
        "to": [
          4,
          3
        ]
      },
      "state_index": 11,
      "timestamp": 1763070614.084956
    },
    {
      "player": "circle",
      "move": {
        "action": "move",
        "from": [
          3,
          2
        ],
        "to": [
          4,
          2
        ]
      },
      "state_index": 12,
      "timestamp": 1763070615.2270808
    },
    {
      "player": "square",
      "move": {
        "action": "move",
        "from": [
          1,
          7
        ],
        "to": [
          1,
          8
        ]
      },
      "state_index": 13,
      "timestamp": 1763070616.9753716
    },
    {
      "player": "circle",
      "move": {
        "action": "flip",
        "from": [
          4,
          2
        ],
        "to": [
          4,
          2
        ],
        "orientation": ""
      },
      "state_index": 14,
      "timestamp": 1763070618.7783635
    },
    {
      "player": "square",
      "move": {
        "action": "move",
        "from": [
          1,
          8
        ],
        "to": [
          1,
          9
        ]
      },
      "state_index": 15,
      "timestamp": 1763070622.594747
    },
    {
      "player": "circle",
      "move": {
        "action": "flip",
        "from": [
          9,
          9
        ],
        "to": [
          9,
          9
        ],
        "orientation": "vertical"
      },
      "state_index": 16,
      "timestamp": 1763070627.5215738
    },
    {
      "player": "square",
      "move": {
        "action": "move",
        "from": [
          1,
          9
        ],
        "to": [
          1,
          10
        ]
      },
      "state_index": 17,
      "timestamp": 1763070629.649844
    },
    {
      "player": "circle",
      "move": {
        "action": "move",
        "from": [
          8,
          9
        ],
        "to": [
          9,
          1
        ]
      },
      "state_index": 18,
      "timestamp": 1763070630.6108236
    },
    {
      "player": "square",
      "move": {
        "action": "move",
        "from": [
          1,
          10
        ],
        "to": [
          2,
          10
        ]
      },
      "state_index": 19,
      "timestamp": 1763070633.4926934
    },
    {
      "player": "circle",
      "move": {
        "action": "flip",
        "from": [
          5,
          9
        ],
        "to": [
          5,
          9
        ],
        "orientation": "horizontal"
      },
      "state_index": 20,
      "timestamp": 1763070637.6874728
    },
    {
      "player": "square",
      "move": {
        "action": "move",
        "from": [
          2,
          10
        ],
        "to": [
          3,
          10
        ]
      },
      "state_index": 21,
      "timestamp": 1763070643.394922
    },
    {
      "player": "circle",
      "move": {
        "action": "move",
        "from": [
          6,
          9
        ],
        "to": [
          9,
          2
        ]
      },
      "state_index": 22,
      "timestamp": 1763070645.5319974
    },
    {
      "player": "square",
      "move": {
        "action": "move",
        "from": [
          3,
          10
        ],
        "to": [
          4,
          10
        ]
      },
      "state_index": 23,
      "timestamp": 1763070647.7922184
    },
    {
      "player": "circle",
      "move": {
        "action": "move",
        "from": [
          9,
          2
        ],
        "to": [
          8,
          2
        ]
      },
      "state_index": 24,
      "timestamp": 1763070648.7190256
    },
    {
      "player": "square",
      "move": {
        "action": "move",
        "from": [
          8,
          4
        ],
        "to": [
          9,
          4
        ]
      },
      "state_index": 25,
      "timestamp": 1763070650.982775
    },
    {
      "player": "circle",
      "move": {
        "action": "move",
        "from": [
          9,
          1
        ],
        "to": [
          8,
          1
        ]
      },
      "state_index": 26,
      "timestamp": 1763070651.7809606
    },
    {
      "player": "square",
      "move": {
        "action": "move",
        "from": [
          9,
          4
        ],
        "to": [
          9,
          5
        ]
      },
      "state_index": 27,
      "timestamp": 1763070654.1033149
    },
    {
      "player": "circle",
      "move": {
        "action": "flip",
        "from": [
          8,
          2
        ],
        "to": [
          8,
          2
        ],
        "orientation": "horizontal"
      },
      "state_index": 28,
      "timestamp": 1763070654.789928
    },
    {
      "player": "square",
      "move": {
        "action": "move",
        "from": [
          9,
          5
        ],
        "to": [
          9,
          6
        ]
      },
      "state_index": 29,
      "timestamp": 1763070656.6112466
    },
    {
      "player": "circle",
      "move": {
        "action": "move",
        "from": [
          8,
          1
        ],
        "to": [
          7,
          2
        ]
      },
      "state_index": 30,
      "timestamp": 1763070658.0769975
    },
    {
      "player": "square",
      "move": {
        "action": "move",
        "from": [
          9,
          6
        ],
        "to": [
          9,
          7
        ]
      },
      "state_index": 31,
      "timestamp": 1763070660.429326
    },
    {
      "player": "circle",
      "move": {
        "action": "push",
        "from": [
          8,
          2
        ],
        "to": [
          7,
          2
        ],
        "pushed_to": [
          5,
          2
        ]
      },
      "state_index": 32,
      "timestamp": 1763070661.1432881
    },
    {
      "player": "square",
      "move": {
        "action": "move",
        "from": [
          9,
          7
        ],
        "to": [
          9,
          8
        ]
      },
      "state_index": 33,
      "timestamp": 1763070664.5255895
    },
    {
      "player": "circle",
      "move": {
        "action": "push",
        "from": [
          9,
          9
        ],
        "to": [
          9,
          8
        ],
        "pushed_to": [
          9,
          0
        ]
      },
      "state_index": 34,
      "timestamp": 1763070665.8026323
    },
    {
      "player": "square",
      "move": {
        "action": "move",
        "from": [
          5,
          4
        ],
        "to": [
          4,
          4
        ]
      },
      "state_index": 35,
      "timestamp": 1763070666.7224598
    },
    {
      "player": "circle",
      "move": {
        "action": "flip",
        "from": [
          9,
          8
        ],
        "to": [
          9,
          8
        ],
        "orientation": "vertical"
      },
      "state_index": 36,
      "timestamp": 1763070668.4786553
    },
    {
      "player": "square",
      "move": {
        "action": "move",
        "from": [
          8,
          3
        ],
        "to": [
          9,
          3
        ]
      },
      "state_index": 37,
      "timestamp": 1763070669.730796
    },
    {
      "player": "circle",
      "move": {
        "action": "push",
        "from": [
          9,
          8
        ],
        "to": [
          8,
          8
        ],
        "pushed_to": [
          8,
          2
        ]
      },
      "state_index": 38,
      "timestamp": 1763070670.5679781
    },
    {
      "player": "square",
      "move": {
        "action": "move",
        "from": [
          4,
          4
        ],
        "to": [
          3,
          4
        ]
      },
      "state_index": 39,
      "timestamp": 1763070675.7731338
    },
    {
      "player": "circle",
      "move": {
        "action": "push",
        "from": [
          8,
          2
        ],
        "to": [
          7,
          2
        ],
        "pushed_to": [
          6,
          2
        ]
      },
      "state_index": 40,
      "timestamp": 1763070676.1043093
    }
  ]
}