{
  "metadata": {
    "rows": 13,
    "cols": 12,
    "timestamp": 1763067344.4459808,
    "version": "1.0",
    "winner": "square",
    "final_scores": {
      "circle": 10.833333333333332,
      "square": 89.16666666666667
    },
    "game_duration": 62.47950983047485
  },
  "states": [
    ".......................................aaaaaa......aaaaaa..........................................AAAAAA......BAAAAA.......................................",
    ".......................................aaaaaa......acaaaa..........................................AAAAAA......BAAAAA.......................................",
    ".......................................aaaaaa......acaaaa...........................................AAAAA...A..BAAAAA.......................................",
    ".......................................aaaaaa......a.aaaa...........................................AAAAA...A.aBAAAAA.......................................",
    ".......................................aaaaaa......a.aaaa...........................................AAAAA...C.aBAAAAA.......................................",
    ".......................................aaaaaa......a.aaaa...........................................AAAAA...C..BAAAAA.....a.................................",
    ".......................................aaaaaa......a.aaaa...A.......................................AAAAA...C..B.AAAA.....a.................................",
    ".......................................aaaaaa......a.aaca...A.......................................AAAAA...C..B.AAAA.....a.................................",
    ".......................................aaaaaa......a.aaca...A.......................................AAAAA...C..B.AAA.A....a.................................",
    ".......................................aaaa.a......a.aaca...A..............................a........AAAAA...C..B.AAA.A....a.................................",
    ".......................................aaaa.a......a.aaca...A..............................a........AAAAAA..C..B.AAA......a.................................",
    ".......................................aaaa.a......a.aa.a...A.............................aa........AAAAAA..C..B.AAA......a.................................",
    ".......................................aaaa.a......a.aa.a...A.............................aa........AAAACA..C..B.AAA......a.................................",
    ".......................................caaa.a......a.aa.a...A.............................aa........AAAACA..C..B.AAA......a.................................",
    ".......................................caaa.a......a.aa.a...A.......A.....................aa........AAA.CA..C..B.AAA......a.................................",
    ".......................................caaa.a......a.aa.a...A.......A.....................aa........AAA.CA..C..B.AAA.......a................................",
    ".......................................caaa.a......a.aa.a...A......A......................aa........AAA.CA..C..B.AAA.......a................................",
    ".......................................caaa.a......a.aa.a...A......A......................aa........AAA.CA..C..B.AAA........a...............................",
    ".......................................caaa.a......a.aaAa...A.............................aa........AAA.CA..C..B.AAA........a...............................",
    ".......................................caaa.a........aaAa...A.............................aa........AAA.CA..C..BaAAA........a...............................",
    ".......................................caaaAa........aa.a...A.............................aa........AAA.CA..C..BaAAA........a...............................",
    ".......................................caaaAa........aa.a...A.............................aa........AAA.CA..C..BaAAA........b...............................",
    "...............................A.......caaa.a........aa.a...A.............................aa........AAA.CA..C..BaAAA........b...............................",
    "...............................A.......caaa.a........aa.a...A.............................aa........AAA.CA..C..B.AAA........b.a.............................",
    "...............................A.......caaa.a...A....aa.a.................................aa........AAA.CA..C..B.AAA........b.a.............................",
    "...............................A.......caaa.a...A....aa.a.................................a.........AAAaCA..C..B.AAA........b.a.............................",
    "...............................A....A..caaa.a........aa.a.................................a.........AAAaCA..C..B.AAA........b.a.............................",
    "...............................A....A..caaa.a........aa.a.................................a.........AAA.CA..C..B.AAA........b.a.a...........................",
    "..............................A.....A..caaa.a........aa.a.................................a.........AAA.CA..C..B.AAA........b.a.a...........................",
    "..............................A.....A..caaa.a........aa.a.................................a.........AAA.CA..C..B.AAA........b.aa............................",
    "..............................A.....A..caaa.a........aa.a.................................a.........AAA.CA..C..B.AAC........b.aa............................",
    "..............................A.....A..caaa.a........aa.a..................................a........AAA.CA..C..B.AAC........b.aa............................",
    "..............................A.....A..caaa.a........aa.a..................................a........AA.ACA..C..B.AAC........b.aa............................",
    "..............................A.....A..caaa.c........aa.a..................................a........AA.ACA..C..B.AAC........b.aa............................",
    "........................A.....A........caaa.c........aa.a..................................a........AA.ACA..C..B.AAC........b.aa............................",
    "........................A.....A........caaa..........aa.a..................................a........AA.ACA..C..B.AAC........b.aaa...........................",
    "........................B.....A........caaa..........aa.a..................................a........AA.ACA..C..B.AAC........b.aaa...........................",
    "........................B.....A........caaa..........aa.a..................................a........AA.ACA..C..B.AAC........baa.a...........................",
    "........................B.....A........caaa..........aa.a..................................a.........A.ACA..C..BAAAC........baa.a...........................",
    "........................B..c..A.........aaa..........aa.a..................................a.........A.ACA..C..BAAAC........baa.a...........................",
    "...............A........B..c..A.........aaa..........aa.a..................................a.........A.ACA..C..B.AAC........baa.a...........................",
    "...............A........B..c..A.........aaa..........aa.a..................................a.........A.ACA..C..B.AAC........baaa............................",
    "................A.......B..c..A.........aaa..........aa.a..................................a.........A.ACA..C..B.AAC........baaa............................",
    "................A.......B..c..A.........aaa..........aa.a..................................a.........A.ACA..C..B.AAC........aaaa............................"
  ],
  "moves": [
    {
      "player": "circle",
      "move": {
        "action": "flip",
        "from": [
          3,
          9
        ],
        "to": [
          0,
          0
        ],
        "orientation": "horizontal"
      },
      "state_index": 0,
      "timestamp": 1763067359.903709
    },
    {
      "player": "square",
      "move": {
        "action": "flip",
        "from": [
          4,
          4
        ],
        "to": [
          4,
          4
        ],
        "orientation": "vertical"
      },
      "state_index": 1,
      "timestamp": 1763067360.3534648
    },
    {
      "player": "circle",
      "move": {
        "action": "move",
        "from": [
          3,
          8
        ],
        "to": [
          0,
          9
        ]
      },
      "state_index": 2,
      "timestamp": 1763067360.413293
    },
    {
      "player": "square",
      "move": {
        "action": "push",
        "from": [
          4,
          4
        ],
        "to": [
          3,
          4
        ],
        "pushed_to": [
          2,
          9
        ]
      },
      "state_index": 3,
      "timestamp": 1763067361.0565007
    },
    {
      "player": "circle",
      "move": {
        "action": "flip",
        "from": [
          0,
          9
        ],
        "to": [
          0,
          0
        ],
        "orientation": "vertical"
      },
      "state_index": 4,
      "timestamp": 1763067361.9268825
    },
    {
      "player": "square",
      "move": {
        "action": "move",
        "from": [
          2,
          9
        ],
        "to": [
          2,
          10
        ]
      },
      "state_index": 5,
      "timestamp": 1763067362.6927862
    },
    {
      "player": "circle",
      "move": {
        "action": "move",
        "from": [
          4,
          9
        ],
        "to": [
          0,
          5
        ]
      },
      "state_index": 6,
      "timestamp": 1763067363.4410803
    },
    {
      "player": "square",
      "move": {
        "action": "flip",
        "from": [
          7,
          4
        ],
        "to": [
          7,
          4
        ],
        "orientation": "vertical"
      },
      "state_index": 7,
      "timestamp": 1763067364.378997
    },
    {
      "player": "circle",
      "move": {
        "action": "move",
        "from": [
          8,
          9
        ],
        "to": [
          9,
          9
        ]
      },
      "state_index": 8,
      "timestamp": 1763067365.347496
    },
    {
      "player": "square",
      "move": {
        "action": "move",
        "from": [
          7,
          3
        ],
        "to": [
          7,
          7
        ]
      },
      "state_index": 9,
      "timestamp": 1763067365.9801517
    },
    {
      "player": "circle",
      "move": {
        "action": "move",
        "from": [
          9,
          9
        ],
        "to": [
          9,
          8
        ]
      },
      "state_index": 10,
      "timestamp": 1763067368.2216344
    },
    {
      "player": "square",
      "move": {
        "action": "push",
        "from": [
          7,
          4
        ],
        "to": [
          6,
          4
        ],
        "pushed_to": [
          6,
          7
        ]
      },
      "state_index": 11,
      "timestamp": 1763067368.606724
    },
    {
      "player": "circle",
      "move": {
        "action": "flip",
        "from": [
          8,
          8
        ],
        "to": [
          0,
          0
        ],
        "orientation": "vertical"
      },
      "state_index": 12,
      "timestamp": 1763067369.0533464
    },
    {
      "player": "square",
      "move": {
        "action": "flip",
        "from": [
          3,
          3
        ],
        "to": [
          3,
          3
        ],
        "orientation": "vertical"
      },
      "state_index": 13,
      "timestamp": 1763067369.303818
    },
    {
      "player": "circle",
      "move": {
        "action": "move",
        "from": [
          7,
          8
        ],
        "to": [
          8,
          5
        ]
      },
      "state_index": 14,
      "timestamp": 1763067369.9107099
    },
    {
      "player": "square",
      "move": {
        "action": "move",
        "from": [
          2,
          10
        ],
        "to": [
          3,
          10
        ]
      },
      "state_index": 15,
      "timestamp": 1763067371.0798
    },
    {
      "player": "circle",
      "move": {
        "action": "move",
        "from": [
          8,
          5
        ],
        "to": [
          7,
          5
        ]
      },
      "state_index": 16,
      "timestamp": 1763067371.6638765
    },
    {
      "player": "square",
      "move": {
        "action": "move",
        "from": [
          3,
          10
        ],
        "to": [
          4,
          10
        ]
      },
      "state_index": 17,
      "timestamp": 1763067372.8286893
    },
    {
      "player": "circle",
      "move": {
        "action": "move",
        "from": [
          7,
          5
        ],
        "to": [
          7,
          4
        ]
      },
      "state_index": 18,
      "timestamp": 1763067373.5177457
    },
    {
      "player": "square",
      "move": {
        "action": "move",
        "from": [
          3,
          4
        ],
        "to": [
          4,
          9
        ]
      },
      "state_index": 19,
      "timestamp": 1763067374.565263
    },
    {
      "player": "circle",
      "move": {
        "action": "move",
        "from": [
          7,
          4
        ],
        "to": [
          7,
          3
        ]
      },
      "state_index": 20,
      "timestamp": 1763067375.253269
    },
    {
      "player": "square",
      "move": {
        "action": "flip",
        "from": [
          4,
          10
        ],
        "to": [
          4,
          10
        ],
        "orientation": "horizontal"
      },
      "state_index": 21,
      "timestamp": 1763067376.4561567
    },
    {
      "player": "circle",
      "move": {
        "action": "move",
        "from": [
          7,
          3
        ],
        "to": [
          7,
          2
        ]
      },
      "state_index": 22,
      "timestamp": 1763067377.045763
    },
    {
      "player": "square",
      "move": {
        "action": "move",
        "from": [
          4,
          9
        ],
        "to": [
          6,
          10
        ]
      },
      "state_index": 23,
      "timestamp": 1763067378.4194393
    },
    {
      "player": "circle",
      "move": {
        "action": "move",
        "from": [
          0,
          5
        ],
        "to": [
          0,
          4
        ]
      },
      "state_index": 24,
      "timestamp": 1763067378.837595
    },
    {
      "player": "square",
      "move": {
        "action": "move",
        "from": [
          7,
          7
        ],
        "to": [
          7,
          8
        ]
      },
      "state_index": 25,
      "timestamp": 1763067379.2056713
    },
    {
      "player": "circle",
      "move": {
        "action": "move",
        "from": [
          0,
          4
        ],
        "to": [
          0,
          3
        ]
      },
      "state_index": 26,
      "timestamp": 1763067379.6431458
    },
    {
      "player": "square",
      "move": {
        "action": "move",
        "from": [
          7,
          8
        ],
        "to": [
          8,
          10
        ]
      },
      "state_index": 27,
      "timestamp": 1763067379.9796476
    },
    {
      "player": "circle",
      "move": {
        "action": "move",
        "from": [
          7,
          2
        ],
        "to": [
          6,
          2
        ]
      },
      "state_index": 28,
      "timestamp": 1763067380.4972575
    },
    {
      "player": "square",
      "move": {
        "action": "move",
        "from": [
          8,
          10
        ],
        "to": [
          7,
          10
        ]
      },
      "state_index": 29,
      "timestamp": 1763067381.6607773
    },
    {
      "player": "circle",
      "move": {
        "action": "flip",
        "from": [
          7,
          9
        ],
        "to": [
          0,
          0
        ],
        "orientation": "vertical"
      },
      "state_index": 30,
      "timestamp": 1763067382.5974243
    },
    {
      "player": "square",
      "move": {
        "action": "move",
        "from": [
          6,
          7
        ],
        "to": [
          7,
          7
        ]
      },
      "state_index": 31,
      "timestamp": 1763067383.546108
    },
    {
      "player": "circle",
      "move": {
        "action": "move",
        "from": [
          6,
          8
        ],
        "to": [
          7,
          8
        ]
      },
      "state_index": 32,
      "timestamp": 1763067384.6626525
    },
    {
      "player": "square",
      "move": {
        "action": "flip",
        "from": [
          8,
          3
        ],
        "to": [
          8,
          3
        ],
        "orientation": "vertical"
      },
      "state_index": 33,
      "timestamp": 1763067385.7957401
    },
    {
      "player": "circle",
      "move": {
        "action": "move",
        "from": [
          0,
          3
        ],
        "to": [
          0,
          2
        ]
      },
      "state_index": 34,
      "timestamp": 1763067386.6762428
    },
    {
      "player": "square",
      "move": {
        "action": "push",
        "from": [
          8,
          3
        ],
        "to": [
          8,
          4
        ],
        "pushed_to": [
          8,
          10
        ]
      },
      "state_index": 35,
      "timestamp": 1763067387.7684567
    },
    {
      "player": "circle",
      "move": {
        "action": "flip",
        "from": [
          0,
          2
        ],
        "to": [
          0,
          0
        ],
        "orientation": "horizontal"
      },
      "state_index": 36,
      "timestamp": 1763067388.4202776
    },
    {
      "player": "square",
      "move": {
        "action": "push",
        "from": [
          7,
          10
        ],
        "to": [
          6,
          10
        ],
        "pushed_to": [
          5,
          10
        ]
      },
      "state_index": 37,
      "timestamp": 1763067389.5782354
    },
    {
      "player": "circle",
      "move": {
        "action": "move",
        "from": [
          4,
          8
        ],
        "to": [
          4,
          9
        ]
      },
      "state_index": 38,
      "timestamp": 1763067390.1922803
    },
    {
      "player": "square",
      "move": {
        "action": "move",
        "from": [
          3,
          3
        ],
        "to": [
          3,
          2
        ]
      },
      "state_index": 39,
      "timestamp": 1763067391.6201847
    },
    {
      "player": "circle",
      "move": {
        "action": "move",
        "from": [
          4,
          9
        ],
        "to": [
          3,
          1
        ]
      },
      "state_index": 40,
      "timestamp": 1763067392.6198761
    },
    {
      "player": "square",
      "move": {
        "action": "move",
        "from": [
          8,
          10
        ],
        "to": [
          7,
          10
        ]
      },
      "state_index": 41,
      "timestamp": 1763067393.380513
    },
    {
      "player": "circle",
      "move": {
        "action": "move",
        "from": [
          3,
          1
        ],
        "to": [
          4,
          1
        ]
      },
      "state_index": 42,
      "timestamp": 1763067406.2345471
    },
    {
      "player": "square",
      "move": {
        "action": "flip",
        "from": [
          4,
          10
        ],
        "to": [
          4,
          10
        ],
        "orientation": null
      },
      "state_index": 43,
      "timestamp": 1763067406.9253204
    }
  ]
}