{
  "metadata": {
    "rows": 13,
    "cols": 12,
    "timestamp": 1763070460.5385017,
    "version": "1.0",
    "winner": "square",
    "final_scores": {
      "circle": 10.833333333333332,
      "square": 89.16666666666667
    },
    "game_duration": 102.96131563186646
  },
  "states": [
    ".......................................aaaaaa......aaaaaa..........................................AAAAAA......BAAAAA.......................................",
    ".......................................aaaa.aa.....aaaaaa..........................................AAAAAA......BAAAAA.......................................",
    ".......................................aaaa.aa.....aaaaaa...........................................AAAAA...A..BAAAAA.......................................",
    "......................................aa.aa.aa.....aaaaaa...........................................AAAAA...A..BAAAAA.......................................",
    "......................................aa.aa.aa.....aaaaaa...........................................AAAAA...C..BAAAAA.......................................",
    "......................................ac.aa.aa.....aaaaaa...........................................AAAAA...C..BAAAAA.......................................",
    "......................................ac.aa.aa.....aaaaaa...A.......................................AAAAA...C..B.AAAA.......................................",
    "......................................a..aa.aa.....aaaaaa...A.......................................AAAAA...C..B.AAAA.....a.................................",
    "......................................a..aa.aa..A..aaaaaa...........................................AAAAA...C..B.AAAA.....a.................................",
    "......................................a..aa.aa..A..aaaaaa...........................................AAAAA...C..B.AAAA.....b.................................",
    "....................................A.a..aa.aa.....aaaaaa...........................................AAAAA...C..B.AAAA.....b.................................",
    "....................................A.a..aa.aa.....aaaaaa...........................................AAAAA...C..B.AAAA......b................................",
    "........................A.............a..aa.aa.....aaaaaa...........................................AAAAA...C..B.AAAA......b................................",
    "........................A.............a..aa.ac.....aaaaaa...........................................AAAAA...C..B.AAAA......b................................",
    ".........................A............a..aa.ac.....aaaaaa...........................................AAAAA...C..B.AAAA......b................................",
    ".........................A............a..aa..c.....aaaaaa...........................................AAAAA...C..B.AAAA......b.................a..............",
    "..........................A...........a..aa..c.....aaaaaa...........................................AAAAA...C..B.AAAA......b.................a..............",
    "..........................A...........a..aa..c.....acaaaa...........................................AAAAA...C..B.AAAA......b.................a..............",
    "...........................A..........a..aa..c.....acaaaa...........................................AAAAA...C..B.AAAA......b.................a..............",
    "...........................A..........a..ab..c.....acaaaa...........................................AAAAA...C..B.AAAA......b.................a..............",
    "............................A.........a..ab..c.....acaaaa...........................................AAAAA...C..B.AAAA......b.................a..............",
    "............................A.........a..ab..c.....acaaaa...........................................AAAAA...C..B.AAAA......b.................b..............",
    "............................A.........a..ab..c.....acaaaa...........................................AAAA.A..C..B.AAAA......b.................b..............",
    "............................A.........c..ab..c.....acaaaa...........................................AAAA.A..C..B.AAAA......b.................b..............",
    "............................A.........c..ab..c.....acaaaa....................................A......AAAA....C..B.AAAA......b.................b..............",
    "............................A.........c...b..c.....acaaaa....................................A......AAAA....C..B.AAAA.....ab.................b..............",
    "............................A.........c...b..c.....acaaaa...............................A....A.......AAA....C..B.AAAA.....ab.................b..............",
    "............................A.........c...b..c.....acaaaa...............................A....A.......AAA....C..B.AAAA......b...a.............b..............",
    "............................A.........c...b..c.....acaaaa...................A................A.......AAA....C..B.AAAA......b...a.............b..............",
    "............................A.........c...b..c.....aca.aa...................A................A.......AAA....C..B.AAAA.....ab...a.............b..............",
    "............................A.........c...b..c.....aca.aa.......A............................A.......AAA....C..B.AAAA.....ab...a.............b..............",
    "............................A.........c...b..c.....aca.aa.......A............................A.......AAA....C..B.AAAA......b..aa.............b..............",
    "............................A.........c.A.b..c.....aca.aa....................................A.......AAA....C..B.AAAA......b..aa.............b..............",
    "............................A.........c.A.b..c......ca.aa....................................A.......AAA....C..B.AAAA......ba.aa.............b..............",
    "............................A.........c..Ab..c......ca.aa....................................A.......AAA....C..B.AAAA......ba.aa.............b..............",
    "............................A.........c..Ab..c......ca.aa....................................A.......AAA....C..B.AAAA.......aaaa.............b.............."
  ],
  "moves": [
    {
      "player": "circle",
      "move": {
        "action": "flip",
        "from": [
          3,
          9
        ],
        "to": [
          0,
          0
        ],
        "orientation": "horizontal"
      },
      "state_index": 0,
      "timestamp": 1763070512.044812
    },
    {
      "player": "square",
      "move": {
        "action": "move",
        "from": [
          7,
          3
        ],
        "to": [
          9,
          3
        ]
      },
      "state_index": 1,
      "timestamp": 1763070512.1073222
    },
    {
      "player": "circle",
      "move": {
        "action": "move",
        "from": [
          3,
          8
        ],
        "to": [
          0,
          9
        ]
      },
      "state_index": 2,
      "timestamp": 1763070512.552615
    },
    {
      "player": "square",
      "move": {
        "action": "move",
        "from": [
          4,
          3
        ],
        "to": [
          2,
          3
        ]
      },
      "state_index": 3,
      "timestamp": 1763070512.6176627
    },
    {
      "player": "circle",
      "move": {
        "action": "flip",
        "from": [
          0,
          9
        ],
        "to": [
          0,
          0
        ],
        "orientation": "vertical"
      },
      "state_index": 4,
      "timestamp": 1763070513.061237
    },
    {
      "player": "square",
      "move": {
        "action": "flip",
        "from": [
          3,
          3
        ],
        "to": [
          3,
          3
        ],
        "orientation": "vertical"
      },
      "state_index": 5,
      "timestamp": 1763070513.7309947
    },
    {
      "player": "circle",
      "move": {
        "action": "move",
        "from": [
          4,
          9
        ],
        "to": [
          0,
          5
        ]
      },
      "state_index": 6,
      "timestamp": 1763070514.5754516
    },
    {
      "player": "square",
      "move": {
        "action": "push",
        "from": [
          3,
          3
        ],
        "to": [
          2,
          3
        ],
        "pushed_to": [
          2,
          10
        ]
      },
      "state_index": 7,
      "timestamp": 1763070516.5067406
    },
    {
      "player": "circle",
      "move": {
        "action": "move",
        "from": [
          0,
          5
        ],
        "to": [
          0,
          4
        ]
      },
      "state_index": 8,
      "timestamp": 1763070517.4136343
    },
    {
      "player": "square",
      "move": {
        "action": "flip",
        "from": [
          2,
          10
        ],
        "to": [
          2,
          10
        ],
        "orientation": "horizontal"
      },
      "state_index": 9,
      "timestamp": 1763070518.8625433
    },
    {
      "player": "circle",
      "move": {
        "action": "move",
        "from": [
          0,
          4
        ],
        "to": [
          0,
          3
        ]
      },
      "state_index": 10,
      "timestamp": 1763070519.2683961
    },
    {
      "player": "square",
      "move": {
        "action": "move",
        "from": [
          2,
          10
        ],
        "to": [
          3,
          10
        ]
      },
      "state_index": 11,
      "timestamp": 1763070519.7787712
    },
    {
      "player": "circle",
      "move": {
        "action": "move",
        "from": [
          0,
          3
        ],
        "to": [
          0,
          2
        ]
      },
      "state_index": 12,
      "timestamp": 1763070521.0862765
    },
    {
      "player": "square",
      "move": {
        "action": "flip",
        "from": [
          9,
          3
        ],
        "to": [
          9,
          3
        ],
        "orientation": "vertical"
      },
      "state_index": 13,
      "timestamp": 1763070522.0945406
    },
    {
      "player": "circle",
      "move": {
        "action": "move",
        "from": [
          0,
          2
        ],
        "to": [
          1,
          2
        ]
      },
      "state_index": 14,
      "timestamp": 1763070522.9283793
    },
    {
      "player": "square",
      "move": {
        "action": "move",
        "from": [
          8,
          3
        ],
        "to": [
          9,
          11
        ]
      },
      "state_index": 15,
      "timestamp": 1763070525.3288183
    },
    {
      "player": "circle",
      "move": {
        "action": "move",
        "from": [
          1,
          2
        ],
        "to": [
          2,
          2
        ]
      },
      "state_index": 16,
      "timestamp": 1763070525.8164723
    },
    {
      "player": "square",
      "move": {
        "action": "flip",
        "from": [
          4,
          4
        ],
        "to": [
          4,
          4
        ],
        "orientation": "vertical"
      },
      "state_index": 17,
      "timestamp": 1763070527.3262408
    },
    {
      "player": "circle",
      "move": {
        "action": "move",
        "from": [
          2,
          2
        ],
        "to": [
          3,
          2
        ]
      },
      "state_index": 18,
      "timestamp": 1763070528.64342
    },
    {
      "player": "square",
      "move": {
        "action": "flip",
        "from": [
          6,
          3
        ],
        "to": [
          6,
          3
        ],
        "orientation": "horizontal"
      },
      "state_index": 19,
      "timestamp": 1763070531.7808466
    },
    {
      "player": "circle",
      "move": {
        "action": "move",
        "from": [
          3,
          2
        ],
        "to": [
          4,
          2
        ]
      },
      "state_index": 20,
      "timestamp": 1763070532.6196084
    },
    {
      "player": "square",
      "move": {
        "action": "flip",
        "from": [
          9,
          11
        ],
        "to": [
          9,
          11
        ],
        "orientation": "horizontal"
      },
      "state_index": 21,
      "timestamp": 1763070536.529906
    },
    {
      "player": "circle",
      "move": {
        "action": "move",
        "from": [
          8,
          8
        ],
        "to": [
          9,
          8
        ]
      },
      "state_index": 22,
      "timestamp": 1763070537.6366305
    },
    {
      "player": "square",
      "move": {
        "action": "flip",
        "from": [
          2,
          3
        ],
        "to": [
          2,
          3
        ],
        "orientation": "vertical"
      },
      "state_index": 23,
      "timestamp": 1763070542.9288218
    },
    {
      "player": "circle",
      "move": {
        "action": "move",
        "from": [
          9,
          8
        ],
        "to": [
          9,
          7
        ]
      },
      "state_index": 24,
      "timestamp": 1763070543.775122
    },
    {
      "player": "square",
      "move": {
        "action": "move",
        "from": [
          5,
          3
        ],
        "to": [
          2,
          10
        ]
      },
      "state_index": 25,
      "timestamp": 1763070546.4468193
    },
    {
      "player": "circle",
      "move": {
        "action": "move",
        "from": [
          4,
          8
        ],
        "to": [
          4,
          7
        ]
      },
      "state_index": 26,
      "timestamp": 1763070547.9888697
    },
    {
      "player": "square",
      "move": {
        "action": "move",
        "from": [
          2,
          10
        ],
        "to": [
          7,
          10
        ]
      },
      "state_index": 27,
      "timestamp": 1763070551.1700935
    },
    {
      "player": "circle",
      "move": {
        "action": "move",
        "from": [
          4,
          7
        ],
        "to": [
          4,
          6
        ]
      },
      "state_index": 28,
      "timestamp": 1763070551.913534
    },
    {
      "player": "square",
      "move": {
        "action": "move",
        "from": [
          6,
          4
        ],
        "to": [
          2,
          10
        ]
      },
      "state_index": 29,
      "timestamp": 1763070554.0347388
    },
    {
      "player": "circle",
      "move": {
        "action": "move",
        "from": [
          4,
          6
        ],
        "to": [
          4,
          5
        ]
      },
      "state_index": 30,
      "timestamp": 1763070554.9344246
    },
    {
      "player": "square",
      "move": {
        "action": "move",
        "from": [
          2,
          10
        ],
        "to": [
          6,
          10
        ]
      },
      "state_index": 31,
      "timestamp": 1763070558.232593
    },
    {
      "player": "circle",
      "move": {
        "action": "move",
        "from": [
          4,
          5
        ],
        "to": [
          4,
          3
        ]
      },
      "state_index": 32,
      "timestamp": 1763070558.7716572
    },
    {
      "player": "square",
      "move": {
        "action": "move",
        "from": [
          3,
          4
        ],
        "to": [
          4,
          10
        ]
      },
      "state_index": 33,
      "timestamp": 1763070560.9810114
    },
    {
      "player": "circle",
      "move": {
        "action": "move",
        "from": [
          4,
          3
        ],
        "to": [
          5,
          3
        ]
      },
      "state_index": 34,
      "timestamp": 1763070562.517159
    },
    {
      "player": "square",
      "move": {
        "action": "push",
        "from": [
          3,
          10
        ],
        "to": [
          4,
          10
        ],
        "pushed_to": [
          5,
          10
        ]
      },
      "state_index": 35,
      "timestamp": 1763070563.4996274
    }
  ]
}