{
  "metadata": {
    "rows": 13,
    "cols": 12,
    "timestamp": 1763092223.7434194,
    "version": "1.0",
    "winner": "square",
    "final_scores": {
      "circle": 0.0,
      "square": 100.0
    },
    "game_duration": 41.900113582611084
  },
  "states": [
    ".......................................aaaaaa......aaaaaa..........................................AAAAAA......BAAAAA.......................................",
    "...........................a............aaaaa......aaaaaa..........................................AAAAAA......BAAAAA.......................................",
    "...........................a............aaaaa......aaaaaa...........................................AAAAA...A..BAAAAA.......................................",
    "...........................a....a.......aaaa.......aaaaaa...........................................AAAAA...A..BAAAAA.......................................",
    "...........................a....a.......aaaa.......aaaaaa...........................................AAAAA...C..BAAAAA.......................................",
    "...........................a....a.......aaaa.......caaaaa...........................................AAAAA...C..BAAAAA.......................................",
    "...........................a....a.......aaaa.......caaaaa...A.......................................AAAAA...C..B.AAAA.......................................",
    "...........................a....a.......aaaa.......c.aaaa...A.......................................AAAAA...C..BaAAAA.......................................",
    "...........................a....a.......aaaa.......c.aaaa...A.......................................AAAAA...C..BaAAA.A......................................",
    "...........................a....a.......aaaa.......c.aaaa...A.......................................AAAAA...C..B.AAA.A......a...............................",
    "...........................a....a.......aaaa.......c.aaaa...A.......................................AAAAA...C..B.AAA.C......a...............................",
    "...........................a....a.......aaaa.......c.aaaa...A.......................................AAAAA...C..B.AAA.C.......a..............................",
    "...........................a....a.......aaaa.......c.aaaa...A.......................................AAAAA...C..B.AA.AC.......a..............................",
    "...........................a....a.......aaaa.......c.baaa...A.......................................AAAAA...C..B.AA.AC.......a..............................",
    "...........................a....a.......aaaa.......c.baaa...A.......................................AAAA.A..C..B.AA.AC.......a..............................",
    "...........................a....a.......aaaa.......c.b.aa...A.......................................AAAA.A..C..BaAA.AC.......a..............................",
    "...........................a....a.......aaaa.......c.b.aa...A................................A......AAAA....C..BaAA.AC.......a..............................",
    "...........................a....a.......aaaa.......c.b.aa...A................................A......AAAA....C..B.AA.AC......aa..............................",
    "...........................a....a.......aaaa.......c.b.aa...A................................A......AAA.A...C..B.AA.AC......aa..............................",
    "...........................a....a.......aaaa.......c.b.ca...A................................A......AAA.A...C..B.AA.AC......aa..............................",
    "...........................a....a.......aaaa.......c.b.ca...A.............................A..A......AAA.A...C..B.A..AC......aa..............................",
    "...........................a....a.......a.aa.......c.b.ca...A.............................A..A......AAA.A...C..B.A..AC......aa.a............................",
    "...........................a....a.......a.aa.......c.b.ca...A.............................A.A.......AAA.A...C..B.A..AC......aa.a............................",
    "...........................a....a.......a.aa.......c.b.ca...A.............................A.A.......AAA.A...C..B.A..AC......aaa.............................",
    "...........................a....a.......a.aa.......c.b.ca...A.............................A.A.......AAA..A..C..B.A..AC......aaa.............................",
    "...........................a....a.......a.a........c.b.ca...A.............................A.A.......AAA..A..C..B.A..AC......aaaa............................"
  ],
  "moves": [
    {
      "player": "circle",
      "move": {
        "action": "flip",
        "from": [
          3,
          9
        ],
        "to": [
          0,
          0
        ],
        "orientation": "horizontal"
      },
      "state_index": 0,
      "timestamp": 1763092247.3661358
    },
    {
      "player": "square",
      "move": {
        "action": "move",
        "from": [
          3,
          3
        ],
        "to": [
          3,
          2
        ]
      },
      "state_index": 1,
      "timestamp": 1763092247.8530948
    },
    {
      "player": "circle",
      "move": {
        "action": "move",
        "from": [
          3,
          8
        ],
        "to": [
          0,
          9
        ]
      },
      "state_index": 2,
      "timestamp": 1763092247.879101
    },
    {
      "player": "square",
      "move": {
        "action": "move",
        "from": [
          8,
          3
        ],
        "to": [
          8,
          2
        ]
      },
      "state_index": 3,
      "timestamp": 1763092248.3641336
    },
    {
      "player": "circle",
      "move": {
        "action": "flip",
        "from": [
          0,
          9
        ],
        "to": [
          0,
          0
        ],
        "orientation": "vertical"
      },
      "state_index": 4,
      "timestamp": 1763092248.3866103
    },
    {
      "player": "square",
      "move": {
        "action": "flip",
        "from": [
          3,
          4
        ],
        "orientation": "vertical"
      },
      "state_index": 5,
      "timestamp": 1763092248.9329307
    },
    {
      "player": "circle",
      "move": {
        "action": "move",
        "from": [
          4,
          9
        ],
        "to": [
          0,
          5
        ]
      },
      "state_index": 6,
      "timestamp": 1763092249.9026818
    },
    {
      "player": "square",
      "move": {
        "action": "move",
        "from": [
          4,
          4
        ],
        "to": [
          4,
          9
        ]
      },
      "state_index": 7,
      "timestamp": 1763092250.5094428
    },
    {
      "player": "circle",
      "move": {
        "action": "move",
        "from": [
          8,
          9
        ],
        "to": [
          9,
          9
        ]
      },
      "state_index": 8,
      "timestamp": 1763092252.1495657
    },
    {
      "player": "square",
      "move": {
        "action": "move",
        "from": [
          4,
          9
        ],
        "to": [
          4,
          10
        ]
      },
      "state_index": 9,
      "timestamp": 1763092253.0833921
    },
    {
      "player": "circle",
      "move": {
        "action": "flip",
        "from": [
          9,
          9
        ],
        "to": [
          0,
          0
        ],
        "orientation": "vertical"
      },
      "state_index": 10,
      "timestamp": 1763092254.3761666
    },
    {
      "player": "square",
      "move": {
        "action": "move",
        "from": [
          4,
          10
        ],
        "to": [
          5,
          10
        ]
      },
      "state_index": 11,
      "timestamp": 1763092254.6388905
    },
    {
      "player": "circle",
      "move": {
        "action": "move",
        "from": [
          7,
          9
        ],
        "to": [
          8,
          9
        ]
      },
      "state_index": 12,
      "timestamp": 1763092255.1369522
    },
    {
      "player": "square",
      "move": {
        "action": "flip",
        "from": [
          5,
          4
        ],
        "orientation": "horizontal"
      },
      "state_index": 13,
      "timestamp": 1763092255.1724963
    },
    {
      "player": "circle",
      "move": {
        "action": "move",
        "from": [
          8,
          8
        ],
        "to": [
          9,
          8
        ]
      },
      "state_index": 14,
      "timestamp": 1763092256.12133
    },
    {
      "player": "square",
      "move": {
        "action": "move",
        "from": [
          6,
          4
        ],
        "to": [
          4,
          9
        ]
      },
      "state_index": 15,
      "timestamp": 1763092256.7457945
    },
    {
      "player": "circle",
      "move": {
        "action": "move",
        "from": [
          9,
          8
        ],
        "to": [
          9,
          7
        ]
      },
      "state_index": 16,
      "timestamp": 1763092258.849245
    },
    {
      "player": "square",
      "move": {
        "action": "move",
        "from": [
          4,
          9
        ],
        "to": [
          4,
          10
        ]
      },
      "state_index": 17,
      "timestamp": 1763092260.02782
    },
    {
      "player": "circle",
      "move": {
        "action": "move",
        "from": [
          7,
          8
        ],
        "to": [
          8,
          8
        ]
      },
      "state_index": 18,
      "timestamp": 1763092260.4712622
    },
    {
      "player": "square",
      "move": {
        "action": "flip",
        "from": [
          7,
          4
        ],
        "orientation": "vertical"
      },
      "state_index": 19,
      "timestamp": 1763092260.686594
    },
    {
      "player": "circle",
      "move": {
        "action": "push",
        "from": [
          6,
          9
        ],
        "to": [
          6,
          8
        ],
        "pushed_to": [
          6,
          7
        ]
      },
      "state_index": 20,
      "timestamp": 1763092261.573546
    },
    {
      "player": "square",
      "move": {
        "action": "move",
        "from": [
          5,
          3
        ],
        "to": [
          7,
          10
        ]
      },
      "state_index": 21,
      "timestamp": 1763092262.3555992
    },
    {
      "player": "circle",
      "move": {
        "action": "move",
        "from": [
          9,
          7
        ],
        "to": [
          8,
          7
        ]
      },
      "state_index": 22,
      "timestamp": 1763092263.812045
    },
    {
      "player": "square",
      "move": {
        "action": "move",
        "from": [
          7,
          10
        ],
        "to": [
          6,
          10
        ]
      },
      "state_index": 23,
      "timestamp": 1763092264.0103781
    },
    {
      "player": "circle",
      "move": {
        "action": "move",
        "from": [
          8,
          8
        ],
        "to": [
          9,
          8
        ]
      },
      "state_index": 24,
      "timestamp": 1763092264.9350162
    },
    {
      "player": "square",
      "move": {
        "action": "move",
        "from": [
          7,
          3
        ],
        "to": [
          7,
          10
        ]
      },
      "state_index": 25,
      "timestamp": 1763092265.6434646
    }
  ]
}