{
  "metadata": {
    "rows": 13,
    "cols": 12,
    "timestamp": 1763067985.2066514,
    "version": "1.0",
    "winner": "circle",
    "final_scores": {
      "circle": 90.0,
      "square": 10.0
    },
    "game_duration": 112.91708564758301
  },
  "states": [
    ".......................................aaaaaa......aaaaaa..........................................AAAAAA......ABAAAA.......................................",
    ".......................................baaaaa......aaaaaa..........................................AAAAAA......ABAAAA.......................................",
    ".......................................baaaaa......aaaaaa..........................................AAAAAA......ABABAA.......................................",
    "....................................a..baaaaa.......aaaaa..........................................AAAAAA......ABABAA.......................................",
    "....................................a..baaaaa.......aaaaa..........................................AAAAAA......ABABBA.......................................",
    "....................................c..baaaaa.......aaaaa..........................................AAAAAA......ABABBA.......................................",
    "....................................c..baaaaa.......aaaaa..........................................AAAAAA......ABBBBA.......................................",
    "....................................c..b.aaaa.......aaaaa...........................a..............AAAAAA......ABBBBA.......................................",
    "....................................c..b.aaaa.......aaaaa...........................a..............AAAAAA......CBBBBA.......................................",
    "....................................c..b.aaaa.......aaaaa.......................................a..AAAAAA......CBBBBA.......................................",
    "....................................c..bAaaaa.......aaaaa.......................................a...AAAAA......CBBBBA.......................................",
    "....................................c..bAaaaa.......aaaaa...........................a...............AAAAA......CBBBBA.......................................",
    "............................A.......c..b.aaaa.......aaaaa...........................a...............AAAAA......CBBBBA.......................................",
    "............................A.......c..b.aaaa.......aaaaa.......................................a...AAAAA......CBBBBA.......................................",
    "............................A.......c..bBaaaa.......aaaaa.......................................a...AAAAA......C.BBBA.......................................",
    "............................A.......c..bBaaaa.......aaaaa...........................a...............AAAAA......C.BBBA.......................................",
    "............................A.A.....c..b.aaaa.......aaaaa...........................a...............AAAAA......C.BBBA.......................................",
    "............................A.A.....c..b.aaa........aaaaa...........a...............a...............AAAAA......C.BBBA.......................................",
    "............................A.A.....c..bBaaa........aaaaa...........a...............a...............AAAAA......C.B.BA.......................................",
    "............................A.A.....c..bBaaa........aaaaa...........a...a...........................AAAAA......C.B.BA.......................................",
    ".............................AA.....c..bBaaa........aaaaa...........a...a...........................AAAAA......C.B.BA.......................................",
    ".............................AA.....c..bBaaa........aaaaa...........a...............a...............AAAAA......C.B.BA.......................................",
    ".............................AA.....c.AbBaaa........aaaaa...........a...............a...............AAAAA......C.B.B........................................",
    ".............................AA.....c.AbBaaa........aaaaa...........a................a..............AAAAA......C.B.B........................................",
    "..........................A..AA.....c..bBaaa........aaaaa...........a................a..............AAAAA......C.B.B........................................",
    "..........................A..AA.....c..bBaaa........aaaaa...........a............................a..AAAAA......C.B.B........................................",
    "..........................A.BAA.....c..b.aaa........aaaaa...........a............................a..AAAAA......C.B.B........................................",
    "..........................A.BAA.....c..b.aaa........aaaaa...........a.............................a.AAAAA......C.B.B........................................",
    "..........................A.B.AA....c..b.aaa........aaaaa...........a.............................a.AAAAA......C.B.B........................................",
    "..........................A.B.AA....c..b.aaa........aaaaa...........a...............................AAAAA.....aC.B.B........................................",
    "...........................AB.AA....c..b.aaa........aaaaa...........a...............................AAAAA.....aC.B.B........................................",
    "...........................AB.AA....c..b.aaa........aaaaa...........a...............................AAAAA......C.B.B.......a................................",
    "............................BAAA....c..b.aaa........aaaaa...........a...............................AAAAA......C.B.B.......a................................",
    "............................BAAA....c..b.aaa........aaaaa...........a...............................AAAAA......C.B.B........a...............................",
    "............................AAAA....c..b.aaa........aaaaa...........a...............................AAAAA......C.B.B........a..............................."
  ],
  "moves": [
    {
      "player": "circle",
      "move": {
        "action": "flip",
        "from": [
          4,
          9
        ],
        "to": [
          4,
          9
        ],
        "orientation": "horizontal"
      },
      "state_index": 0,
      "timestamp": 1763068055.9720569
    },
    {
      "player": "square",
      "move": {
        "action": "flip",
        "from": [
          3,
          3
        ],
        "to": [
          0,
          0
        ],
        "orientation": "horizontal"
      },
      "state_index": 1,
      "timestamp": 1763068056.7387707
    },
    {
      "player": "circle",
      "move": {
        "action": "flip",
        "from": [
          6,
          9
        ],
        "to": [
          6,
          9
        ],
        "orientation": "horizontal"
      },
      "state_index": 2,
      "timestamp": 1763068057.5859344
    },
    {
      "player": "square",
      "move": {
        "action": "move",
        "from": [
          3,
          4
        ],
        "to": [
          0,
          3
        ]
      },
      "state_index": 3,
      "timestamp": 1763068058.2528179
    },
    {
      "player": "circle",
      "move": {
        "action": "flip",
        "from": [
          7,
          9
        ],
        "to": [
          7,
          9
        ],
        "orientation": "horizontal"
      },
      "state_index": 4,
      "timestamp": 1763068059.2051644
    },
    {
      "player": "square",
      "move": {
        "action": "flip",
        "from": [
          0,
          3
        ],
        "to": [
          0,
          0
        ],
        "orientation": "vertical"
      },
      "state_index": 5,
      "timestamp": 1763068059.7667358
    },
    {
      "player": "circle",
      "move": {
        "action": "flip",
        "from": [
          5,
          9
        ],
        "to": [
          5,
          9
        ],
        "orientation": "horizontal"
      },
      "state_index": 6,
      "timestamp": 1763068060.955147
    },
    {
      "player": "square",
      "move": {
        "action": "move",
        "from": [
          4,
          3
        ],
        "to": [
          0,
          7
        ]
      },
      "state_index": 7,
      "timestamp": 1763068061.280412
    },
    {
      "player": "circle",
      "move": {
        "action": "flip",
        "from": [
          3,
          9
        ],
        "to": [
          3,
          9
        ],
        "orientation": "vertical"
      },
      "state_index": 8,
      "timestamp": 1763068061.746544
    },
    {
      "player": "square",
      "move": {
        "action": "move",
        "from": [
          0,
          7
        ],
        "to": [
          0,
          8
        ]
      },
      "state_index": 9,
      "timestamp": 1763068063.1221876
    },
    {
      "player": "circle",
      "move": {
        "action": "move",
        "from": [
          3,
          8
        ],
        "to": [
          4,
          3
        ]
      },
      "state_index": 10,
      "timestamp": 1763068063.7799182
    },
    {
      "player": "square",
      "move": {
        "action": "move",
        "from": [
          0,
          8
        ],
        "to": [
          0,
          7
        ]
      },
      "state_index": 11,
      "timestamp": 1763068066.0168343
    },
    {
      "player": "circle",
      "move": {
        "action": "move",
        "from": [
          4,
          3
        ],
        "to": [
          4,
          2
        ]
      },
      "state_index": 12,
      "timestamp": 1763068066.916459
    },
    {
      "player": "square",
      "move": {
        "action": "move",
        "from": [
          0,
          7
        ],
        "to": [
          0,
          8
        ]
      },
      "state_index": 13,
      "timestamp": 1763068068.6467981
    },
    {
      "player": "circle",
      "move": {
        "action": "move",
        "from": [
          4,
          9
        ],
        "to": [
          4,
          3
        ]
      },
      "state_index": 14,
      "timestamp": 1763068070.1425781
    },
    {
      "player": "square",
      "move": {
        "action": "move",
        "from": [
          0,
          8
        ],
        "to": [
          0,
          7
        ]
      },
      "state_index": 15,
      "timestamp": 1763068072.3116643
    },
    {
      "player": "circle",
      "move": {
        "action": "push",
        "from": [
          4,
          3
        ],
        "to": [
          4,
          2
        ],
        "pushed_to": [
          6,
          2
        ]
      },
      "state_index": 16,
      "timestamp": 1763068073.3173711
    },
    {
      "player": "square",
      "move": {
        "action": "push",
        "from": [
          8,
          3
        ],
        "to": [
          8,
          4
        ],
        "pushed_to": [
          8,
          5
        ]
      },
      "state_index": 17,
      "timestamp": 1763068074.9617896
    },
    {
      "player": "circle",
      "move": {
        "action": "move",
        "from": [
          6,
          9
        ],
        "to": [
          4,
          3
        ]
      },
      "state_index": 18,
      "timestamp": 1763068076.467242
    },
    {
      "player": "square",
      "move": {
        "action": "move",
        "from": [
          0,
          7
        ],
        "to": [
          0,
          6
        ]
      },
      "state_index": 19,
      "timestamp": 1763068078.3231225
    },
    {
      "player": "circle",
      "move": {
        "action": "move",
        "from": [
          4,
          2
        ],
        "to": [
          5,
          2
        ]
      },
      "state_index": 20,
      "timestamp": 1763068079.6562288
    },
    {
      "player": "square",
      "move": {
        "action": "move",
        "from": [
          0,
          6
        ],
        "to": [
          0,
          7
        ]
      },
      "state_index": 21,
      "timestamp": 1763068081.0494776
    },
    {
      "player": "circle",
      "move": {
        "action": "move",
        "from": [
          8,
          9
        ],
        "to": [
          2,
          3
        ]
      },
      "state_index": 22,
      "timestamp": 1763068081.9910817
    },
    {
      "player": "square",
      "move": {
        "action": "move",
        "from": [
          0,
          7
        ],
        "to": [
          1,
          7
        ]
      },
      "state_index": 23,
      "timestamp": 1763068083.3614311
    },
    {
      "player": "circle",
      "move": {
        "action": "move",
        "from": [
          2,
          3
        ],
        "to": [
          2,
          2
        ]
      },
      "state_index": 24,
      "timestamp": 1763068084.088897
    },
    {
      "player": "square",
      "move": {
        "action": "move",
        "from": [
          1,
          7
        ],
        "to": [
          1,
          8
        ]
      },
      "state_index": 25,
      "timestamp": 1763068086.5525951
    },
    {
      "player": "circle",
      "move": {
        "action": "move",
        "from": [
          4,
          3
        ],
        "to": [
          4,
          2
        ]
      },
      "state_index": 26,
      "timestamp": 1763068087.1543257
    },
    {
      "player": "square",
      "move": {
        "action": "move",
        "from": [
          1,
          8
        ],
        "to": [
          2,
          8
        ]
      },
      "state_index": 27,
      "timestamp": 1763068088.819193
    },
    {
      "player": "circle",
      "move": {
        "action": "push",
        "from": [
          5,
          2
        ],
        "to": [
          6,
          2
        ],
        "pushed_to": [
          7,
          2
        ]
      },
      "state_index": 28,
      "timestamp": 1763068090.241617
    },
    {
      "player": "square",
      "move": {
        "action": "move",
        "from": [
          2,
          8
        ],
        "to": [
          2,
          9
        ]
      },
      "state_index": 29,
      "timestamp": 1763068090.7358658
    },
    {
      "player": "circle",
      "move": {
        "action": "move",
        "from": [
          2,
          2
        ],
        "to": [
          3,
          2
        ]
      },
      "state_index": 30,
      "timestamp": 1763068091.402561
    },
    {
      "player": "square",
      "move": {
        "action": "move",
        "from": [
          2,
          9
        ],
        "to": [
          3,
          10
        ]
      },
      "state_index": 31,
      "timestamp": 1763068095.444363
    },
    {
      "player": "circle",
      "move": {
        "action": "move",
        "from": [
          3,
          2
        ],
        "to": [
          5,
          2
        ]
      },
      "state_index": 32,
      "timestamp": 1763068096.6128461
    },
    {
      "player": "square",
      "move": {
        "action": "move",
        "from": [
          3,
          10
        ],
        "to": [
          4,
          10
        ]
      },
      "state_index": 33,
      "timestamp": 1763068097.7577522
    },
    {
      "player": "circle",
      "move": {
        "action": "flip",
        "from": [
          4,
          2
        ],
        "to": [
          4,
          2
        ],
        "orientation": null
      },
      "state_index": 34,
      "timestamp": 1763068098.1235917
    }
  ]
}