{
  "metadata": {
    "rows": 13,
    "cols": 12,
    "timestamp": 1763118091.5245452,
    "version": "1.0",
    "winner": "square",
    "final_scores": {
      "circle": 20.0,
      "square": 80.0
    },
    "game_duration": 70.75599837303162
  },
  "states": [
    ".......................................aaaaaa......aaaaaa..........................................AAAACA......AAAAAA.......................................",
    "...........................a............aaaaa......aaaaaa..........................................AAAACA......AAAAAA.......................................",
    "...........................a............aaaaa......aaaaaa.................................A........AAAACA......AAA.AA.......................................",
    "...........................a....a.......aaaa.......aaaaaa.................................A........AAAACA......AAA.AA.......................................",
    "...........................a....a.......aaaa.......aaaaaa.................................A........ACAACA......AAA.AA.......................................",
    "...........................a....a.......aaaa.......caaaaa.................................A........ACAACA......AAA.AA.......................................",
    "...........................a....a.......aaaa.......caaaaa.......A.........................A........ACAACA......A.A.AA.......................................",
    "...........................a....a.......aaaa.......c.aaaa.......A......................a..A........ACAACA......A.A.AA.......................................",
    "...........................a....a.......aaaa.......c.aaaa.......B......................a..A........ACAACA......A.A.AA.......................................",
    "...........................a....a.......aaaa.......c.aaaa.......B.......................a.A........ACAACA......A.A.AA.......................................",
    "...........................a....a.......aaaa.......c.aaaa.......BA......................a.A........A.AACA......A.A.AA.......................................",
    "...........................a....a.......aaaa.......c.aaaa.......BA......................c.A........A.AACA......A.A.AA.......................................",
    "...........................a....a.......aaaa.......c.aaaa.......BA......................c.A........C.AACA......A.A.AA.......................................",
    "...........................a....a.......aaaa.......c.baaa.......BA......................c.A........C.AACA......A.A.AA.......................................",
    "...........................a....a.......aaaa.......c.baaa........A....A.................c.A........C.AACA......A.A.AA.......................................",
    "...........................a....a.......aaaa........cbaaa........A....A.................c.A........C.AACA......A.A.AA.......................................",
    "...........................a....a.......aaaa........cbaaa.......A.....A.................c.A........C.AACA......A.A.AA.......................................",
    "...........................a....a.......aaaa........ccaaa.......A.....A.................c.A........C.AACA......A.A.AA.......................................",
    "...........................a....a.......aaaa........ccaaa.......A.....C.................c.A........C.AACA......A.A.AA.......................................",
    "...........................a....a.......aaaa........cc.aa.......A.....C.................caA........C.AACA......A.A.AA.......................................",
    "...........................a....a.......aaaa........cc.aa.......A.....C.......A.........caA........C.A.CA......A.A.AA.......................................",
    "...........................a....a.......aaaa........cc.aa.......A.....C.......A.........c.A........C.A.CA......A.A.AA.......a...............................",
    "...........................a....a.......aaaa........cc.aa.......A.....C.......A.........c.A.A......C.A.CA......A.A.A........a...............................",
    "...........................a....a.......aaaa........cc.aa.......A.....C.......A.........c.A.A......C.A.CA......A.A.A.........a..............................",
    "...........................a....a.......aaaa........cc.aa.......A.....C.......B.........c.A.A......C.A.CA......A.A.A.........a..............................",
    "...........................a....a.......aaaa........c..aa.......A.....C.......B.........caA.A......C.A.CA......A.A.A.........a..............................",
    "...........................a....a......Aaaaa........c..aa.......A.....C.......B.........caA.A........A.CA......A.A.A.........a..............................",
    "...........................a....a......Aaaaa........c..aa.......A.....C.......B.........c.A.A........A.CA......A.A.A........aa..............................",
    "...........................a....a......Aaaaa........c..aa.......A..A..C.......B.........c.A.A........A..A......A.A.A........aa..............................",
    "...........................a....a......Aaaaa........c..aa.......A..A..C.......B.........c.A.A........A..A......A.A.A.........aa.............................",
    "...........................a....a......Aaaaa........c..aa.......A..A..C.......B.........c.A.A........A..A......A..AA.........aa.............................",
    "...........................a....a......Aacaa........c..aa.......A..A..C.......B.........c.A.A........A..A......A..AA.........aa.............................",
    "...........................a....a.....A.acaa........c..aa.......A..A..C.......B.........c.A.A........A..A......A..AA.........aa.............................",
    "...........................a....a.....A..caa........c..aa.......A..A..C.......B.........caA.A........A..A......A..AA.........aa.............................",
    "...........................aA...a.....A..caa........c..aa..........A..C.......B.........caA.A........A..A......A..AA.........aa.............................",
    "...........................aA...a.....A..caa........c..aa..........A..C.......B.........c.A.A........A..A......A..AA........aaa.............................",
    "...........................a.A..a.....A..caa........c..aa..........A..C.......B.........c.A.A........A..A......A..AA........aaa.............................",
    "...........................a.A..a.....A..caa........a..aa..........A..C.......B.........c.A.A........A..A......A..AA........aaa.............................",
    "...........................a.A..a.....A..caa........a..aa..........A..C.......B.........c.A.A........AA.A......A...A........aaa.............................",
    "...........................a.A..a.....A...aa........a..aa..........A..C.......B...a.....c.A.A........AA.A......A...A........aaa.............................",
    "...........................a.A..a.....A...aa........a..aa..........A..C.......B...a.....c.A.A........CA.A......A...A........aaa.............................",
    "...........................a.A..a.....A...aa........a..aa..........A..C.......B...a.....c.A.A........CA.A......A...A........a.aa............................",
    "...........................aA...a.....A...aa........a..aa..........A..C.......B...a.....c.A.A........CA.A......A...A........a.aa............................",
    "...........................aA...a.....A..aa.........a..aa..........A..C.......B...a.....c.A.A........CA.A......A...A........a.aa............................",
    "...........................aA...a.....A..aa.........a..aa..........A..A.......B...a.....c.A.A........CA.A......A...A........a.aa............................",
    "...........................aA...a.....A..ca.........a..aa..........A..A.......B...a.....c.A.A........CA.A......A...A........a.aa............................",
    "...........................aAA..a.....A..ca.........a..aa..........A..A.......B...a.....c.A.A........C..A......A...A........a.aa............................",
    "...........................aAA..a.....A..c..........a..aa..........A..A.......B...a.....c.A.A........C..A......A...A........aaaa............................"
  ],
  "moves": [
    {
      "player": "circle",
      "move": {
        "action": "flip",
        "from": [
          7,
          8
        ],
        "to": [
          0,
          0
        ],
        "orientation": "vertical"
      },
      "state_index": 0,
      "timestamp": 1763118099.8845272
    },
    {
      "player": "square",
      "move": {
        "action": "move",
        "from": [
          3,
          3
        ],
        "to": [
          3,
          2
        ]
      },
      "state_index": 1,
      "timestamp": 1763118100.8427894
    },
    {
      "player": "circle",
      "move": {
        "action": "push",
        "from": [
          6,
          9
        ],
        "to": [
          6,
          8
        ],
        "pushed_to": [
          6,
          7
        ]
      },
      "state_index": 2,
      "timestamp": 1763118101.9116113
    },
    {
      "player": "square",
      "move": {
        "action": "move",
        "from": [
          8,
          3
        ],
        "to": [
          8,
          2
        ]
      },
      "state_index": 3,
      "timestamp": 1763118102.3568797
    },
    {
      "player": "circle",
      "move": {
        "action": "flip",
        "from": [
          4,
          8
        ],
        "to": [
          0,
          0
        ],
        "orientation": "vertical"
      },
      "state_index": 4,
      "timestamp": 1763118103.1230469
    },
    {
      "player": "square",
      "move": {
        "action": "flip",
        "from": [
          3,
          4
        ],
        "orientation": "vertical"
      },
      "state_index": 5,
      "timestamp": 1763118103.8980737
    },
    {
      "player": "circle",
      "move": {
        "action": "move",
        "from": [
          4,
          9
        ],
        "to": [
          4,
          5
        ]
      },
      "state_index": 6,
      "timestamp": 1763118106.744248
    },
    {
      "player": "square",
      "move": {
        "action": "move",
        "from": [
          4,
          4
        ],
        "to": [
          3,
          7
        ]
      },
      "state_index": 7,
      "timestamp": 1763118107.4600742
    },
    {
      "player": "circle",
      "move": {
        "action": "flip",
        "from": [
          4,
          5
        ],
        "to": [
          0,
          0
        ],
        "orientation": "horizontal"
      },
      "state_index": 8,
      "timestamp": 1763118109.0106602
    },
    {
      "player": "square",
      "move": {
        "action": "move",
        "from": [
          3,
          7
        ],
        "to": [
          4,
          7
        ]
      },
      "state_index": 9,
      "timestamp": 1763118110.01784
    },
    {
      "player": "circle",
      "move": {
        "action": "push",
        "from": [
          4,
          8
        ],
        "to": [
          5,
          8
        ],
        "pushed_to": [
          5,
          5
        ]
      },
      "state_index": 10,
      "timestamp": 1763118112.112451
    },
    {
      "player": "square",
      "move": {
        "action": "flip",
        "from": [
          4,
          7
        ],
        "orientation": "vertical"
      },
      "state_index": 11,
      "timestamp": 1763118114.5345201
    },
    {
      "player": "circle",
      "move": {
        "action": "flip",
        "from": [
          3,
          8
        ],
        "to": [
          0,
          0
        ],
        "orientation": "vertical"
      },
      "state_index": 12,
      "timestamp": 1763118118.0269945
    },
    {
      "player": "square",
      "move": {
        "action": "flip",
        "from": [
          5,
          4
        ],
        "orientation": "horizontal"
      },
      "state_index": 13,
      "timestamp": 1763118118.0715456
    },
    {
      "player": "circle",
      "move": {
        "action": "push",
        "from": [
          4,
          5
        ],
        "to": [
          5,
          5
        ],
        "pushed_to": [
          10,
          5
        ]
      },
      "state_index": 14,
      "timestamp": 1763118121.3118255
    },
    {
      "player": "square",
      "move": {
        "action": "move",
        "from": [
          3,
          4
        ],
        "to": [
          4,
          4
        ]
      },
      "state_index": 15,
      "timestamp": 1763118121.6453812
    },
    {
      "player": "circle",
      "move": {
        "action": "move",
        "from": [
          5,
          5
        ],
        "to": [
          4,
          5
        ]
      },
      "state_index": 16,
      "timestamp": 1763118124.561373
    },
    {
      "player": "square",
      "move": {
        "action": "rotate",
        "from": [
          5,
          4
        ]
      },
      "state_index": 17,
      "timestamp": 1763118125.1990173
    },
    {
      "player": "circle",
      "move": {
        "action": "flip",
        "from": [
          10,
          5
        ],
        "to": [
          0,
          0
        ],
        "orientation": "vertical"
      },
      "state_index": 18,
      "timestamp": 1763118128.0224476
    },
    {
      "player": "square",
      "move": {
        "action": "move",
        "from": [
          6,
          4
        ],
        "to": [
          5,
          7
        ]
      },
      "state_index": 19,
      "timestamp": 1763118128.7755659
    },
    {
      "player": "circle",
      "move": {
        "action": "push",
        "from": [
          6,
          8
        ],
        "to": [
          6,
          7
        ],
        "pushed_to": [
          6,
          6
        ]
      },
      "state_index": 20,
      "timestamp": 1763118131.2488184
    },
    {
      "player": "square",
      "move": {
        "action": "move",
        "from": [
          5,
          7
        ],
        "to": [
          4,
          10
        ]
      },
      "state_index": 21,
      "timestamp": 1763118131.3285108
    },
    {
      "player": "circle",
      "move": {
        "action": "push",
        "from": [
          8,
          9
        ],
        "to": [
          8,
          8
        ],
        "pushed_to": [
          8,
          7
        ]
      },
      "state_index": 22,
      "timestamp": 1763118133.5567195
    },
    {
      "player": "square",
      "move": {
        "action": "move",
        "from": [
          4,
          10
        ],
        "to": [
          5,
          10
        ]
      },
      "state_index": 23,
      "timestamp": 1763118133.8874521
    },
    {
      "player": "circle",
      "move": {
        "action": "flip",
        "from": [
          6,
          6
        ],
        "to": [
          0,
          0
        ],
        "orientation": "horizontal"
      },
      "state_index": 24,
      "timestamp": 1763118135.310283
    },
    {
      "player": "square",
      "move": {
        "action": "push",
        "from": [
          5,
          4
        ],
        "to": [
          5,
          3
        ],
        "pushed_to": [
          5,
          7
        ]
      },
      "state_index": 25,
      "timestamp": 1763118135.4413204
    },
    {
      "player": "circle",
      "move": {
        "action": "push",
        "from": [
          3,
          8
        ],
        "to": [
          3,
          9
        ],
        "pushed_to": [
          3,
          3
        ]
      },
      "state_index": 26,
      "timestamp": 1763118137.026434
    },
    {
      "player": "square",
      "move": {
        "action": "move",
        "from": [
          5,
          7
        ],
        "to": [
          4,
          10
        ]
      },
      "state_index": 27,
      "timestamp": 1763118138.013812
    },
    {
      "player": "circle",
      "move": {
        "action": "push",
        "from": [
          7,
          8
        ],
        "to": [
          7,
          9
        ],
        "pushed_to": [
          7,
          5
        ]
      },
      "state_index": 28,
      "timestamp": 1763118139.409724
    },
    {
      "player": "square",
      "move": {
        "action": "push",
        "from": [
          4,
          10
        ],
        "to": [
          5,
          10
        ],
        "pushed_to": [
          6,
          10
        ]
      },
      "state_index": 29,
      "timestamp": 1763118139.620429
    },
    {
      "player": "circle",
      "move": {
        "action": "move",
        "from": [
          5,
          9
        ],
        "to": [
          6,
          9
        ]
      },
      "state_index": 30,
      "timestamp": 1763118140.5938065
    },
    {
      "player": "square",
      "move": {
        "action": "flip",
        "from": [
          5,
          3
        ],
        "orientation": "vertical"
      },
      "state_index": 31,
      "timestamp": 1763118141.23272
    },
    {
      "player": "circle",
      "move": {
        "action": "move",
        "from": [
          3,
          3
        ],
        "to": [
          2,
          3
        ]
      },
      "state_index": 32,
      "timestamp": 1763118143.8308022
    },
    {
      "player": "square",
      "move": {
        "action": "move",
        "from": [
          4,
          3
        ],
        "to": [
          5,
          7
        ]
      },
      "state_index": 33,
      "timestamp": 1763118144.8365412
    },
    {
      "player": "circle",
      "move": {
        "action": "move",
        "from": [
          4,
          5
        ],
        "to": [
          4,
          2
        ]
      },
      "state_index": 34,
      "timestamp": 1763118145.6476812
    },
    {
      "player": "square",
      "move": {
        "action": "move",
        "from": [
          5,
          7
        ],
        "to": [
          4,
          10
        ]
      },
      "state_index": 35,
      "timestamp": 1763118146.5637493
    },
    {
      "player": "circle",
      "move": {
        "action": "move",
        "from": [
          4,
          2
        ],
        "to": [
          5,
          2
        ]
      },
      "state_index": 36,
      "timestamp": 1763118150.532482
    },
    {
      "player": "square",
      "move": {
        "action": "flip",
        "from": [
          4,
          4
        ]
      },
      "state_index": 37,
      "timestamp": 1763118151.1838846
    },
    {
      "player": "circle",
      "move": {
        "action": "move",
        "from": [
          6,
          9
        ],
        "to": [
          6,
          8
        ]
      },
      "state_index": 38,
      "timestamp": 1763118153.008383
    },
    {
      "player": "square",
      "move": {
        "action": "push",
        "from": [
          5,
          3
        ],
        "to": [
          6,
          3
        ],
        "pushed_to": [
          10,
          6
        ]
      },
      "state_index": 39,
      "timestamp": 1763118153.8224194
    },
    {
      "player": "circle",
      "move": {
        "action": "flip",
        "from": [
          5,
          8
        ],
        "to": [
          0,
          0
        ],
        "orientation": "vertical"
      },
      "state_index": 40,
      "timestamp": 1763118155.5441883
    },
    {
      "player": "square",
      "move": {
        "action": "push",
        "from": [
          5,
          10
        ],
        "to": [
          6,
          10
        ],
        "pushed_to": [
          7,
          10
        ]
      },
      "state_index": 41,
      "timestamp": 1763118156.4659224
    },
    {
      "player": "circle",
      "move": {
        "action": "move",
        "from": [
          5,
          2
        ],
        "to": [
          4,
          2
        ]
      },
      "state_index": 42,
      "timestamp": 1763118157.3404863
    },
    {
      "player": "square",
      "move": {
        "action": "push",
        "from": [
          7,
          3
        ],
        "to": [
          6,
          3
        ],
        "pushed_to": [
          5,
          3
        ]
      },
      "state_index": 43,
      "timestamp": 1763118158.0948043
    },
    {
      "player": "circle",
      "move": {
        "action": "flip",
        "from": [
          10,
          5
        ],
        "to": [
          0,
          0
        ],
        "orientation": ""
      },
      "state_index": 44,
      "timestamp": 1763118159.3984253
    },
    {
      "player": "square",
      "move": {
        "action": "flip",
        "from": [
          5,
          3
        ],
        "orientation": "vertical"
      },
      "state_index": 45,
      "timestamp": 1763118159.6973963
    },
    {
      "player": "circle",
      "move": {
        "action": "move",
        "from": [
          6,
          8
        ],
        "to": [
          5,
          2
        ]
      },
      "state_index": 46,
      "timestamp": 1763118161.2717924
    },
    {
      "player": "square",
      "move": {
        "action": "move",
        "from": [
          6,
          3
        ],
        "to": [
          5,
          10
        ]
      },
      "state_index": 47,
      "timestamp": 1763118162.2803404
    }
  ]
}